forecast,actual,error,bust_label
7.902273755360204,7.711108775304591,0.19116498005561322,0
27.652002927919884,26.946224302104948,0.7057786258149363,0
12.877326201863877,11.185272698548664,1.692053503315213,0
11.323976673786502,12.628473036858106,1.3044963630716033,0
34.212630668498214,32.707796393265724,1.50483427523249,0
16.459955327718557,20.832351486287997,4.37239615856944,0
7.612237953522175,7.0655677627612885,0.5466701907608869,0
26.899367173216802,23.629646212234398,3.2697209609824043,0
31.467013571706058,35.44206247380838,3.975048902102319,0
5.311969093216823,3.573781917016409,1.7381871762004142,0
18.667535290514863,21.46489125658321,2.7973559660683485,0
19.981334995649465,18.551704949192107,1.4296300464573584,0
21.76309701691524,21.746678984259614,0.01641803265562558,0
17.318968468290286,17.368095059583414,0.049126591293127575,0
13.013127593219874,12.596771400249859,0.41635619297001547,0
33.09111055437181,33.59598943429036,0.5048788799185502,0
21.49297017638945,19.57563269231034,1.917337484079109,0
11.412689343175455,16.01670206810678,4.6040127249313265,0
20.076426482048316,21.247636127884956,1.1712096458366403,0
22.50579450465114,20.078664984084682,2.4271295205664565,0
9.33747305730533,13.728482982032057,4.391009924726728,0
13.471551073724669,12.327445122227601,1.1441059514970675,0
19.58255331776374,19.61977366054393,0.03722034278019137,0
30.77451271858838,31.4520851160375,0.6775723974491221,0
19.020411491514736,18.252223184797504,0.7681883067172315,0
22.868470104415504,20.47211989152038,2.3963502128951255,0
19.537584244346178,21.14917569936151,1.6115914550153327,0
27.198733641514206,24.420157701948565,2.7785759395656413,0
12.382807823066688,11.682683281250554,0.7001245418161339,0
27.02723896312609,25.319369908315096,1.7078690548109954,0
17.6924976697483,17.093070865804727,0.5994268039435724,0
6.273219911734163,6.983030789998194,0.7098108782640313,0
21.379635314868455,18.30531997073756,3.074315344130895,0
23.889056860075534,21.87729451107321,2.011762349002325,0
6.369402631759442,4.249892139150787,2.119510492608655,0
6.71728542836631,7.8461866375500176,1.1289012091837076,0
33.201428375432855,29.466575815626175,3.7348525598066793,0
33.491090485284744,32.40593487010601,1.085155615178735,0
23.912448997092177,25.197735732685125,1.2852867355929476,0
15.589321181391352,14.940865948505161,0.6484552328861906,0
34.86630105583153,36.53358201317847,1.6672809573469394,0
11.092846331279743,10.123224428589712,0.9696219026900312,0
6.241348038278234,8.219427780450735,1.9780797421725005,0
22.690997906196788,20.668268866403068,2.0227290397937203,0
13.794516640107728,15.382372184934233,1.587855544826505,0
19.01139313075484,18.512051012621036,0.4993421181338036,0
32.50814840125223,29.616097567622,2.892050833630229,0
12.267192667448928,12.520361762778958,0.25316909533002985,0
32.248491418951566,31.584359593954158,0.6641318249974084,0
15.282980814244572,18.060342804774805,2.777361990530233,0
5.888220434469017,0.5908188890064876,5.297401545462529,1
19.282426694024473,17.387621265761883,1.8948054282625897,0
25.087831826327164,22.933238456379133,2.1545933699480315,0
10.666291102030044,10.877197743594234,0.2109066415641898,0
11.106998782641803,11.709987568906822,0.6029887862650192,0
5.988971829282459,4.134183504042797,1.854788325239662,0
32.045188961491974,33.51394900797015,1.4687600464781738,0
14.673675618141383,12.758961451914994,1.9147141662263891,0
17.13269740830785,20.415600810892183,3.282903402584335,0
9.91662797068866,13.102993210882177,3.186365240193517,0
20.224901115637874,23.661409294450245,3.436508178812371,0
6.277542071092669,5.163144581692111,1.1143974894005577,0
20.35482085154605,20.578357424203176,0.22353657265712457,0
17.96928333007115,16.201843950895423,1.7674393791757268,0
24.211732498832575,24.383982900903494,0.1722504020709188,0
32.12542427524885,34.75930427013341,2.633879994884566,0
28.77146876090566,28.628683666938255,0.14278509396740446,0
20.00587637016275,18.595640500423084,1.4102358697396653,0
34.90817994591811,30.23210804640104,4.676071899517066,0
29.98817142275954,29.243064611682403,0.7451068110771359,0
12.802812059365225,13.535721287947247,0.732909228582022,0
10.503705351870861,11.03136358095383,0.5276582290829683,0
14.61159531892522,15.065710367053812,0.4541150481285925,0
20.72938007634096,19.986840594429378,0.7425394819115816,0
27.606772992260762,28.416585243151772,0.8098122508910102,0
8.590775261004032,7.735855843497827,0.8549194175062045,0
33.24164607194895,33.87205474941201,0.6304086774630591,0
19.357195421352625,17.64152202702126,1.7156733943313647,0
25.05850502779836,26.95233155189403,1.8938265240956689,0
23.742235090545392,25.004956520746095,1.2627214302007026,0
5.10737449276903,2.4148519079433215,2.6925225848257086,0
33.78903394414047,36.749012526962204,2.9599785828217335,0
22.965611167655286,23.839441164584372,0.8738299969290857,0
24.11674134009218,24.895397461676094,0.7786561215839143,0
12.928063875556424,13.930442092232278,1.0023782166758544,0
18.73766161422057,17.774168236083216,0.963493378137354,0
23.13190257584731,25.469773077186296,2.337870501338987,0
9.985651915211267,12.395367728438824,2.4097158132275567,0
21.91820946176336,24.129614501968835,2.2114050402054737,0
9.42982382968276,7.595772299836561,1.8340515298461995,0
5.821408738989184,1.818813285407816,4.002595453581368,0
24.01950278570905,22.229716103742682,1.789786681966369,0
27.860667829423043,27.454774225471667,0.40589360395137675,0
18.193988135764528,17.081603228601598,1.1123849071629301,0
30.83698735897497,32.15910801258688,1.3221206536119077,0
16.253385763507268,17.852483627642254,1.5990978641349862,0
5.292340746308257,5.767931710296418,0.4755909639881608,0
7.375966539847626,7.562151509978942,0.18618497013131563,0
26.59791435984606,23.702958882490943,2.8949554773551185,0
26.24037315869645,26.815394564184725,0.5750214054882754,0
31.828083861807755,29.275905650431397,2.552178211376358,0
24.73456971913259,27.576470053758314,2.8419003346257234,0
18.569721831575517,16.705511423667662,1.864210407907855,0
12.177508615691295,12.566252845995166,0.38874423030387106,0
15.803545988675031,16.288289009027945,0.48474302035291394,0
12.218842462931294,12.369164285834952,0.15032182290365803,0
22.7810349215011,19.843623849013575,2.9374110724875244,0
25.5236680202056,27.463552643162735,1.939884622957134,0
30.882449757844306,33.45468313264419,2.572233374799886,0
15.099237807211614,16.711829513309446,1.6125917060978328,0
5.81361173686986,5.843230596542009,0.029618859672148723,0
24.696787150092145,22.87762648737692,1.8191606627152268,0
19.059922468175735,23.073283350237194,4.013360882061459,0
21.882739666623394,20.65809005942411,1.2246496071992823,0
10.053955090086415,10.388301674533333,0.33434658444691756,0
5.109501496538817,6.3195743056439735,1.2100728091051565,0
33.97510524835029,32.2767578962311,1.6983473521191854,0
12.204693265040714,11.973695698723951,0.23099756631676271,0
6.823923313932663,8.799797996614126,1.9758746826814635,0
9.742380755603698,10.07880269495537,0.33642193935167164,0
10.581030932243841,11.37981032882965,0.7987793965858092,0
28.225030852543004,29.61657459073958,1.391543738196578,0
19.09327284329455,19.074112155485082,0.019160687809467447,0
16.813255526211282,16.50884344581319,0.304412080398091,0
31.434942229313062,29.152246068678625,2.282696160634437,0
13.316783523647267,13.595500890488532,0.27871736684126525,0
15.077904246577274,15.369855947271873,0.2919517006945984,0
11.10963149433543,8.803113930991204,2.306517563344226,0
28.58173022785172,26.517519091429904,2.0642111364218145,0
15.988823780509943,21.255983395151134,5.267159614641191,1
25.98218795230669,24.349571831714147,1.632616120592541,0
27.533879353968338,27.045871514291136,0.48800783967720207,0
18.937003245429874,21.117641438300794,2.1806381928709193,0
7.594520835591982,4.1072455988345675,3.487275236757415,0
24.304607090221275,20.52771943384904,3.776887656372235,0
27.93764016019078,26.79956389858301,1.1380762616077718,0
20.531095354290613,20.356775855680567,0.17431949861004625,0
7.5816073510035125,8.194372259576324,0.612764908572812,0
19.965979249207383,20.123292362044378,0.15731311283699512,0
30.901690442847315,29.879100372264556,1.0225900705827584,0
25.098538711320753,24.70733480991462,0.3912039014061328,0
25.96840306938776,24.71076186925238,1.2576412001353816,0
31.60178329610409,30.222297887454918,1.379485408649174,0
25.88141001632488,22.789899562010287,3.0915104543145944,0
15.998205860716908,19.53785285635378,3.539646995636872,0
8.614320932768269,10.68275219980774,2.0684312670394718,0
15.001100709457534,17.79273126685776,2.791630557400227,0
9.704230176915386,5.946386319470367,3.7578438574450193,0
11.5311601644508,13.83175810839892,2.3005979439481212,0
21.76205093253393,21.797501846230332,0.03545091369640119,0
24.815356741117053,26.104562369306812,1.2892056281897588,0
31.613375126512384,29.804937351612857,1.8084377748995273,0
8.225098140039513,7.82573584828888,0.3993622917506334,0
21.746629231882967,24.743873536588765,2.9972443047057986,0
8.457999947374578,10.260556390455994,1.802556443081416,0
14.339899118204746,16.901310600647967,2.561411482443221,0
7.40707040719321,5.148912284379083,2.2581581228141268,0
32.788306784937,31.333517129841315,1.4547896550956843,0
34.9417277780053,38.216119052753946,3.2743912747486448,0
34.05607320062548,35.79055813429041,1.7344849336649304,0
13.294874727384386,15.63448520048011,2.339610473095725,0
11.334493090579683,10.481053232135295,0.8534398584443874,0
17.015166465634042,17.47866465570977,0.4634981900757289,0
8.432214919870948,7.9645330445479345,0.467681875323013,0
26.305364316222253,27.79637968952539,1.4910153733031386,0
30.045607657254777,31.274383220384372,1.2287755631295951,0
28.346056087643994,28.517909548166177,0.17185346052218264,0
6.468383423870648,8.694096247090062,2.225712823219414,0
13.196928866185644,12.17911336003871,1.0178155061469347,0
29.501889204918758,29.73127621666805,0.2293870117492922,0
30.425810818620747,29.535568412588,0.8902424060327476,0
26.353539685408755,27.04407118327014,0.6905314978613859,0
26.11402862667135,26.849245390372698,0.7352167637013487,0
19.729560607685947,19.23845395199941,0.49110665568653644,0
13.077703107950247,8.93389836435671,4.143804743593538,0
8.410332194329165,8.291434361360777,0.11889783296838807,0
28.824374592648653,29.180352265681865,0.3559776730332125,0
30.600622747059496,29.469734627604822,1.1308881194546743,0
27.897605795910707,27.658616542648907,0.2389892532617992,0
8.257936154978047,5.212204710364831,3.0457314446132164,0
25.925555686166255,26.41580684841805,0.4902511622517949,0
17.7183625107692,20.127485327571268,2.4091228168020677,0
34.974659055519055,34.801036436292094,0.1736226192269612,0
5.094294752085455,4.015218280481291,1.0790764716041643,0
7.521052405670985,6.894864306700726,0.6261880989702586,0
31.6818060793049,30.32556105477486,1.3562450245300397,0
6.566685296016138,4.878842470011927,1.6878428260042115,0
23.939220114843067,24.28509942532812,0.3458793104850528,0
19.378986445470638,22.718700221644532,3.3397137761738946,0
8.571110212287493,3.9114454007736956,4.659664811513798,0
27.06412919924276,26.486823929969326,0.5773052692734346,0
33.24889222140273,35.60945262833167,2.36056040692894,0
34.41549576716248,38.14235949283479,3.7268637256723096,0
11.140257341638419,12.158948364192156,1.0186910225537371,0
21.765033454893523,21.48155394643872,0.2834795084548034,0
19.014902472423906,19.171393252075845,0.15649077965193925,0
31.81374055281016,28.316020741159313,3.497719811650846,0
27.993856097135044,24.323771010717344,3.6700850864177,0
33.37500824237554,31.880942319389188,1.4940659229863549,0
20.2703826848598,19.209053640825168,1.0613290440346326,0
17.785607762499204,16.14076850855498,1.6448392539442231,0
33.69145032331812,32.94706377977458,0.7443865435435413,0
5.068807332857426,6.279048544867429,1.2102412120100032,0
13.494271013842567,14.357874120555127,0.86360310671256,0
16.513538672554162,15.571785378132818,0.9417532944213445,0
23.206756688547717,21.383733725164436,1.8230229633832806,0
8.27223548085163,8.292128702829483,0.019893221977852704,0
16.032569387308353,16.69962343150035,0.6670540441919961,0
9.201282132704783,7.2546797187723016,1.9466024139324816,0
9.040652678965978,11.030753854621993,1.9901011756560152,0
28.226391319809107,25.878334233893455,2.348057085915652,0
33.56486685972049,34.703278557008616,1.1384116972881273,0
12.960459925465173,14.57189076219178,1.6114308367266066,0
32.45305162789719,33.34568338230416,0.8926317544069704,0
26.19898533499938,27.87554100301839,1.6765556680190095,0
9.696405213418682,9.41266750235483,0.2837377110638517,0
7.770534093183694,10.453926729051327,2.6833926358676328,0
23.063706315563564,20.50146201093939,2.5622443046241727,0
29.0638477003511,30.949872167514947,1.8860244671638462,0
14.496464007020712,16.28380655711469,1.7873425500939781,0
14.202141525851008,16.29092815795808,2.088786632107073,0
8.875230524256015,8.52433584746916,0.3508946767868544,0
16.25119621111383,15.338226560270119,0.91296965084371,0
11.445896384474644,12.967716429631025,1.5218200451563817,0
7.986757914855806,6.747210610455622,1.2395473044001841,0
27.291143193297945,25.62306492443088,1.6680782688670632,0
19.98621644993839,18.064106137349967,1.9221103125884227,0
6.873280588257352,8.47961813770077,1.6063375494434178,0
18.212518433605567,17.29447563783504,0.9180427957705284,0
32.999866112741984,33.2345977640829,0.23473165134091545,0
14.205839665018487,17.266789439026514,3.0609497740080265,0
25.796184226498248,31.731046594213772,5.934862367715525,1
5.615303647855082,5.2418489514611855,0.37345469639389695,0
20.857645643154402,20.912217574982293,0.05457193182789055,0
19.056678022253706,19.2271718642404,0.17049384198669415,0
22.893092537219253,21.179655453406447,1.7134370838128063,0
8.502756200965683,10.582866006613902,2.0801098056482186,0
15.898699746970177,14.719010290719114,1.1796894562510634,0
6.020080918193987,7.250998033821157,1.2309171156271699,0
14.558569474377128,10.565410153210575,3.9931593211665533,0
8.913760202819983,8.807859106722024,0.10590109609795917,0
18.452224644022767,19.860348416567113,1.4081237725443465,0
34.907668148197494,33.203618889646776,1.704049258550718,0
33.90485396738096,34.54493704299827,0.6400830756173121,0
16.08130893739986,16.656261646329412,0.5749527089295512,0
34.994960392932846,33.26564221018357,1.7293181827492745,0
8.03009380375094,12.098519207490376,4.068425403739436,0
26.323111695869123,31.73399409387516,5.410882398006038,1
14.036235888953032,15.59547750597431,1.5592416170212786,0
15.421522596113258,13.163236622294157,2.258285973819101,0
19.19568173687439,15.41515901707066,3.780522719803731,0
12.962355551093694,13.698182157798543,0.7358266067048493,0
12.969780987959275,16.336911049275578,3.3671300613163027,0
28.357549850979797,32.0692685259712,3.711718674991399,0
17.729174934214186,16.60946211470241,1.1197128195117756,0
32.55107442931855,36.93410476389189,4.383030334573341,0
34.99179020175571,33.095262206486886,1.8965279952688263,0
29.95347377537198,29.605296475012736,0.348177300359243,0
33.04020927521121,34.34799030386297,1.3077810286517604,0
28.148821069958135,29.53106574009886,1.3822446701407252,0
34.25442818265384,31.887083129859576,2.3673450527942634,0
30.81471195263538,29.128377825872448,1.686334126762933,0
5.004168020681408,3.7628955998323455,1.2412724208490622,0
34.156177388958284,33.964654675639515,0.19152271331876847,0
16.663199419534955,19.23727327943954,2.5740738599045834,0
25.178773949766892,24.51673575337741,0.6620381963894815,0
27.93228359402528,26.154436282216253,1.777847311809026,0
20.60911083618248,19.392132028762184,1.216978807420297,0
19.760765195020312,21.142143287851212,1.3813780928309,0
6.576522739410031,7.909646788323647,1.333124048913616,0
11.323174336084461,11.867052502302721,0.5438781662182599,0
8.805729529564886,5.9404004414593325,2.865329088105553,0
28.72782501075302,30.086921249078337,1.3590962383253178,0
5.750703748019177,8.339990609575793,2.589286861556616,0
28.542616681130067,27.082562128356813,1.4600545527732542,0
25.666340793403755,22.370932077495418,3.295408715908337,0
15.4219597737547,16.35347972752826,0.9315199537735595,0
31.77316068356552,32.93494363379504,1.1617829502295152,0
22.245212039163675,22.622616729569312,0.37740469040563696,0
11.858502851853881,13.461191240789539,1.6026883889356576,0
16.48028269604072,11.689406533791445,4.790876162249276,0
24.351999749480168,24.029218224052553,0.3227815254276152,0
34.29045277989769,32.44117442398727,1.8492783559104211,0
27.572094708926983,27.91768341648174,0.34558870755475724,0
14.028953363131912,16.03612757878213,2.007174215650217,0
27.7125514461102,27.59504542440216,0.11750602170804214,0
16.13777531532955,17.840328696839094,1.7025533815095457,0
23.315382573865733,23.205749330537813,0.10963324332792013,0
14.334769651023088,12.759338238617849,1.5754314124052389,0
34.80585106633956,35.327394989000986,0.5215439226614293,0
14.263539384821794,18.994654684842843,4.731115300021049,0
17.984175227501385,17.633521541748177,0.3506536857532083,0
29.66648129222501,28.177140409437456,1.4893408827875554,0
27.221137902424612,30.32256889558485,3.101430993160239,0
29.53935168591969,30.084684786484154,0.5453331005644628,0
25.89994164194538,26.24550748377882,0.34556584183344086,0
10.644527019703354,10.543730438046177,0.10079658165717653,0
22.418670838744784,22.69235289181632,0.2736820530715356,0
30.974269287982743,29.966160730381162,1.008108557601581,0
11.490793476034586,11.517160512463835,0.026367036429249424,0
26.335653394171093,28.236667677108684,1.9010142829375916,0
28.36831571538027,29.199950630695884,0.8316349153156146,0
18.82449078881319,20.083207365868645,1.2587165770554556,0
21.931758720370393,21.849247264596013,0.08251145577438024,0
18.152362033665774,19.24494132050248,1.0925792868367061,0
14.545858951163524,14.154610173618051,0.3912487775454725,0
5.643418015122825,1.3710206180783118,4.2723973970445135,0
26.472983183283183,27.21535963152882,0.7423764482456363,0
34.34528766542317,32.54490188110995,1.800385784313221,0
9.427782727411651,11.89338889438054,2.465606166968888,0
18.643493329588026,17.070990687208784,1.5725026423792414,0
7.183822156409598,4.859884753457429,2.3239374029521693,0
32.884226099190414,29.98104947149516,2.9031766276952524,0
12.819282009406969,12.111542819245107,0.7077391901618615,0
12.94100706377625,13.092170005855037,0.1511629420787859,0
22.214916942206777,21.846313641175723,0.36860330103105454,0
5.736626213022799,4.338825976198745,1.3978002368240539,0
19.062888279273075,21.297402115410403,2.234513836137328,0
25.373846179812013,21.74219680948476,3.6316493703272528,0
25.765762017759396,21.35176055655596,4.414001461203437,0
7.47969967395205,7.5073500711624055,0.02765039721035567,0
25.483218597482598,26.16926479298309,0.6860461955004915,0
10.560811107252906,11.388961727933886,0.8281506206809794,0
28.128439365510484,28.951704499337183,0.8232651338266983,0
15.174183161962036,18.03762404407412,2.8634408821120854,0
15.634636483329066,16.25425854512598,0.6196220617969121,0
13.58503412124867,16.92755876484447,3.3425246435958,0
6.621473058201046,8.558971277687165,1.9374982194861197,0
8.478137393523891,10.920790453067529,2.4426530595436375,0
26.458464019213782,27.604063296539824,1.145599277326042,0
10.911265189182291,13.637350909524582,2.72608572034229,0
7.370502639885409,9.425142153397125,2.0546395135117166,0
34.164620231722495,33.91637267008535,0.24824756163714312,0
26.32823030561152,28.341632840532178,2.013402534920658,0
31.811339712737027,33.44494209946069,1.6336023867236626,0
13.799729718154506,13.17234693778666,0.6273827803678458,0
27.97191580324108,28.09165048866805,0.11973468542696963,0
25.803816643043223,28.410132090332013,2.6063154472887895,0
32.709866900263805,33.4021201347523,0.6922532344884971,0
22.759529008633123,23.19268021377084,0.4331512051377153,0
15.414667628356431,12.395291060331822,3.01937656802461,0
23.512024051272,23.431582600026584,0.08044145124541657,0
23.04667589280485,18.470541053005675,4.576134839799174,0
11.634131385107215,13.119120787694326,1.4849894025871109,0
29.079368083857126,29.35913765224891,0.27976956839178513,0
33.410262810756436,33.77446753096881,0.3642047202123777,0
15.825096376895734,16.20786999823553,0.38277362133979587,0
10.49821859713781,11.809883282388384,1.3116646852505731,0
24.282932787850115,24.856649345713297,0.5737165578631824,0
19.866919237623375,16.834645580228916,3.032273657394459,0
11.218558430954712,14.247394572836107,3.0288361418813956,0
18.047998969738344,19.791231856762025,1.7432328870236802,0
12.003609911080531,10.681766528556583,1.321843382523948,0
16.31138037303807,20.66293247755254,4.351552104514472,0
26.618606549811766,27.016256453604054,0.3976499037922885,0
10.88801744261915,9.856390300338592,1.0316271422805574,0
22.965716716571436,24.046626933506367,1.0809102169349316,0
22.78029966065494,20.54036391786038,2.239935742794561,0
21.796880914699077,18.80231295168451,2.9945679630145676,0
20.379020173710785,19.2985475033005,1.080472670410284,0
13.515890503490551,14.543488752201265,1.0275982487107136,0
9.632036834831116,9.235442750111575,0.39659408471954016,0
19.960489751499455,21.266198830260933,1.3057090787614776,0
5.063464047361061,7.335095928514432,2.271631881153372,0
24.067923618849704,22.898650839053264,1.1692727797964402,0
26.651421647918912,29.78129915068116,3.1298775027622483,0
11.344054767373304,8.013073542475944,3.3309812248973607,0
22.360052848967552,22.9797800199864,0.6197271710188481,0
25.161587312222714,25.21068077811653,0.049093465893815136,0
26.568337914653608,24.441421652516716,2.1269162621368913,0
12.717888257955266,12.507035779176688,0.2108524787785786,0
27.56469730282285,29.771943222939683,2.207245920116833,0
31.398343536563996,32.39576459130473,0.9974210547407374,0
18.919916771951943,21.697797973639723,2.77788120168778,0
10.71899568349049,12.001008575934998,1.2820128924445076,0
5.040274526546091,2.3770861250349062,2.663188401511185,0
10.07894278694929,10.775669725516991,0.6967269385677017,0
28.869407027338873,30.384505500290256,1.515098472951383,0
8.360198524554875,9.658715578964172,1.298517054409297,0
24.42682984907196,26.435329147256144,2.0084992981841836,0
17.464905533761655,15.479166170377148,1.985739363384507,0
15.327915590397627,15.661369698166443,0.3334541077688158,0
18.686056971328938,22.562847993974597,3.8767910226456586,0
20.240528305816497,21.376166020012768,1.135637714196271,0
21.83577619492671,19.437803587392562,2.3979726075341468,0
26.99238718800322,25.89069850805851,1.1016886799447114,0
15.93477934780841,16.690189957251388,0.7554106094429773,0
22.76421082699383,21.109151607172194,1.6550592198216343,0
30.147130577890255,28.634727745975397,1.5124028319148586,0
25.813125700973924,25.790009626741693,0.023116074232230943,0
5.1260813702972925,2.7684158851547935,2.357665485142499,0
23.604832136814686,22.92590507558985,0.6789270612248366,0
23.078774500990782,23.4249706880972,0.3461961871064183,0
17.897954447960096,16.725776360035972,1.1721780879241237,0
5.946081783594,6.092054160262149,0.14597237666814955,0
6.812037172455034,6.655552208175048,0.15648496427998637,0
31.266589702037408,34.271744863844944,3.0051551618075365,0
27.843992034154244,27.004293272396744,0.8396987617575,0
14.334135534440982,15.877178948317361,1.5430434138763793,0
25.11337061795672,24.355417951600085,0.7579526663566334,0
22.240414503890637,24.103767878276688,1.863353374386051,0
13.32549971245101,10.441643016662123,2.8838566957888876,0
16.27702475323595,13.655684436504233,2.6213403167317164,0
9.589189022105023,10.284924654523596,0.6957356324185735,0
21.797034164846096,21.640338027478688,0.15669613736740828,0
9.0424584534445,5.811826517596101,3.2306319358483986,0
11.714234571546775,13.612476638226585,1.8982420666798099,0
30.354686563431567,29.002195022525942,1.3524915409056248,0
6.135968313592627,8.450483016142837,2.31451470255021,0
29.24560324678514,30.520700376253497,1.2750971294683566,0
20.16484495672008,20.87773727154685,0.7128923148267674,0
27.066684496350373,25.5616581331554,1.5050263631949719,0
30.6120597167282,29.602460476546142,1.0095992401820588,0
25.51181004086273,26.065498386419478,0.553688345556747,0
7.8126990476126155,10.80943236152892,2.9967333139163044,0
6.198543960571804,9.403488342397695,3.204944381825891,0
21.19641517490199,23.014675290391992,1.818260115490002,0
28.685308830857828,31.909820733033882,3.2245119021760544,0
31.38476705453565,30.011327309907838,1.373439744627813,0
24.719292347019707,24.750379469905404,0.031087122885697482,0
24.77909485965462,27.426530558631043,2.647435698976423,0
27.305971601560223,25.066125802853154,2.2398457987070692,0
15.591593476488445,14.454477344057604,1.1371161324308403,0
20.414007756877652,18.258861172702055,2.155146584175597,0
10.855696352552789,10.223618791261446,0.632077561291343,0
25.910837805738332,26.763133533653413,0.8522957279150809,0
16.732903473652822,15.024867975687638,1.7080354979651844,0
15.519515861894922,15.04299910805327,0.4765167538416524,0
30.84853298311615,31.282374563068426,0.4338415799522757,0
30.861291061102975,31.829516081069315,0.96822501996634,0
6.2520229069093975,11.281990757131979,5.029967850222581,1
11.176724257889644,10.904085642901862,0.2726386149877822,0
26.655154582927388,30.17932865099673,3.5241740680693425,0
14.60102503390836,11.719590188418692,2.881434845489668,0
14.564228418670615,17.389441415615522,2.8252129969449076,0
23.8241978341594,25.08116395588679,1.256966121727391,0
24.440370624274806,20.971036307777545,3.4693343164972603,0
21.861031204059568,21.144895747720895,0.716135456338673,0
19.264605589958755,17.56812613846551,1.6964794514932464,0
18.66142090678629,15.707484082877736,2.9539368239085544,0
32.12409448714365,30.470627840400425,1.653466646743226,0
34.371186266471454,35.95402220761121,1.5828359411397557,0
25.961826192039705,28.98715807900662,3.0253318869669137,0
32.05955753336954,31.11091180532676,0.9486457280427807,0
24.536114145131805,26.529957489636743,1.9938433445049384,0
9.098344434423307,8.749978254961981,0.3483661794613262,0
28.546775871745886,29.151760018355667,0.6049841466097803,0
15.128423687513434,14.887110450062861,0.24131323745057287,0
9.914465979563401,7.701355198063604,2.213110781499797,0
33.77853811536278,31.587135651808165,2.1914024635546134,0
18.869945245829793,20.214232775064318,1.3442875292345242,0
12.721933063815454,12.049186323829591,0.6727467399858629,0
30.1046476710395,29.39224878953314,0.7123988815063598,0
9.999407702700806,10.2859148460604,0.2865071433595947,0
32.54089507368241,26.587516157654882,5.953378916027525,1
9.180304444104738,9.279837504647341,0.09953306054260302,0
21.08977940990064,23.17250991714592,2.08273050724528,0
23.333957801088548,20.1979336352546,3.1360241658339483,0
10.570028769822308,11.910772387252251,1.3407436174299434,0
20.46715546474121,20.520342548265614,0.05318708352440282,0
26.800087278443605,23.988718365926896,2.811368912516709,0
6.688918465985111,4.8814761705505045,1.8074422954346065,0
29.52233810938388,26.967603723988802,2.5547343853950792,0
30.9558786257286,28.054768455929565,2.9011101697990362,0
23.69343544639893,23.913729641340932,0.22029419494200297,0
13.044714167719755,12.190627197523929,0.8540869701958265,0
15.753639188850807,16.740547916512657,0.9869087276618504,0
6.907981818644182,6.722064808891497,0.18591700975268477,0
7.780884813360027,4.643869437119913,3.1370153762401136,0
28.721388496331297,27.384911095137728,1.3364774011935694,0
24.928339891615032,22.02728399030824,2.9010559013067905,0
22.234195771313374,27.496597549062518,5.262401777749144,1
25.079141051669982,25.107928234352965,0.02878718268298286,0
29.037732882046388,34.18982586652924,5.152092984482852,1
5.533143476887792,7.750578805370649,2.217435328482857,0
29.153413587324444,29.81694983686159,0.6635362495371453,0
19.901098223826846,22.78915181191261,2.8880535880857643,0
29.620874937065963,31.765325400964105,2.144450463898142,0
14.484535572247635,15.558857706144531,1.0743221338968958,0
32.80198287099792,31.18431925149757,1.6176636195003482,0
12.277202367350224,12.24708667794834,0.030115689401883472,0
27.802185297215356,28.810691013269405,1.0085057160540494,0
17.471202773611857,18.887860720192702,1.4166579465808447,0
17.876489972352378,18.23303640963284,0.3565464372804641,0
27.159635732678613,26.93079045558736,0.2288452770912528,0
6.896290242329275,8.65597799396874,1.759687751639465,0
15.03614176794802,14.995432599946444,0.040709168001576757,0
11.418290223368743,12.05324689912447,0.6349566757557277,0
20.057048245315027,15.971159369962265,4.085888875352762,0
20.02995321005493,18.049317341302217,1.9806358687527137,0
25.52486543906822,26.94282490076758,1.4179594616993612,0
27.960664754294488,27.689625650671054,0.2710391036234334,0
31.326041691677283,33.2367986593451,1.9107569676678153,0
30.97949610160386,33.76814700084344,2.788650899239581,0
8.34496571074035,12.571617635131453,4.226651924391103,0
6.19330393393281,9.616372949325042,3.4230690153922314,0
8.8312596692136,8.794276253847558,0.03698341536604133,0
34.13066551321888,35.00725129687008,0.8765857836512012,0
12.255720432286974,12.62249524579395,0.36677481350697505,0
18.495950029056345,18.482936737024282,0.013013292032063362,0
19.990086219512342,20.45267406597135,0.46258784645900874,0
31.812390452768604,30.88055991492227,0.9318305378463343,0
34.66960002810609,30.113493351124692,4.556106676981397,0
25.163008088036655,26.041773514352577,0.8787654263159226,0
7.933518604376796,8.591543915302921,0.6580253109261252,0
5.486049473358633,6.593958005159785,1.1079085318011526,0
9.50258870609405,9.961572368691156,0.458983662597106,0
10.00129217503658,8.93050135916364,1.0707908158729396,0
25.138756431819466,23.204866477836372,1.933889953983094,0
29.487619558029323,30.476884953474286,0.9892653954449635,0
21.392498064604425,23.662348842265082,2.2698507776606576,0
14.52846587113392,16.293828090078797,1.7653622189448779,0
17.73142392382076,13.69273782950242,4.03868609431834,0
33.47857130709432,36.762288261743585,3.2837169546492646,0
18.152103304134137,17.478972564910556,0.6731307392235806,0
11.847962143729104,14.577532425237607,2.7295702815085026,0
24.371996436897042,25.828915517508914,1.456919080611872,0
23.973021722596354,21.092626748985047,2.880394973611306,0
33.47376378268548,35.232908897921185,1.7591451152357038,0
33.46996233250739,30.54206271298873,2.927899619518662,0
34.06108042718782,36.24340386407011,2.1823234368822924,0
29.402855670899484,26.69912562276579,2.7037300481336928,0
27.813770564268616,26.53468284771245,1.279087716556166,0
9.752239425124813,12.797358944544664,3.045119519419851,0
5.01506699618718,7.6954769301742525,2.6804099339870726,0
32.830984986694645,35.57763846839809,2.746653481703447,0
25.785215075319314,28.368272773286257,2.583057697966943,0
19.970762325689634,23.596734373599546,3.6259720479099116,0
5.242242291488929,5.855816236021694,0.6135739445327646,0
19.413573484563596,19.212857812588528,0.20071567197506823,0
29.697081175032714,30.835460015510424,1.13837884047771,0
31.51458315766445,33.31226262267164,1.7976794650071888,0
28.93285970483636,29.46609317622991,0.5332334713935509,0
15.754764640810016,15.19728671886428,0.5574779219457362,0
9.478153110212308,10.035036596305838,0.5568834860935308,0
7.0823148094387545,7.670858811327071,0.5885440018883168,0
12.271144640804273,8.063493181731557,4.207651459072716,0
32.01493526430557,36.95783341582913,4.942898151523558,0
23.613300188317094,22.60912460228487,1.0041755860322255,0
24.795479959217015,24.27002559600897,0.5254543632080448,0
16.008629510720198,15.464759695312512,0.5438698154076853,0
25.83675945355212,26.265746404619843,0.4289869510677242,0
5.9989516075822635,3.1923420398439935,2.80660956773827,0
12.360252066025392,13.426708789689135,1.0664567236637428,0
26.19016621265117,25.447921175361632,0.7422450372895391,0
13.498285112659739,10.739733463258412,2.7585516494013262,0
16.07236243941292,17.42356447866774,1.3512020392548187,0
27.87232097715846,25.03023443879114,2.842086538367319,0
27.784529356296915,30.143903071961816,2.3593737156649013,0
10.196381343386829,11.058854347063217,0.8624730036763886,0
18.68808346319602,16.379052892800104,2.3090305703959153,0
15.477920643991666,17.841347500226743,2.363426856235076,0
29.334826948081172,32.37407702036637,3.039250072285199,0
18.31621998080004,18.27397937355316,0.04224060724687817,0
28.705984983465385,26.57164526162038,2.1343397218450058,0
17.48350765657382,17.56648288755692,0.08297523098309867,0
19.609590080435005,18.61241824202255,0.9971718384124557,0
17.76354069820505,16.102190480191382,1.6613502180136663,0
29.411062637511215,28.166206531455156,1.2448561060560586,0
25.602947870969736,23.97685568620865,1.6260921847610845,0
25.88854729324595,20.94807141390969,4.940475879336258,0
21.371621412055866,20.06803542656059,1.3035859854952747,0
25.043703136738834,25.91854090843148,0.874837771692647,0
29.428686043899468,26.52318424459381,2.9055017993056573,0
32.840033115815956,34.56396053777684,1.7239274219608873,0
15.578454774083665,16.968830814668866,1.3903760405852008,0
10.056127280755039,11.838412046067658,1.7822847653126193,0
6.905508811731432,8.316782024141588,1.4112732124101566,0
7.61494681266409,7.758451299924434,0.14350448726034415,0
5.418176831474227,6.07137524476234,0.6531984132881128,0
18.244628161103584,20.376035120242733,2.1314069591391487,0
5.650893340494837,4.264691574272328,1.3862017662225083,0
12.02469395741634,10.73437864615959,1.2903153112567498,0
31.333628851968715,30.382916304640347,0.9507125473283686,0
17.089314636558953,15.780358568925326,1.308956067633627,0
31.02962468908796,30.965634392825,0.06399029626296127,0
25.452173955600284,24.191410549387992,1.2607634062122912,0
16.320130449437993,16.239500318900046,0.08063013053794776,0
32.24816213789262,35.71316254711918,3.465000409226562,0
6.377723081078158,7.109305784536541,0.7315827034583826,0
19.006434763366123,14.318377279526846,4.688057483839277,0
33.126933551671385,29.73592730493281,3.3910062467385735,0
18.708868895990072,16.88479922783196,1.8240696681581134,0
29.038775038811682,28.989190482797355,0.04958455601432732,0
13.549028192055877,13.55123458624418,0.002206394188302596,0
11.622998474603584,8.570007908983065,3.0529905656205187,0
5.090380505522184,6.533314390757338,1.4429338852351545,0
20.62996798310936,19.69872042009555,0.9312475630138088,0
34.4352100459749,32.36823945603052,2.0669705899443755,0
19.455781776352183,15.730520338683611,3.7252614376685713,0
11.733897416785094,10.432854478318422,1.3010429384666722,0
29.54490510875158,29.685105641333543,0.1402005325819644,0
22.333341310174717,23.84310775435642,1.5097664441817038,0
12.236308561163336,14.03774269843763,1.8014341372742937,0
26.30202481314991,32.26074133182483,5.9587165186749225,1
18.710646154068485,18.30873571435151,0.4019104397169748,0
25.26579887894498,26.412319562737203,1.1465206837922217,0
24.11690460332535,22.029569233013063,2.087335370312285,0
21.627523117043623,25.315415590655792,3.6878924736121697,0
31.830279833804653,32.04731342039832,0.217033586593665,0
9.00896599034809,10.984117231027904,1.9751512406798142,0
24.361083837801285,21.4374125852907,2.9236712525105837,0
16.1060554811571,18.33935253614259,2.233297054985492,0
8.433854200368033,7.061474381420318,1.3723798189477154,0
9.09138903511339,6.6494139882395515,2.4419750468738393,0
23.951043608599566,24.599531152600477,0.6484875440009112,0
34.95866165398628,36.1576983682198,1.1990367142335145,0
29.8279504479971,32.08242316895395,2.2544727209568514,0
12.798974051127878,13.624888531526922,0.8259144803990441,0
28.728367494241766,30.608018239585846,1.8796507453440796,0
15.985223728825185,17.291601294791896,1.3063775659667112,0
19.709019437882713,17.577169987911514,2.131849449971199,0
23.373845655350998,23.386698491522193,0.012852836171195037,0
29.72160604550205,27.61239972164633,2.1092063238557195,0
25.19314061596867,26.94784461514242,1.7547039991737492,0
5.203936997834483,2.3262905025728164,2.8776464952616667,0
12.849309493946741,17.765376233214642,4.916066739267901,0
30.015251107138642,31.43305757574568,1.4178064686070364,0
34.81692473466045,36.9260704177767,2.109145683116253,0
21.598707224744423,17.68191413812869,3.9167930866157334,0
29.527242738383137,29.974542331180086,0.44729959279694853,0
20.424395291624464,24.474537435352126,4.050142143727662,0
21.735204385292292,20.622422922142253,1.1127814631500392,0
29.327010453775348,33.733559176132225,4.406548722356877,0
12.535859141387055,8.506959497310271,4.028899644076784,0
29.24607476319807,28.444625367973963,0.8014493952241075,0
11.722411937838459,14.346578731996043,2.624166794157585,0
26.822604641980682,29.08322324809401,2.2606186061133293,0
6.860898297987786,7.774083377803829,0.913185079816043,0
32.471479159950974,30.242273300036047,2.229205859914927,0
28.54243190225625,31.905842857329297,3.3634109550730464,0
24.3763201379803,21.789796047204597,2.586524090775704,0
9.793726116276758,7.572278184229738,2.2214479320470204,0
27.812207223492884,29.9975158307931,2.1853086073002146,0
9.082924994560704,5.854743109827172,3.228181884733532,0
17.358793168598325,16.296021150750597,1.0627720178477276,0
13.639803740129157,16.003153279333112,2.3633495392039556,0
30.59854748436792,32.514473321277386,1.9159258369094658,0
20.225931285601245,24.873432667648768,4.647501382047523,0
25.453535993807577,25.09193569665182,0.36160029715575703,0
30.612919876367666,27.296704907884617,3.316214968483049,0
32.89596501514375,32.41074048847789,0.4852245266658599,0
34.51478690114921,33.13864022724822,1.3761466739009904,0
19.30026681041136,19.080702712725984,0.2195640976853781,0
16.955864108200657,16.47266622642009,0.4831978817805691,0
29.782022521735676,28.716160673642936,1.0658618480927409,0
24.8108373606473,25.754666947074828,0.9438295864275261,0
11.620143629470693,12.915507935329591,1.2953643058588984,0
16.040619622528492,13.615626292916748,2.4249933296117447,0
26.8514280406071,26.065021364096463,0.7864066765106372,0
19.640730670646192,18.990745501609744,0.649985169036448,0
34.7445173283777,35.528669808264354,0.7841524798866573,0
19.62982388993074,19.904444289730634,0.2746203997998933,0
33.48095781687121,37.68889684089509,4.207939024023879,0
7.708655576676633,9.78879149731987,2.0801359206432375,0
30.80622930024961,31.028517200017834,0.22228789976822583,0
12.480915261585407,12.286696317232071,0.1942189443533362,0
26.16406613922509,25.786944475076442,0.3771216641486461,0
19.106608016045378,17.940461506307592,1.1661465097377857,0
17.091089311437763,16.25921225553582,0.8318770559019413,0
5.56482369726524,11.403046816248704,5.838223118983464,1
34.79009993305139,33.871549438363466,0.9185504946879206,0
7.951674494388303,8.406801423628634,0.4551269292403308,0
17.320594220822965,16.71196122903161,0.6086329917913567,0
27.767097418690177,25.70977884604617,2.0573185726440073,0
33.14459854721704,32.074498846074846,1.0700997011421975,0
11.001696753704257,9.422797113904936,1.578899639799321,0
14.68019967919788,19.783955310920277,5.103755631722397,1
28.19170016956465,25.81425729412408,2.377442875440572,0
18.623605302159802,14.464017923340958,4.159587378818845,0
24.027531923555227,23.138127258029698,0.8894046655255288,0
27.679460265512258,28.762704722048444,1.0832444565361854,0
9.953833465091824,12.239872043914067,2.286038578822243,0
6.8326886692062025,3.6390187682033375,3.193669901002865,0
15.14973954763134,15.17302563904372,0.023286091412380472,0
14.3530863241327,14.671628375484735,0.3185420513520345,0
14.59775848169923,13.309600933595771,1.2881575481034595,0
26.083152201011746,22.15630396182762,3.9268482391841246,0
24.152476495044258,22.904688266105463,1.247788228938795,0
17.699669043062112,19.320755637133143,1.6210865940710306,0
23.561820839996386,23.472963994364967,0.08885684563141893,0
27.42447367655029,27.718081096044937,0.2936074194946485,0
13.123914709751372,12.612082342762852,0.5118323669885196,0
6.044761449536425,4.883308731544685,1.1614527179917404,0
17.65083955681016,22.946238624490533,5.295399067680375,1
5.789383415272527,2.199851817828956,3.5895315974435715,0
17.758240821359845,14.574155883481016,3.184084937878829,0
25.16569150743971,26.17065469508343,1.004963187643721,0
9.78850007230868,13.040012068527524,3.2515119962188432,0
18.36156770851484,15.566421494538005,2.7951462139768353,0
21.141581757590686,15.932424889518765,5.20915686807192,1
14.747539909369888,18.169740306129707,3.42220039675982,0
28.338281951781195,28.723577222979305,0.38529527119811036,0
13.983765736351653,15.988371729299509,2.0046059929478552,0
25.974117927490138,28.431443381520616,2.457325454030478,0
30.84589735132125,30.709846874930953,0.13605047639029522,0
28.305541809032164,30.08809255140924,1.782550742377076,0
16.468984202414298,17.837973784919694,1.368989582505396,0
17.398075963207873,17.905628120467888,0.5075521572600152,0
14.690181285809546,16.284301484481656,1.59412019867211,0
24.09816772873202,25.560264254621636,1.462096525889617,0
32.85289289241362,34.26766493939626,1.414772046982641,0
6.225941075529495,7.11789227390857,0.8919511983790747,0
5.959022906104508,6.321513515909437,0.3624906098049294,0
28.595836877551342,25.87513099346919,2.7207058840821503,0
8.510596149341168,6.952687054030287,1.5579090953108814,0
23.136053172650012,23.285848544893604,0.14979537224359163,0
19.89144279777002,20.923068415154876,1.031625617384858,0
9.503841591842335,11.059881397162117,1.5560398053197826,0
21.714033684001315,23.3884697550494,1.6744360710480848,0
30.283888810379892,30.62875070170226,0.3448618913223669,0
13.491209296322904,12.203916349379263,1.2872929469436407,0
8.981076005262466,9.124219314926467,0.14314330966400135,0
31.63667160812149,25.938223155818473,5.698448452303015,1
19.212232734565006,16.675363787037757,2.5368689475272497,0
21.17904403582155,17.197778820837307,3.9812652149842442,0
32.26533821092825,30.98913192701755,1.2762062839106996,0
16.756863346482675,15.359262534440301,1.3976008120423735,0
10.46967569348725,10.753962452367313,0.2842867588800626,0
31.836844539286204,32.14883762382451,0.3119930845383081,0
32.73870416652235,35.766012923817684,3.02730875729533,0
10.848575293279273,9.087759989736034,1.7608153035432395,0
32.11742740788282,30.587888917455057,1.5295384904277647,0
27.236225684941292,23.88419593330556,3.352029751635733,0
12.978458001148827,13.259630492321186,0.28117249117235943,0
23.115818745031305,25.211270343879246,2.0954515988479407,0
31.671998839356494,27.457558229150287,4.214440610206207,0
23.46347180153724,23.86388379171275,0.4004119901755132,0
32.32386478518901,31.08257263224897,1.2412921529400407,0
27.82074303299282,26.06828427304042,1.7524587599524004,0
34.33748682103936,33.70425465980223,0.6332321612371317,0
33.08684210958491,37.703901235752674,4.617059126167767,0
11.633733856803964,6.79289332317108,4.840840533632884,0
26.493351758330423,24.657405770107367,1.835945988223056,0
15.674696405397809,16.16002735881306,0.4853309534152519,0
31.003893643691594,30.248807642576423,0.7550860011151705,0
16.511318631708647,19.292633249403714,2.7813146176950667,0
13.783889115110592,13.857566243839864,0.07367712872927257,0
24.959863066598956,25.265409574828976,0.3055465082300195,0
25.53484781547167,25.036974576169737,0.49787323930193494,0
8.735526058680367,8.9241368003171,0.18861074163673308,0
8.860951445843895,11.650347704435376,2.7893962585914807,0
24.813748020662807,23.083359125019037,1.7303888956437703,0
20.817064104608455,19.207873245782984,1.609190858825471,0
6.934961013722121,5.578587031209745,1.356373982512376,0
7.4333777261533704,5.761178370626703,1.6721993555266677,0
18.976751693753243,21.992576391307804,3.01582469755456,0
14.741819948584919,18.523864688412083,3.782044739827164,0
20.388185119702193,19.934105394270134,0.45407972543205943,0
23.660762357306385,22.872296059658797,0.788466297647588,0
23.440522504845255,24.570968370789696,1.1304458659444414,0
31.2141852256427,34.25740048272459,3.04321525708189,0
33.02186820365598,33.030476360765896,0.00860815710991858,0
14.712273702116601,12.357714239309457,2.354559462807144,0
18.16710181897336,18.046319318248635,0.12078250072472585,0
16.25712631752762,14.310837760434424,1.9462885570931974,0
20.400421904913024,23.44604705462859,3.0456251497155655,0
12.710152640556487,9.022426539097436,3.6877261014590506,0
6.447477876186502,10.618691339567317,4.1712134633808144,0
11.056927316152242,12.117661036102389,1.0607337199501465,0
12.879271070982679,13.046325626636396,0.16705455565371707,0
27.942188117187953,28.115846427470014,0.17365831028206102,0
5.752186251898718,2.1423504002087386,3.6098358516899793,0
15.70785198878751,16.372563702171384,0.6647117133838734,0
18.54944968918428,20.162037905318876,1.612588216134597,0
8.197803853885476,9.0101376856928,0.8123338318073241,0
15.542888277025419,14.743037362641306,0.7998509143841126,0
26.648871056650883,27.677715944309217,1.0288448876583338,0
22.247908932114452,19.321487059140303,2.9264218729741494,0
23.983780732830912,25.631445029465823,1.647664296634911,0
8.812744585219821,7.436417973058411,1.3763266121614102,0
18.90495157684789,19.498299070062355,0.5933474932144662,0
17.205278612131366,18.72538209869648,1.5201034865651124,0
30.62449656408003,29.58416498497222,1.0403315791078107,0
24.40631303717797,21.389963373403997,3.0163496637739726,0
27.664391780877015,27.70142092182609,0.03702914094907683,0
19.24779148179449,18.70820295691847,0.5395885248760202,0
30.0095329943801,32.86798579436371,2.8584527999836133,0
19.810501867726146,19.390526323451553,0.4199755442745925,0
9.232382175189185,6.543989930772093,2.6883922444170922,0
24.56372539622001,25.454639475909364,0.8909140796893524,0
10.065751508703942,17.417989222459582,7.35223771375564,1
7.967133925439052,9.795145608434794,1.8280116829957418,0
13.618389343138956,9.885876113531879,3.7325132296070773,0
20.83653307912101,21.23931013590503,0.4027770567840179,0
24.98216174491757,26.00831232144629,1.026150576528721,0
23.994188265737176,26.498928318225623,2.5047400524884473,0
28.23505372367178,30.538145954005206,2.3030922303334265,0
23.811672171301254,25.262523718486193,1.4508515471849392,0
34.04314693287084,35.67459104532961,1.631444112458773,0
31.87984258505314,36.10766276396643,4.227820178913291,0
23.626929567603995,22.31334112692148,1.3135884406825156,0
33.721731008969634,36.90541388914596,3.1836828801763275,0
10.930078752142597,10.971158650250608,0.04107989810801094,0
24.421509538410586,25.438544810711466,1.0170352723008804,0
16.973134454049678,16.385324675605315,0.5878097784443632,0
28.81534047962366,28.98744817713321,0.17210769750954924,0
23.588750470739875,28.763201679123586,5.1744512083837115,1
24.00344088938005,22.37077315840152,1.6326677309785325,0
13.72812947947233,9.844129326122767,3.8840001533495627,0
29.843630150487687,28.06699468532062,1.7766354651670682,0
7.612780860122438,6.94751760928933,0.6652632508331084,0
14.468345744280494,10.883989570335709,3.5843561739447853,0
12.624274282585883,11.289145751537715,1.3351285310481682,0
10.253345116567452,11.289926961492911,1.0365818449254594,0
20.838337544105045,24.731511373775625,3.8931738296705802,0
5.939616643687908,3.8907580407337248,2.0488586029541835,0
23.75579839802419,24.809610782050342,1.053812384026152,0
27.5222741049118,28.418693674890147,0.8964195699783453,0
6.334121919144913,4.408913255669615,1.9252086634752974,0
29.425392197846094,28.274777269333434,1.1506149285126597,0
13.587945307207232,13.531737457867955,0.056207849339276805,0
25.638898220509667,23.473939844076455,2.164958376433212,0
14.011324938342357,15.857178588811438,1.8458536504690812,0
10.764269438183884,12.244987674003184,1.4807182358192996,0
29.17951827387181,30.87416240991304,1.69464413604123,0
25.91438876515758,26.640099658991367,0.7257108938337886,0
32.373320927363665,36.01290219417866,3.639581266814993,0
23.940766399573373,21.670791149871302,2.269975249702071,0
12.37520089746185,10.111056033222978,2.2641448642388724,0
33.59576750024865,35.2827610972941,1.6869935970454506,0
17.744498775749662,12.374037802187019,5.370460973562643,1
17.36357189947771,20.90366392731422,3.5400920278365113,0
13.818141551263036,11.422217829350314,2.3959237219127214,0
9.837844146108182,12.418539761306953,2.5806956151987706,0
15.462093445936599,15.273656707905273,0.1884367380313261,0
25.465196553535044,23.55820271218194,1.9069938413531027,0
27.043574744732403,24.80028764171532,2.2432871030170816,0
8.548612396714544,5.9941853910226595,2.5544270056918847,0
24.41862774180451,25.819296681735448,1.400668939930938,0
33.1539347696321,33.00920390237055,0.1447308672615506,0
26.685562726759485,23.557079307991195,3.1284834187682904,0
19.038690885779346,21.388085039440707,2.349394153661361,0
14.956536294567274,14.71530241854281,0.241233876024463,0
27.725796436069952,26.427899681344268,1.2978967547256843,0
18.761737085106752,20.616773499154426,1.8550364140476745,0
31.44910158557021,27.57980891690839,3.8692926686618208,0
22.547722988693497,24.55657763732297,2.008854648629473,0
28.68316740694595,29.618962930599178,0.9357955236532263,0
12.909885522832962,13.395701939588108,0.48581641675514575,0
8.551749029526515,5.491527438588381,3.0602215909381343,0
21.243896721320834,19.041715701138216,2.2021810201826177,0
25.383175652709404,24.28902981105133,1.0941458416580758,0
33.09658923190248,33.1055134386214,0.008924206718923244,0
6.135315248849157,10.48552552711143,4.3502102782622725,0
27.58304666610247,25.698998298465234,1.8840483676372344,0
11.232715550533095,9.37828187161395,1.8544336789191451,0
33.97684643017011,34.70155567932965,0.7247092491595382,0
11.216782325471783,14.289150991156436,3.072368665684653,0
27.171194291393164,30.696822709145522,3.5256284177523582,0
14.22238861952559,15.55097788258388,1.328589263058289,0
33.58743942439237,33.99432076138902,0.40688133699664775,0
5.589984431650645,9.488088319594269,3.8981038879436234,0
11.243825278128384,10.839249156098486,0.4045761220298978,0
27.237745223744987,29.042241231776377,1.8044960080313892,0
27.556775837592596,22.96898806134216,4.587787776250437,0
26.555841617039576,26.62101941965925,0.06517780261967232,0
7.1126293078141964,11.088651237255128,3.9760219294409316,0
9.509793186156266,9.726892656306708,0.2170994701504423,0
34.72480866889232,33.87539591337901,0.8494127555133133,0
24.528400662484017,21.22784490405745,3.300555758426569,0
16.080096238020566,16.788187903197,0.7080916651764326,0
16.458340914819644,15.736467622733983,0.721873292085661,0
32.31163614100936,30.64473324170562,1.6669028993037394,0
11.020027840845831,7.358998867879186,3.661028972966645,0
27.596703370482174,25.565649358621084,2.031054011861091,0
10.24318287250232,12.32010526738939,2.0769223948870703,0
24.96219776764172,23.432015218175728,1.5301825494659909,0
8.771969394658566,9.641998735037179,0.870029340378613,0
32.347412258551216,33.81140262538635,1.4639903668351337,0
8.01665065943242,8.05659808083572,0.03994742140329954,0
30.369941395741108,30.231950678165983,0.13799071757512493,0
24.377788794676892,22.544504136352636,1.8332846583242564,0
14.379801116197669,10.764934164496099,3.61486695170157,0
24.044610588888045,23.11130504710567,0.9333055417823743,0
29.109222013020602,29.413822333419674,0.3046003203990715,0
32.60632492844779,35.800103912084424,3.1937789836366335,0
26.386767927692407,23.695773798945556,2.6909941287468513,0
10.541506899208803,8.416844885045961,2.1246620141628423,0
29.4304930818799,26.869160358588495,2.561332723291404,0
30.52840501774035,30.969763248954745,0.44135823121439444,0
32.48833900569774,31.541341622815793,0.9469973828819462,0
9.48390202276624,9.62181511767688,0.1379130949106404,0
21.324040862342272,17.715267701261737,3.608773161080535,0
29.352153319829757,27.661696087149817,1.6904572326799396,0
21.294310356352163,20.683417134023944,0.6108932223282189,0
25.52782917180955,23.978817864805716,1.549011307003834,0
18.889592231954627,21.73505434566547,2.8454621137108447,0
28.33228448502024,28.647188998747858,0.31490451372761896,0
13.102892789196925,13.914537107397832,0.8116443182009068,0
34.81493076149665,31.727714081206194,3.087216680290453,0
26.39696668724259,26.546706116640223,0.14973942939763418,0
28.522403545745533,29.189958596031513,0.66755505028598,0
30.629643648741144,29.776948630760767,0.852695017980377,0
26.863769632936034,22.22544415311534,4.638325479820693,0
26.507113894837097,23.157299088731104,3.349814806105993,0
7.728657045622666,6.266332903115824,1.4623241425068416,0
13.010412977239799,10.681948278140169,2.32846469909963,0
11.453303604433799,6.69111445840741,4.762189146026389,0
12.487342729929395,10.094588299240096,2.3927544306892994,0
21.858919129738283,21.08409313531642,0.7748259944218638,0
32.280405901608574,34.720130254437564,2.439724352828989,0
5.492946540668981,6.027215521642516,0.5342689809735353,0
24.579880584835255,26.40341579843094,1.8235352135956866,0
31.51207654019303,30.22639410398336,1.2856824362096688,0
17.74892916413414,14.639619495553921,3.1093096685802184,0
26.21227155382522,23.55156143913339,2.660710114691831,0
29.580032159289576,31.948164973357056,2.3681328140674793,0
19.83645915491636,21.788183559035463,1.9517244041191049,0
13.80639895307587,10.455826991955421,3.3505719611204494,0
15.432198416756675,13.79931622187868,1.632882194877995,0
17.273655995566138,16.39579804835476,0.8778579472113783,0
16.214780198017255,21.271997755022852,5.057217557005597,1
19.409570094641218,18.495986302825923,0.9135837918152951,0
32.166204204215916,33.46436133911251,1.2981571348965915,0
30.064477253953548,34.14765618145803,4.083178927504484,0
13.036368133432356,12.547620079714905,0.4887480537174511,0
29.450674575149044,27.882879156673802,1.5677954184752423,0
16.337749803565785,12.747230640094452,3.590519163471333,0
8.566830982634926,9.469078508839317,0.9022475262043912,0
18.110557691305104,18.01961203937156,0.09094565193354498,0
10.841264403241833,12.656320518934201,1.815056115692368,0
10.922661286051394,9.586452725987543,1.3362085600638505,0
33.23389554251386,34.581846607151405,1.3479510646375488,0
19.342223469785495,19.34465977771537,0.002436307929876591,0
17.012684729415,18.299537549428525,1.2868528200135252,0
25.765325348614283,25.714157039085283,0.05116830952900031,0
18.234676399949826,18.225852169450068,0.008824230499758556,0
23.419754041056365,27.050112883957844,3.6303588429014795,0
17.533643436151834,16.117400091147985,1.4162433450038492,0
33.39436175176782,32.963930959310595,0.4304307924572228,0
19.112568777960114,17.157801909352866,1.9547668686072477,0
30.031592649414247,34.42651135870568,4.394918709291435,0
33.64339071250183,36.7542579519542,3.110867239452375,0
26.198489088779798,26.182502647837794,0.01598644094200452,0
20.419735633822683,18.29516603764808,2.1245695961746023,0
18.285092264566998,19.266895794725727,0.9818035301587287,0
16.662029856804082,14.605333090630658,2.056696766173424,0
5.413424621566463,1.4010204235214045,4.012404198045059,0
19.505617569979215,18.801052341466598,0.7045652285126174,0
12.153211776320312,11.36130361875571,0.7919081575646025,0
28.782878796989827,30.89420514443787,2.111326347448042,0
32.03124931233712,32.81658535004827,0.7853360377111542,0
23.664391998143255,22.684168386946883,0.9802236111963722,0
10.5494869546256,11.419459978883438,0.8699730242578383,0
24.99338781447903,25.6458785965461,0.6524907820670727,0
14.034260333256606,13.379448647148996,0.6548116861076103,0
30.12613966738304,27.7151188613257,2.4110208060573406,0
33.06090278065686,33.38181449722303,0.32091171656617234,0
28.537496764712063,28.12365544470635,0.4138413200057123,0
34.36544235718527,30.534052335741833,3.8313900214434398,0
6.441926353517112,2.641235505271241,3.8006908482458712,0
14.924333178524476,16.164753182832257,1.240420004307781,0
8.333175942641539,9.498737433801843,1.1655614911603038,0
23.155287686395756,20.626333273952657,2.528954412443099,0
14.51134510897644,17.84050703593023,3.3291619269537893,0
23.232723618798843,24.665210646197345,1.4324870273985013,0
19.002779742886148,20.750904465500685,1.7481247226145378,0
29.19050889662589,27.906314946442365,1.284193950183525,0
15.15658845849119,13.369882496339006,1.7867059621521832,0
8.376447888303073,8.811662611418438,0.43521472311536513,0
28.4964612782478,30.675197316623134,2.178736038375334,0
7.380799374552839,6.218613985102577,1.1621853894502623,0
18.110498576640115,18.605794498822043,0.49529592218192775,0
26.59149694318281,28.26650316047235,1.675006217289539,0
13.713720759077928,12.824612537082045,0.8891082219958832,0
32.05273645556397,34.75298567322621,2.7002492176622397,0
13.199233674641839,13.454010370344688,0.25477669570284966,0
32.46296600069716,36.4349388203412,3.9719728196440443,0
34.14898948897073,31.515222185756627,2.6337673032141,0
16.46051404216331,15.683648982457655,0.7768650597056563,0
28.039512590877262,29.254417952584774,1.2149053617075118,0
30.00198802824927,30.87127006943677,0.8692820411874997,0
16.034400267460327,16.232054299596665,0.19765403213633803,0
21.073613414425104,21.017645857219147,0.05596755720595681,0
5.036519478217498,5.499383627852846,0.4628641496353483,0
6.421653540228151,6.604057538372416,0.1824039981442649,0
9.686233117744536,8.983457131806167,0.7027759859383682,0
29.009766378699414,28.004620550693737,1.005145828005677,0
24.10503755817863,21.304922446730238,2.8001151114483918,0
30.21134610015734,31.69274022600475,1.4813941258474124,0
32.218633000917464,30.937733183449545,1.280899817467919,0
25.489881234690884,25.012093372554954,0.47778786213592994,0
14.285181389277922,13.991075458184074,0.2941059310938474,0
12.91792027293354,12.954620130326491,0.036699857392951785,0
32.97924660579771,32.453098363104715,0.5261482426929973,0
25.719200681667584,27.711440536785986,1.9922398551184024,0
23.333138202141136,23.69262745068492,0.3594892485437846,0
8.005713113021304,6.4152117482492095,1.590501364772095,0
18.762573639210835,19.606606792714246,0.8440331535034105,0
7.566799112608952,9.437939161708083,1.8711400490991315,0
10.020458033196864,9.194255969928662,0.8262020632682017,0
32.7682466474645,33.04469097644068,0.27644432897617577,0
30.663396734439836,30.702534458010476,0.03913772357064005,0
33.98956191559968,28.535459907720412,5.454102007879268,1
23.623981914448215,22.099435873933864,1.5245460405143518,0
32.973385336198525,30.985940536136347,1.9874448000621783,0
6.222346919438432,6.5050194795277445,0.2826725600893125,0
5.267784543954196,6.370289561763055,1.1025050178088591,0
21.01964414928235,21.472835827132428,0.45319167785007863,0
5.846300818301632,9.196912193586844,3.3506113752852116,0
7.26826125016678,6.846574985746092,0.42168626442068735,0
34.111468629991435,33.32105557055034,0.790413059441093,0
30.728717674155266,30.486387498984893,0.24233017517037325,0
30.38038405305653,28.71089833897617,1.6694857140803627,0
16.50435191462328,17.795258724333863,1.290906809710581,0
16.570462783207404,18.784371020022014,2.2139082368146106,0
18.529494622858437,19.600618884624467,1.0711242617660304,0
30.386998321184308,31.15472922593659,0.767730904752284,0
29.345656668754593,27.269189364726145,2.076467304028448,0
23.949337978381266,22.22297512946184,1.7263628489194254,0
16.28063577362897,13.132519460726467,3.148116312902502,0
22.956727857210137,22.428287290820464,0.5284405663896727,0
8.50235282727105,10.691172844397839,2.1888200171267886,0
24.93309460200681,23.314951835759313,1.618142766247498,0
19.131723368104517,19.398271430062145,0.2665480619576286,0
8.087552016884066,7.957460103340464,0.13009191354360183,0
9.372986394590159,9.471233687776374,0.0982472931862155,0
31.967998844223867,30.784786889318852,1.1832119549050155,0
32.89983066445386,33.45916550675671,0.559334842302853,0
15.163447879170151,12.25768786075812,2.905760018412032,0
5.905196594193315,2.039128378843244,3.866068215350071,0
6.8468002343603125,9.742793959190642,2.89599372483033,0
6.083783523309077,5.986459801620195,0.09732372168888226,0
8.571393689626355,10.553728759121277,1.9823350694949227,0
9.87908089903847,8.477749512186033,1.401331386852437,0
29.085698622671067,29.795514282083982,0.7098156594129144,0
22.1657081339301,26.22058996858984,4.054881834659742,0
12.568370980941971,11.617944603504732,0.950426377437239,0
14.133139936779804,11.46960602819429,2.6635339085855136,0
5.732985371013617,7.514265800225888,1.7812804292122708,0
17.565953142164076,16.846020328193873,0.7199328139702033,0
32.91989221517329,31.229539334068566,1.690352881104726,0
32.09411078100637,35.02354510409993,2.9294343230935596,0
7.220177399728149,1.5213625009169558,5.698814898811193,1
18.89668966425863,21.239550791242436,2.3428611269838058,0
14.965068742484544,12.629448594488801,2.3356201479957424,0
7.893269378250654,7.736014313280625,0.1572550649700286,0
11.920469113966563,12.881919051036684,0.961449937070121,0
25.010740056936832,29.071789169513366,4.061049112576534,0
5.801242646339743,4.259950028406844,1.541292617932899,0
20.70864931081595,22.615527933226105,1.9068786224101544,0
32.4240453103349,27.81769903608878,4.606346274246118,0
12.074896538058713,14.508597547731329,2.4337010096726157,0
11.928865911392778,12.079477874813014,0.15061196342023564,0
20.80796533478972,20.552287752347805,0.2556775824419155,0
8.578392171431176,8.97028698708384,0.39189481565266426,0
16.168628986286464,15.953100808695725,0.2155281775907394,0
13.323088650164248,14.579842231861655,1.2567535816974065,0
16.634692645000747,16.96776185732986,0.33306921232911435,0
9.160549275879035,8.842577818848078,0.3179714570309571,0
12.777195474375409,12.274723455481928,0.5024720188934815,0
31.015768231684067,30.330400952272377,0.6853672794116896,0
21.600772148622685,23.7944309999113,2.193658851288614,0
26.871943173547447,23.771061111359955,3.100882062187491,0
29.7276541934676,33.716283271879114,3.9886290784115133,0
30.884494176209344,32.755801796744656,1.8713076205353119,0
21.50054176040202,22.080926013313302,0.5803842529112835,0
31.821314964843467,34.344936399061275,2.5236214342178087,0
24.621713084852402,24.24752735936136,0.3741857254910421,0
29.76482242903379,30.86246548120875,1.0976430521749627,0
34.82821881513591,35.50442516691377,0.6762063517778572,0
16.017916693072497,10.084661273784064,5.933255419288432,1
34.89260644142456,30.92769880545606,3.964907635968501,0
18.140736036076355,19.931006051379462,1.7902700153031077,0
22.70816486152647,24.773816259421256,2.0656513978947864,0
8.09050894685045,5.924612019766206,2.165896927084244,0
6.722966542151601,5.407309769677938,1.3156567724736634,0
8.91014644601507,10.22629210715382,1.3161456611387514,0
12.081218402020335,11.445453708265834,0.635764693754501,0
18.21271922025365,21.279946078177236,3.067226857923586,0
24.461318190815668,23.92302956464153,0.5382886261741362,0
19.878868844189654,18.34884030749398,1.5300285366956743,0
34.65400181275565,35.15281407612207,0.4988122633664176,0
33.579234833454734,32.427734615591866,1.1515002178628677,0
20.868384241282996,23.658237903986137,2.789853662703141,0
20.537063893640727,18.951162858349292,1.5859010352914353,0
6.898811966771317,6.826764965945708,0.07204700082560844,0
16.22884263765213,18.032883241035616,1.8040406033834877,0
9.817810611569687,11.288871441246904,1.4710608296772172,0
13.524531308383107,13.571219637079365,0.046688328696257386,0
6.4602681053399245,8.609992096987693,2.149723991647768,0
13.284302991829605,12.899168696038592,0.38513429579101377,0
6.953989196481548,6.847080208964291,0.10690898751725708,0
34.20234538996127,33.70151931257287,0.5008260773884032,0
28.008468828738533,27.80324541727743,0.2052234114611018,0
20.18693169728453,21.890561782854988,1.7036300855704596,0
9.355399157992956,7.624129323820389,1.7312698341725667,0
30.66433357626577,30.09159372168152,0.572739854584249,0
31.073636758703167,29.818915381613092,1.2547213770900747,0
13.910835972776924,11.281072046052968,2.6297639267239568,0
28.766050699755084,28.232880916929474,0.5331697828256097,0
32.58989979638116,32.404897449223036,0.18500234715812525,0
20.081028890289556,21.1362166759673,1.0551877856777452,0
16.985201225220557,17.29829183649416,0.3130906112736014,0
13.099248886794864,12.788777050567122,0.31047183622774277,0
30.62782656520137,24.61974155673189,6.008085008469482,1
8.42443004501731,9.795119980189773,1.3706899351724626,0
34.73031302704297,36.21179468410257,1.4814816570596037,0
7.15830308875328,9.872122715129745,2.7138196263764645,0
31.252087221919908,34.22618603006936,2.9740988081494493,0
27.86656058335948,26.75075681573903,1.1158037676204486,0
30.97578566923423,31.141759981952788,0.16597431271855712,0
25.32327742417211,28.582139460746145,3.2588620365740333,0
34.76130283451333,36.26670175786722,1.5053989233538871,0
20.630581566232237,20.00620532941314,0.6243762368190957,0
22.154082633892937,23.26426871563723,1.110186081744292,0
32.340003846307965,31.04560205030743,1.2944017960005354,0
13.102284066181468,11.611184124656905,1.4910999415245634,0
9.121328010584437,10.265705397067457,1.1443773864830202,0
29.02333793672283,27.858873448972698,1.1644644877501307,0
34.02697095962246,31.438782679940683,2.588188279681777,0
33.51809567966394,34.63188384174737,1.1137881620834236,0
29.878952752457582,29.437296718572952,0.44165603388463026,0
24.88731345369095,21.27291614974535,3.6143973039456014,0
24.862924480356014,27.28273706636409,2.4198125860080744,0
12.290018010830654,10.849537482292705,1.4404805285379485,0
27.093584014310547,27.115094728692405,0.02151071438185781,0
29.959009688365107,27.188393900433883,2.7706157879312237,0
12.51449844025169,16.232020520848316,3.717522080596625,0
22.56336123230724,29.419956469324678,6.856595237017437,1
22.003168905073856,22.440502619352532,0.43733371427867596,0
19.07963078824241,18.413906900751474,0.6657238874909375,0
29.3188026543792,28.94162651771813,0.3771761366610704,0
16.69124747904469,16.448966027608332,0.2422814514363587,0
25.717147487100366,24.503810085470413,1.2133374016299534,0
13.075060950481971,14.195233619402877,1.1201726689209064,0
8.674457771332602,8.130084733936968,0.5443730373956335,0
23.722562397704834,24.839458883506136,1.116896485801302,0
20.895942125400985,21.591898666349962,0.695956540948977,0
8.770531048581617,6.657299273427469,2.113231775154148,0
24.03182933683909,21.41154025931704,2.620289077522049,0
18.923910325533434,18.911815545674685,0.012094779858749405,0
23.508303471886233,23.61347543278859,0.10517196090235714,0
6.042154427777384,6.413042972038131,0.3708885442607466,0
31.83377889103535,32.07725749933886,0.2434786083035121,0
21.96353524252038,21.932546276419583,0.03098896610079649,0
24.84330795302973,23.115781452786035,1.7275265002436946,0
26.365617689076657,26.504211938877013,0.13859424980035584,0
31.59669152651288,32.34200507899947,0.7453135524865893,0
34.757554599337396,34.19050054654804,0.5670540527893593,0
25.50772989511421,20.678456372817852,4.829273522296358,0
19.62045931002631,19.60080009003044,0.019659219995869393,0
29.862825405632684,29.8972436298636,0.03441822423091523,0
17.71304410425103,17.29183657725172,0.42120752699931074,0
19.077489158276904,14.57768902470197,4.499800133574935,0
11.349575040360628,15.179726843761493,3.830151803400865,0
5.199138303422969,8.269742916753136,3.0706046133301674,0
10.92293270407231,9.044920049387,1.8780126546853086,0
20.997816962182256,21.170320283376732,0.1725033211944762,0
31.833145824309327,29.004390859386234,2.8287549649230925,0
29.008887397251524,30.834200670858415,1.8253132736068913,0
22.310044030884516,20.712048963195127,1.5979950676893893,0
31.963166614162866,27.757057017663403,4.206109596499463,0
31.13716561461228,32.032513526486326,0.8953479118740475,0
9.897675077009554,6.949996559980868,2.9476785170286854,0
29.745567086374884,28.291884267439038,1.453682818935846,0
5.33128675091496,5.927057075616224,0.595770324701264,0
12.046958994099908,11.663331450199566,0.38362754390034226,0
25.03747400296915,24.789755084035775,0.2477189189333764,0
18.95952357329329,18.600276658438915,0.3592469148543742,0
17.678402282963162,17.690912346984852,0.01251006402168997,0
5.964348958492739,7.39756669989961,1.433217741406871,0
27.567245774798,24.384905646331983,3.1823401284660164,0
32.15710862555487,33.964298519310915,1.8071898937560462,0
6.387545111162019,5.322610797699586,1.0649343134624338,0
21.81389612323571,19.450976349634523,2.362919773601188,0
17.377863374549015,16.004996426121476,1.3728669484275393,0
6.565265721060073,6.83524031396516,0.2699745929050872,0
26.317846188825115,24.69770564562656,1.6201405431985556,0
14.605028534276267,15.211922103760742,0.606893569484475,0
10.032827774444492,10.598746052545762,0.5659182781012699,0
16.888219746561745,15.321917533232842,1.5663022133289033,0
17.320101462907125,18.661318023753445,1.3412165608463198,0
33.74727673865672,32.943867956618504,0.8034087820382183,0
14.09328080420914,16.39159905945912,2.2983182552499812,0
21.142837381845887,20.611380895632532,0.5314564862133544,0
19.454249387202466,22.21153919710737,2.757289809904904,0
25.51532630504607,23.74821256880591,1.7671137362401588,0
31.706708705631975,35.09841877919631,3.391710073564333,0
16.1796054599866,13.84052152481473,2.339083935171871,0
6.643393225586335,6.044647340422363,0.5987458851639724,0
22.339095503305483,24.109664600277387,1.7705690969719043,0
32.36597035048115,28.275835309001287,4.090135041479861,0
32.49690634227552,33.548699623128286,1.0517932808527632,0
5.371716108122659,5.0582986966974115,0.3134174114252479,0
8.319676028375847,6.659528482424783,1.6601475459510642,0
22.638113266304032,18.54500773247995,4.093105533824083,0
9.213755764954408,6.451278784478716,2.762476980475692,0
24.633745107756198,21.96198381696244,2.671761290793757,0
21.20803865020158,20.41009807144425,0.7979405787573306,0
33.347978860918715,33.6128799532297,0.2649010923109856,0
14.555054313574647,14.44696717237495,0.10808714119969665,0
17.209583624576116,21.111432039178766,3.90184841460265,0
28.49814715312948,26.304718129551446,2.193429023578034,0
24.240804710189778,20.61291550493901,3.627889205250767,0
29.190534031800485,28.453022507265,0.7375115245354849,0
5.784342831745672,5.71222883709672,0.0721139946489524,0
30.103400345529003,30.074478431636702,0.02892191389230092,0
23.799515705536763,23.669375075933846,0.1301406296029164,0
7.584904490797618,5.033738291816932,2.5511661989806864,0
30.687628106891353,28.930503924275175,1.7571241826161774,0
18.64135328012279,21.619086413909837,2.977733133787048,0
21.418330008867297,21.989779885684847,0.5714498768175496,0
28.875394067853154,30.871497349270513,1.9961032814173585,0
10.519648225622758,8.869786562600744,1.6498616630220138,0
16.215473750898134,16.684515440365555,0.46904168946742075,0
11.897959667414918,12.87231551826607,0.9743558508511523,0
5.738574104010903,5.082742379741726,0.6558317242691771,0
7.579224813301334,5.5083351392829965,2.0708896740183373,0
13.80282507250633,12.402042686580854,1.400782385925476,0
12.160527963252182,14.62835791854763,2.467829955295448,0
24.497121062384323,22.557994599440487,1.939126462943836,0
17.891173209075784,16.217929580669004,1.6732436284067802,0
12.987398418152235,13.033263973805822,0.0458655556535863,0
19.575338014667707,20.532447888085226,0.9571098734175187,0
19.61899912579085,21.967631001995418,2.3486318762045677,0
30.53354170998219,34.06742315401257,3.5338814440303814,0
17.40814673266474,19.97263898495813,2.564492252293391,0
30.033689405666184,28.015711912681596,2.0179774929845884,0
32.71947914053023,33.646438702555216,0.9269595620249831,0
25.804401004710265,26.5646579512053,0.7602569464950371,0
23.99940154800139,22.03619184871622,1.9632096992851693,0
9.642760602786158,8.138487711173159,1.5042728916129988,0
25.3882236852214,27.540716780082178,2.152493094860777,0
30.6614255167849,28.7986095785134,1.862815938271499,0
32.24102157344933,30.56896773232704,1.6720538411222918,0
5.896283555073153,5.424991548896113,0.47129200617704026,0
26.26163461752772,29.702647800566723,3.4410131830390043,0
24.061648065970324,23.649179344831577,0.41246872113874744,0
16.49597634780629,14.649773207402955,1.846203140403336,0
7.082698472465187,9.941599809539198,2.8589013370740117,0
12.410151165385356,15.946902967237206,3.5367518018518496,0
28.298920268026748,26.537624266508043,1.761296001518705,0
25.7050439456258,26.406282844622122,0.7012388989963227,0
20.46344511323666,21.792979345798997,1.329534232562338,0
22.698623673630333,26.123741504757596,3.425117831127263,0
18.93438871211324,16.901665951559714,2.0327227605535256,0
31.184713851545833,34.53180097399047,3.3470871224446377,0
12.42430173966363,12.54874204920854,0.12444030954491048,0
7.81430491044004,10.747054158575821,2.9327492481357815,0
25.696068919361714,28.239121143906203,2.543052224544489,0
31.637305623469043,30.32507945292105,1.3122261705479943,0
28.992447624323376,29.576847914770443,0.5844002904470678,0
6.365356070238537,7.82748467297846,1.4621286027399227,0
12.753457194960076,8.521074225383465,4.23238296957661,0
17.697313345269688,18.067739879799106,0.3704265345294182,0
22.678728380031803,20.47983447657322,2.1988939034585826,0
28.91129662006077,29.90245422474686,0.9911576046860908,0
23.87247620523377,24.669665052580324,0.797188847346554,0
22.847830182275437,21.442987640945468,1.4048425413299697,0
28.049280668694855,26.665919480540875,1.3833611881539802,0
12.694129757175613,13.032442499284796,0.33831274210918316,0
31.541055169096907,30.312316473407655,1.2287386956892519,0
15.790462674764145,17.488104671735638,1.6976419969714929,0
32.60919148785283,36.112871346836165,3.5036798589833325,0
25.93193606084357,28.153754625097967,2.2218185642543986,0
7.62007436106181,7.374902407383086,0.24517195367872358,0
9.406281800960027,9.512775710184485,0.1064939092244579,0
23.74944316078101,23.6855443475521,0.06389881322891,0
6.02797384556331,7.994405735728172,1.9664318901648619,0
7.921521913871202,8.489665523505193,0.5681436096339914,0
29.6013385078244,29.97764162351796,0.3763031156935597,0
25.109401583427697,25.81271083185604,0.7033092484283436,0
29.548241876281214,32.83267193632933,3.2844300600481127,0
16.50600369561321,17.667630011344254,1.161626315731045,0
10.58851383266202,12.28772969724553,1.6992158645835094,0
21.710589552344807,22.980086836479828,1.2694972841350207,0
15.618384370389807,15.981751629119374,0.36336725872956777,0
29.863653251917324,25.94090158890326,3.922751663014065,0
27.431605122171817,30.370276273648603,2.938671151476786,0
32.008790327825466,32.00565446472388,0.003135863101583425,0
15.001515668407956,15.70483909507591,0.7033234266679536,0
24.786675146914096,28.546859343347506,3.7601841964334106,0
27.10387105463486,27.70325157584226,0.5993805212074008,0
11.88729315860689,13.491143799238241,1.6038506406313502,0
5.3936606581463264,3.5423563996030616,1.8513042585432649,0
13.136993148136662,12.445657880637171,0.6913352674994915,0
9.052796912864757,9.675606820508476,0.6228099076437186,0
20.352735043033732,20.15221634238181,0.2005187006519229,0
26.10978261554,27.699155150521992,1.5893725349819938,0
12.559300559837926,12.488169503205787,0.07113105663213837,0
5.464304890577357,5.075740631186265,0.3885642593910923,0
30.422128446512026,29.991669202841678,0.4304592436703487,0
19.129358877475646,17.25760487320825,1.8717540042673946,0
5.470661958966863,5.292186216586068,0.17847574238079478,0
22.43435838173667,25.682666646566652,3.2483082648299835,0
28.037339431453187,25.612680874101,2.4246585573521884,0
30.195682041709922,27.246745989292624,2.9489360524172987,0
24.915521194373948,28.961994419717403,4.046473225343455,0
8.68918061680024,9.026015648249098,0.3368350314488584,0
8.088478211250305,7.406234379063497,0.6822438321868081,0
29.68310955785129,29.64215509444574,0.04095446340554787,0
8.934877898195293,10.627662832323841,1.6927849341285484,0
23.798094242118744,23.299513297440722,0.4985809446780216,0
23.599401184736113,25.788575821030935,2.1891746362948226,0
27.0065109421182,27.616873224298345,0.6103622821801444,0
6.086135592648819,6.210462024150943,0.12432643150212375,0
28.08009779329448,28.1894725847941,0.1093747914996186,0
31.382152335288847,31.05536991303348,0.32678242225536636,0
31.072210636222188,31.312517760143482,0.24030712392129416,0
17.60232004833199,18.553178850035135,0.950858801703145,0
10.615433827277949,7.676670975197858,2.9387628520800906,0
10.707831793957734,12.102541444427573,1.3947096504698386,0
20.147606016174244,19.394543414676637,0.7530626014976072,0
34.426124779756655,37.6329528752327,3.206828095476041,0
16.71881190141383,16.818877225662884,0.10006532424905501,0
24.35868789529396,22.631204634678177,1.7274832606157844,0
6.4342096399273965,6.018537319166675,0.4156723207607218,0
25.213512501179178,24.324738322460515,0.8887741787186627,0
32.09748944870509,33.515986119548266,1.4184966708431759,0
24.868820131107526,26.563390213818945,1.6945700827114187,0
19.774111829627014,18.012480019159373,1.761631810467641,0
18.956325974226658,18.40880999625582,0.5475159779708392,0
20.88158011239271,20.53341399310391,0.3481661192888019,0
32.185452119718576,33.25332153004554,1.0678694103269635,0
33.638903280696965,30.91605522680395,2.7228480538930135,0
9.959362935704902,11.234804602078992,1.275441666374089,0
25.902605127954534,25.265237001685204,0.6373681262693296,0
14.490932668931483,13.517164517565952,0.9737681513655314,0
33.21361464033909,32.17440570194993,1.0392089383891587,0
7.132658405603363,10.786360478843376,3.653702073240013,0
34.859820501450244,34.10151908748499,0.7583014139652562,0
28.96971726768357,27.505988574783164,1.463728692900407,0
12.58696353004275,12.63790295514746,0.05093942510471017,0
16.739306314073932,18.730831522580665,1.991525208506733,0
25.518616535811255,23.963831668181424,1.5547848676298308,0
22.172508531798705,21.19847584356402,0.9740326882346864,0
22.59705064640046,21.302066035117367,1.2949846112830947,0
31.84606548551085,30.337579510201085,1.508485975309764,0
22.999551801301237,25.765067885551044,2.765516084249807,0
15.949617253023243,11.22985248556074,4.719764767462504,0
12.449742131993588,14.772908490163841,2.323166358170253,0
20.989529673950585,16.038579518901958,4.950950155048627,0
25.649210858004015,25.648588008097423,0.0006228499065912274,0
18.883878429783113,17.147064046639553,1.7368143831435603,0
10.780995819167922,13.056378682266628,2.275382863098706,0
28.941777744615827,26.982653853201935,1.959123891413892,0
9.00950101577325,7.977080069273088,1.032420946500162,0
31.661872337581816,31.771390971202585,0.10951863362076963,0
20.043693669570136,17.78945458571933,2.2542390838508055,0
26.9029991108893,23.79327522672017,3.1097238841691315,0
5.637994195375622,4.1344331080318755,1.5035610873437468,0
16.149293802003783,17.827220270113312,1.6779264681095292,0
30.272327788021133,26.849354474718712,3.422973313302421,0
31.343130915894875,29.696967229512236,1.6461636863826392,0
29.86363676337046,30.72472640634614,0.8610896429756778,0
31.56959660188252,31.879630004903298,0.3100334030207783,0
27.83578555522655,29.485635708647933,1.649850153421383,0
8.04211784294519,10.057648216482438,2.0155303735372474,0
33.76460319691134,33.139411518523424,0.6251916783879139,0
16.06404223155864,13.422317349179748,2.6417248823788935,0
34.07586822620163,35.06805377484639,0.9921855486447626,0
6.850671816071739,6.2513817432776255,0.5992900727941137,0
7.050336021958625,4.242990142999245,2.8073458789593797,0
12.57785382538306,11.28093051467376,1.2969233107093014,0
7.15171193581083,9.145684181317318,1.9939722455064874,0
33.62483321504055,31.140555173038734,2.4842780420018187,0
30.14231584174655,28.955471723960226,1.1868441177863254,0
17.831593404548755,17.783260477638763,0.04833292690999258,0
16.939534203673475,15.987254256249438,0.9522799474240369,0
6.767377572524734,5.370232703099662,1.3971448694250723,0
20.547490858969,22.593715722239605,2.0462248632706057,0
33.286701240201026,31.913225200213763,1.3734760399872634,0
33.89978153848411,30.390699436591056,3.509082101893057,0
11.865076584342184,12.57190355940423,0.7068269750620466,0
16.02161022186086,15.656040482490734,0.3655697393701267,0
7.415091054458637,9.663028656110404,2.247937601651767,0
20.823604249874478,19.639241036227247,1.1843632136472309,0
31.29916797788504,33.507945548308065,2.208777570423024,0
19.788795181421214,20.771292832482146,0.9824976510609318,0
26.73335266649999,25.383631304639774,1.3497213618602153,0
33.39844398782527,33.36695971350063,0.03148427432464018,0
13.411387548215771,12.619812009021933,0.7915755391938379,0
20.099038259613447,19.731780729867545,0.36725752974590264,0
21.759781700452425,25.535085453378134,3.7753037529257085,0
21.14405096974645,25.32603231029347,4.181981340547022,0
28.56686538691735,24.265586347074546,4.301279039842804,0
26.269790613623137,27.17433900152648,0.9045483879033434,0
5.292566696470694,7.179037761854916,1.8864710653842218,0
7.778657036522319,7.241891861324854,0.5367651751974654,0
22.87572130440104,17.135111649211648,5.740609655189392,1
28.237097547918328,28.094775671490968,0.14232187642735994,0
5.692391821983,9.240872332631962,3.5484805106489627,0
32.50994517738701,37.45216740745843,4.9422222300714225,0
11.742564533836678,13.101480403038641,1.3589158692019634,0
8.439098952845045,9.175496639881027,0.7363976870359821,0
31.067808692967127,30.991698200491584,0.07611049247554291,0
12.798853485556792,12.861231927502272,0.062378441945480034,0
8.753726077109842,8.585475473934816,0.16825060317502682,0
26.434239178991955,26.77817279646234,0.343933617470384,0
20.745641295242738,19.20199469925804,1.543646595984697,0
17.895566541115645,17.198814268745192,0.6967522723704533,0
19.228872717399046,16.265962635898,2.9629100815010467,0
16.80156738338784,15.025262724488368,1.7763046588994733,0
11.208455286017148,11.835280930652036,0.6268256446348879,0
27.544489829455337,27.947357119595928,0.4028672901405912,0
23.306591383061452,24.4247346962165,1.1181433131550484,0
16.881470078040806,17.917485457456113,1.036015379415307,0
17.495039933534763,15.848221829023343,1.6468181045114196,0
17.75051201629894,17.938055406166544,0.18754338986760288,0
33.398854599002064,32.991717609388644,0.40713698961342004,0
27.418988143600405,26.29578075238398,1.1232073912164253,0
7.804190546340553,5.543420303781961,2.2607702425585927,0
34.623585047228715,33.25262708454025,1.3709579626884647,0
33.26187635386631,30.80265576284087,2.459220591025442,0
13.931806678010282,15.076423294699005,1.1446166166887224,0
21.43842702324083,20.664316639295087,0.774110383945743,0
31.18880435426886,29.24579057304021,1.9430137812286503,0
32.329454058401055,32.16512492933878,0.16432912906227415,0
19.36019665555571,18.82620251465354,0.5339941409021698,0
9.294014611596072,10.941143612672569,1.6471290010764967,0
16.790959025184534,18.11159728870887,1.3206382635243372,0
22.76294611970023,20.30538458315239,2.4575615365478427,0
19.02047677262337,16.451460369423526,2.569016403199843,0
23.01074374010532,22.032127022247447,0.9786167178578715,0
28.691560763165047,32.05185624945705,3.3602954862920065,0
16.15561597703221,15.728252929873046,0.4273630471591634,0
34.928883664360214,36.26599876399946,1.3371150996392487,0
26.24720413076958,25.516166103784695,0.7310380269848835,0
19.73095802508439,19.64699490220403,0.08396312288035901,0
24.1461145022423,25.53823562981353,1.392121127571233,0
16.967638078858123,20.84134808808369,3.8737100092255687,0
14.501500396266962,17.035870172863003,2.5343697765960407,0
26.28091885141818,26.3272115621206,0.04629271070242069,0
27.792304353809524,29.12525336948521,1.3329490156756876,0
27.573887549284514,28.78746984648482,1.2135822972003076,0
26.27705416812755,27.018875965636845,0.7418217975092958,0
8.456824291510994,9.241780182404195,0.7849558908932011,0
27.274394546576804,24.98751965677879,2.286874889798014,0
16.630729516537315,15.578371297906932,1.052358218630383,0
31.17170722313454,33.60019242864506,2.428485205510519,0
20.28266238836473,21.429421099649584,1.1467587112848534,0
33.8485730077326,29.953777690748474,3.8947953169841227,0
34.93676044879808,35.567740772952845,0.6309803241547627,0
24.880500482804706,23.25001400968972,1.6304864731149848,0
5.444618490530102,10.141634650930314,4.697016160400212,0
28.719902198063597,28.274473055765302,0.4454291422982948,0
31.310980396068643,32.03618197936996,0.7252015833013132,0
18.13869089171032,17.8929700161333,0.2457208755770175,0
34.44105813980305,35.36392160274279,0.9228634629397447,0
29.693576264510497,31.727564072709008,2.0339878081985105,0
34.602296905671096,31.184934712821953,3.4173621928491436,0
14.520551262299525,12.703938916249257,1.8166123460502686,0
16.895809862535728,15.819859309238293,1.0759505532974352,0
8.826763802765553,7.468817049698202,1.3579467530673517,0
12.817219954064111,10.506903262405249,2.310316691658862,0
8.38324765750853,5.979270866444284,2.403976791064246,0
6.624782229987291,9.503885900877304,2.8791036708900126,0
34.341265124295774,32.85024937306647,1.4910157512293054,0
25.685817160904744,25.101863489826176,0.583953671078568,0
16.491429472887305,15.701212622638124,0.7902168502491804,0
12.763656443616032,11.277340803912544,1.4863156397034878,0
11.714625621108016,11.722826270474066,0.008200649366049362,0
16.197605232847003,16.63297238057443,0.43536714772742613,0
21.716622609541556,22.340386184737753,0.6237635751961967,0
6.934345824534236,5.235182800499674,1.6991630240345623,0
23.464076441130228,26.720959299665296,3.256882858535068,0
17.627311722971704,17.735109441107095,0.10779771813539085,0
28.276242734767287,30.764980683532272,2.488737948764985,0
18.852633562314537,24.24101104629649,5.388377483981952,1
6.0692534115454,3.9800436489283717,2.0892097626170285,0
34.755525608814835,33.47361891615756,1.281906692657273,0
18.80060833781991,20.082130302980378,1.2815219651604686,0
11.868710315492171,13.075891125695266,1.207180810203095,0
25.93149259877134,26.42798677873474,0.4964941799634026,0
10.178013897667439,10.695577239224528,0.5175633415570893,0
7.194945667556247,6.33673062338975,0.8582150441664975,0
19.592549168332404,20.859737670156903,1.2671885018244993,0
8.874879432874692,9.248716694429932,0.37383726155523966,0
19.327360181396656,22.60023756463427,3.2728773832376135,0
18.331138157378803,15.571845256000975,2.759292901377828,0
20.335832425833715,16.437964116524913,3.8978683093088016,0
27.173790958141783,25.766220783023332,1.407570175118451,0
7.378766367945672,5.138734620959708,2.240031746985964,0
26.609744488837666,28.503616219613033,1.8938717307753663,0
23.891053826336183,19.771044354371625,4.120009471964558,0
16.469856665085917,14.72393260129645,1.7459240637894666,0
15.064753693451836,13.482991230542957,1.5817624629088787,0
15.060074072910307,14.136102989737612,0.9239710831726953,0
7.651000234976126,4.890869078451442,2.760131156524684,0
19.533921847579222,20.423707807910155,0.8897859603309328,0
17.03609337697268,13.598346471308233,3.437746905664447,0
24.044706643332503,28.993748413304218,4.949041769971714,0
14.51832757215706,14.836196359416418,0.3178687872593571,0
6.037142685062051,4.711237914744644,1.3259047703174067,0
5.830454639012942,2.268134907790545,3.562319731222397,0
11.19743558609088,11.204181611977873,0.0067460258869935785,0
11.369048656397412,9.212244339611047,2.1568043167863653,0
26.013424312617527,25.406569646209853,0.6068546664076742,0
28.437107825506335,26.87120807681649,1.5658997486898443,0
17.389246135956306,15.911665726963998,1.4775804089923081,0
16.66782160043377,14.580925386029929,2.08689621440384,0
12.594630139481229,18.02351955587475,5.42888941639352,1
7.37383314890626,5.205741985627828,2.168091163278432,0
15.577060446595373,15.286540672751292,0.2905197738440819,0
9.769494467322774,12.011611573200803,2.2421171058780285,0
5.546458592702356,8.27722318438964,2.7307645916872847,0
25.93014446064886,24.146643590611568,1.7835008700372939,0
11.690580309058806,11.512919644608331,0.17766066445047457,0
18.13885941417598,17.007608111939813,1.1312513022361657,0
26.742653798661276,27.27519746096855,0.5325436623072726,0
28.344902563574923,26.344399315350316,2.0005032482246072,0
6.047189168878782,2.9464429427884875,3.100746226090295,0
26.180805791626025,26.559607396076924,0.3788016044508993,0
34.633012882335876,32.8469515932934,1.786061289042479,0
32.98780237065727,30.97493128109293,2.0128710895643422,0
26.021005182835978,27.469989832542247,1.4489846497062686,0
23.495554068613284,21.872175423301645,1.6233786453116394,0
8.75377560358718,6.983945032233061,1.7698305713541185,0
15.5583288216522,13.177311200354772,2.3810176212974277,0
8.450907398476543,6.352460640191612,2.098446758284931,0
31.842724591601318,30.51410221961744,1.3286223719838794,0
29.63701036717585,29.400798005158066,0.23621236201778473,0
18.861744100442372,18.78375601164749,0.07798808879488206,0
18.667056384153028,19.44502116434159,0.7779647801885616,0
21.474777319327202,21.85103808676119,0.37626076743398684,0
17.6025723767278,17.949287887708845,0.3467155109810456,0
12.908968046210633,10.486031149414043,2.4229368967965907,0
17.565401038227268,15.086815788821099,2.4785852494061693,0
33.516026668285754,35.22376369983875,1.7077370315529947,0
13.055097753849271,13.025815025491205,0.02928272835806567,0
33.38226685189745,32.40114133607349,0.9811255158239547,0
9.641236692303059,11.932496226333122,2.291259534030063,0
11.508526579805402,11.543173776905627,0.03464719710022557,0
31.83208725213864,33.22587381566718,1.3937865635285398,0
29.489560600859328,27.923748713801892,1.5658118870574356,0
24.274919537613336,25.568277991173634,1.2933584535602982,0
30.590039544514898,31.99145705561259,1.4014175110976907,0
27.13246473028045,29.52679525909917,2.3943305288187204,0
5.921850923442303,2.1968937919353633,3.72495713150694,0
28.67600489940797,29.931138940030117,1.2551340406221456,0
28.15043461848959,29.909874665282555,1.7594400467929638,0
7.579379371156595,6.33226030185251,1.2471190693040848,0
21.89603983982696,18.336343871811117,3.5596959680158413,0
22.14404175705744,22.905849452443444,0.761807695386004,0
30.97374960634894,34.35608533764646,3.3823357312975233,0
14.893293175972852,13.812835479387749,1.0804576965851034,0
10.999534585121147,8.718578326862056,2.2809562582590903,0
6.921796357949626,6.5829343740387465,0.3388619839108795,0
20.997349938269636,23.16666190218983,2.169311963920194,0
29.82253130619824,30.240692114756037,0.418160808557797,0
26.875128270171643,26.92139814468717,0.04626987451552722,0
9.34982875700088,11.362929804195726,2.013101047194846,0
31.92146248667892,31.337370527722715,0.5840919589562041,0
16.647375360927143,19.203473259297432,2.5560978983702896,0
6.592089975967591,2.95629751784382,3.635792458123771,0
30.88609436123583,30.74543939458788,0.14065496664795063,0
17.075737293148592,16.153379664532412,0.9223576286161794,0
20.42716005758028,21.68373972006744,1.2565796624871588,0
33.437245679274675,33.29423481413212,0.143010865142557,0
33.513927872906855,32.90386090091245,0.6100669719944065,0
26.609358388770918,28.173798695356062,1.5644403065851442,0
22.738803107768092,22.505845734621186,0.23295737314690612,0
23.22790719136235,21.44981205147775,1.7780951398845986,0
13.905204307478654,14.57444182168099,0.6692375142023366,0
25.03326096624406,25.68607037741216,0.6528094111681,0
30.087338697708052,29.619944453996872,0.46739424371117977,0
20.80260924473552,21.3639784301553,0.5613691854197782,0
20.87657288944796,20.710887967880115,0.16568492156784487,0
21.7440778572541,20.461338492425345,1.2827393648287568,0
25.617280699572227,25.864507973626388,0.24722727405416123,0
13.452082293229216,14.940603662914713,1.4885213696854969,0
7.684924359575687,4.7481596216106245,2.9367647379650625,0
10.024520408998416,10.67792712172487,0.6534067127264542,0
19.27609838542406,15.641144867725277,3.634953517698783,0
26.406305064734145,29.77878790701289,3.372482842278746,0
5.234612658930269,5.427207794538699,0.1925951356084301,0
5.900489074138232,4.671265342039186,1.2292237320990456,0
19.27001006296927,19.8443768037836,0.5743667408143303,0
14.812832300891811,14.826225833099414,0.013393532207603087,0
21.928464948984498,22.232993274750218,0.30452832576571964,0
21.45762056516527,22.598053534597454,1.140432969432183,0
12.792578298381553,12.64467056897072,0.1479077294108322,0
33.06664814065107,33.83399134021069,0.7673431995596189,0
12.511540125694905,11.475827676092557,1.0357124496023484,0
14.499083834871408,15.295471910497643,0.7963880756262345,0
8.211276384519593,8.065445970150948,0.1458304143686444,0
28.317252434814023,28.380688331620263,0.06343589680624007,0
10.024247484123034,13.342520994220946,3.318273510097912,0
10.562617098285145,8.225390168790955,2.3372269294941894,0
6.538268079847808,5.100232494380238,1.4380355854675697,0
20.04428451215534,15.034627260207817,5.009657251947523,1
28.00591234771695,25.779261074664568,2.226651273052383,0
27.968981265153918,24.966131567493616,3.0028496976603023,0
12.000104762362756,11.061955268765939,0.9381494935968178,0
26.54084931344594,26.077302547437046,0.4635467660088928,0
10.915468173571568,10.760398047977763,0.15507012559380584,0
15.544993636825597,16.94084493132274,1.3958512944971435,0
28.28707053321383,29.17852285890628,0.8914523256924518,0
6.576222028030627,8.981058402731543,2.404836374700916,0
9.075933848508166,11.463474231996841,2.387540383488675,0
15.492905240515245,14.942200395348193,0.5507048451670524,0
13.508989598660841,12.3469931203443,1.1619964783165422,0
24.666909132402253,26.684127836546743,2.01721870414449,0
6.091392043662913,7.2612298387530885,1.1698377950901753,0
22.63852481252287,24.001658521853443,1.3631337093305724,0
20.354155358192894,20.54437809431633,0.19022273612343454,0
26.29037450923851,24.960602482987703,1.329772026250808,0
29.57487388532735,30.500459977503695,0.9255860921763457,0
29.88271089714083,30.173836434581744,0.29112553744091585,0
26.013676518520803,26.53595971792684,0.5222831994060364,0
26.228963262959034,28.793956183311188,2.5649929203521538,0
29.721128591418847,30.68118174664947,0.9600531552306251,0
17.717322784959947,17.604586760273182,0.11273602468676458,0
21.442471850980272,19.555153085206626,1.8873187657736459,0
30.841003284763005,30.12975802093847,0.7112452638245337,0
25.583378722606547,27.739384457800714,2.1560057351941673,0
27.62389817925365,26.43987746759284,1.1840207116608106,0
18.6311563729016,17.28462556487515,1.3465308080264506,0
31.344147850727346,30.18977365638479,1.1543741943425552,0
10.612769054659147,8.814561629121938,1.7982074255372087,0
24.38481620179263,24.310099165449888,0.07471703634274363,0
29.40757452726904,31.344646137075745,1.9370716098067042,0
30.74117044510025,34.415489902331984,3.6743194572317357,0
22.27796655784586,20.088316104855842,2.189650452990019,0
33.5683123251787,35.74165532249262,2.1733429973139167,0
28.83720658588666,26.970330693080175,1.8668758928064833,0
24.849803404319506,28.862583600723827,4.0127801964043215,0
16.988928587973895,18.028997031543067,1.0400684435691723,0
27.120295074539417,26.751703194534393,0.36859188000502385,0
32.32204792712423,34.85965906661496,2.5376111394907284,0
16.916649753682155,15.452203798760666,1.464445954921489,0
26.46001327668699,26.145750313865236,0.31426296282175414,0
9.072911866758872,5.660260443577519,3.4126514231813534,0
29.100400622654924,31.555401589346598,2.4550009666916743,0
15.497551285378817,14.616677126086882,0.8808741592919347,0
6.2058508080992505,7.514704425301563,1.3088536172023124,0
18.683309878779866,17.09135278148746,1.5919570972924078,0
26.879297219234868,27.127145459973107,0.2478482407382394,0
34.4141785122969,36.742255565157514,2.328077052860614,0
9.93704389638767,11.214272003143263,1.277228106755592,0
15.525874583554238,16.498522944664682,0.9726483611104442,0
28.67376814364834,31.139816586077256,2.4660484424289173,0
31.943725103181727,32.06548288198217,0.12175777880044336,0
23.882207817129206,23.625161776092114,0.2570460410370927,0
31.329330710772815,30.186569417668494,1.1427612931043214,0
25.805637318734224,26.0316961975726,0.2260588788383764,0
13.065630229329084,11.145170254606912,1.9204599747221724,0
26.118764775647545,24.622232777517333,1.4965319981302123,0
31.812981412371634,30.701374186062502,1.1116072263091326,0
11.442529497538818,14.024598143668719,2.582068646129901,0
15.43353936908399,15.593167372448656,0.15962800336466643,0
6.912967694992513,8.874612681202958,1.9616449862104446,0
20.36973491534898,18.789282556681584,1.5804523586673973,0
31.44998751569084,32.26697557258292,0.8169880568920824,0
19.570580088899423,22.56290124167694,2.9923211527775173,0
5.456606611877416,3.110306916296297,2.346299695581119,0
21.2321672284164,21.32503395706543,0.09286672864902812,0
11.624950283483527,11.8504772369927,0.22552695350917418,0
7.03068207312371,2.398700554342092,4.631981518781618,0
10.409778514730059,11.576444532119986,1.166666017389927,0
13.604630299672973,17.127605056802764,3.5229747571297914,0
8.05443982945581,7.893592974947679,0.1608468545081303,0
6.924647208561332,9.177346057056564,2.252698848495232,0
9.611226116801594,9.380570233479139,0.23065588332245568,0
23.93579293435959,23.421448863504327,0.5143440708552625,0
13.153066633409022,12.895554951963726,0.2575116814452958,0
16.600407288275782,16.757735083481034,0.15732779520525142,0
5.841072404710594,8.287227910051058,2.4461555053404638,0
23.881930872214,27.60634725459201,3.72441638237801,0
31.409937362441596,33.29828622174921,1.8883488593076123,0
23.68776431369099,23.523198996546654,0.1645653171443371,0
22.53680382407812,22.492910803676992,0.043893020401128524,0
27.87634887148573,27.303638049426944,0.572710822058788,0
26.96007411101426,27.141262377913698,0.18118826689943646,0
32.78561515876494,30.208734406295807,2.5768807524691333,0
18.04089791158076,20.427196653423366,2.386298741842605,0
5.683830480577861,7.208451471679799,1.524620991101938,0
25.471872229429138,24.23575524857026,1.2361169808588777,0
6.453928451466235,8.77919732294953,2.3252688714832948,0
20.646436580912926,22.051282030999413,1.404845450086487,0
31.820746478048928,33.789710537826345,1.9689640597774165,0
27.379923819371975,31.42849953970404,4.048575720332064,0
15.083841302480353,19.076669222628585,3.9928279201482315,0
13.282285999965048,13.581944652738159,0.2996586527731111,0
20.552779563279035,20.85116727918794,0.29838771590890545,0
27.9329021835825,28.00537591921015,0.07247373562764992,0
7.598712545090255,6.1284107881814665,1.4703017569087882,0
17.764756845181676,18.806749930863663,1.0419930856819875,0
5.553620827471933,7.159894589243198,1.6062737617712646,0
29.88982884877902,32.82234240187531,2.9325135530962925,0
20.093965837186484,21.61901249938619,1.5250466621997063,0
16.74947027374927,15.799701788617577,0.9497684851316937,0
22.74090706954722,24.955095085425203,2.2141880158779834,0
8.45899518121474,9.022354832755806,0.5633596515410648,0
18.46581001416962,18.205587224106925,0.260222790062695,0
9.929477830000874,7.317972078043249,2.6115057519576244,0
17.492493520084402,19.560740239490663,2.068246719406261,0
23.742404387180613,25.452321570958926,1.7099171837783125,0
19.970042465564667,17.511600010593018,2.4584424549716495,0
17.87668968905303,16.43630334398958,1.4403863450634518,0
20.002541411502467,17.014916549569865,2.987624861932602,0
14.007388571584896,16.847633975354103,2.8402454037692078,0
24.758310595049444,23.78704116927335,0.971269425776093,0
25.923595504541087,26.96935393219933,1.0457584276582423,0
9.6961358916829,9.23631286485426,0.45982302682864074,0
12.678650056706843,10.463809479563722,2.2148405771431214,0
13.264395979749024,14.84415569633105,1.5797597165820267,0
22.847576188922435,20.726896323792765,2.12067986512967,0
28.536007383887934,28.593360352568045,0.057352968680110195,0
14.816311020113828,14.95361299137875,0.13730197126492172,0
25.964222457154953,24.201237538761458,1.7629849183934958,0
14.92494233012424,16.562521798962965,1.6375794688387248,0
13.989339715239115,14.804485628291722,0.8151459130526071,0
21.267971778242877,17.451912404145816,3.816059374097062,0
11.04831429467848,15.031747644630311,3.983433349951831,0
9.336154203286956,10.475475772161879,1.139321568874923,0
23.342186159827435,27.297183893358454,3.9549977335310196,0
13.586360098234078,9.317430834381916,4.268929263852161,0
30.23374540666765,30.080113523611836,0.15363188305581588,0
9.54979392878352,8.722889254456723,0.8269046743267978,0
33.608946108675106,33.52097745732429,0.08796865135081333,0
34.04479126350655,34.73636154873859,0.6915702852320393,0
14.59801168529161,11.354017394876996,3.243994290414614,0
5.961943094740626,6.573018589259217,0.611075494518591,0
18.578835845346433,18.119264763096318,0.45957108225011467,0
10.733302675134818,8.475400239766298,2.2579024353685195,0
32.537161863822355,33.4934376401201,0.9562757762977441,0
25.85571040767772,25.075813551352148,0.7798968563255713,0
34.776804074975445,30.879435455681,3.8973686192944434,0
23.343817660639846,22.305434593021324,1.038383067618522,0
8.3142333408796,11.87921204587596,3.56497870499636,0
18.327444146132503,18.502649522766234,0.17520537663373048,0
21.76858720316883,20.95721115842244,0.8113760447463925,0
14.868601009780962,11.21782980766554,3.650771202115422,0
30.130086012050864,32.47820509750428,2.3481190854534155,0
27.827217368605716,25.41304688551129,2.414170483094427,0
16.69918859299074,13.429409129578193,3.269779463412547,0
30.17440244325392,30.87380025472763,0.6993978114737089,0
12.546017952158213,12.17982086646242,0.36619708569579323,0
31.6887029528112,33.92749780919648,2.2387948563852795,0
12.32679634503975,10.696469463315605,1.6303268817241445,0
34.23182947894671,30.872566639399732,3.3592628395469752,0
24.90757952438052,26.79546633420404,1.8878868098235202,0
20.937389071461638,21.83163336553726,0.894244294075623,0
17.929577081263268,19.256924786356112,1.3273477050928442,0
20.506722805024758,25.074915138874243,4.568192333849485,0
9.593817528772036,7.784712517078572,1.8091050116934637,0
17.305023369456165,17.356864445594397,0.0518410761382313,0
23.073772788938346,23.576221669069845,0.5024488801314995,0
28.000966397106016,29.87786075884738,1.876894361741364,0
21.153631985059334,20.554152043233017,0.599479941826317,0
17.623043945942264,16.64410937726702,0.9789345686752426,0
17.706518295884663,19.513368651401223,1.8068503555165591,0
20.7345320298531,18.93129412526717,1.8032379045859308,0
32.45963940136022,33.94653879338536,1.486899392025137,0
27.30396373263211,29.352945362034244,2.0489816294021352,0
12.827167039044088,15.286992971847612,2.4598259328035237,0
12.731816893216928,13.351717460632209,0.6199005674152804,0
20.070918829883237,19.614808088452023,0.456110741431214,0
25.196709990874375,24.783040426560973,0.41366956431340185,0
30.518044385708368,34.95161025151299,4.433565865804621,0
29.280814803075142,30.11034180085122,0.8295269977760782,0
5.8533492224827475,6.737117599624376,0.8837683771416289,0
22.454549473682455,22.318652642792767,0.1358968308896884,0
24.78719957618777,20.859298377487853,3.9279011986999173,0
11.988184868519394,12.675384304267958,0.687199435748564,0
17.64899164419508,17.146166333386713,0.5028253108083653,0
32.062046351313526,34.420091960637684,2.358045609324158,0
18.871026532164485,22.68760309882844,3.8165765666639544,0
6.334600628825989,5.782941915656346,0.5516587131696422,0
24.38797439162515,22.830083115307854,1.5578912763172958,0
17.177403250562385,14.642890437739814,2.5345128128225713,0
33.798220853038856,35.05861632691727,1.260395473878411,0
34.52778435030204,38.252791451969635,3.725007101667593,0
20.41664435144009,19.574263685068367,0.8423806663717244,0
7.5654265807532015,6.094625203099627,1.4708013776535749,0
9.929493551807317,9.746632735068351,0.18286081673896604,0
12.857800178379946,11.830319669939202,1.0274805084407443,0
18.414462239777514,19.656012992310053,1.2415507525325395,0
19.820916819462475,19.824071525252997,0.0031547057905214615,0
19.205643208425315,21.97838081294433,2.7727376045190155,0
11.789017422788831,13.502076275576597,1.713058852787766,0
25.528336141660194,23.53935199180043,1.988984149859764,0
27.215914856944163,29.567543281484088,2.351628424539925,0
33.53344517563225,32.585517851834055,0.9479273237981971,0
6.635732570696634,8.492656368430328,1.8569237977336943,0
11.807085516725238,7.887389807763327,3.9196957089619104,0
6.231745270875954,8.73992378115371,2.508178510277756,0
16.670695356550358,15.72003274643639,0.9506626101139677,0
6.342630701658289,4.708946611059353,1.6336840905989352,0
20.53964821699335,20.837615309173273,0.297967092179924,0
31.565646903677912,29.705528053826615,1.8601188498512968,0
27.450672264697495,24.391372246323503,3.0593000183739925,0
19.12534378420622,16.55370410570845,2.5716396784977675,0
16.601286135587994,16.762259111954677,0.16097297636668273,0
6.878969459804434,5.130770441937243,1.748199017867191,0
17.907220470857823,19.137343807456645,1.2301233365988224,0
28.64215366122926,31.3623307443486,2.720177083119342,0
9.095474938638528,8.429125333620702,0.6663496050178264,0
14.000645145062217,15.954946920264776,1.954301775202559,0
14.939190565149872,15.707173752161822,0.76798318701195,0
5.882482222914746,7.891771290495992,2.0092890675812463,0
10.528325407499967,10.15616607192696,0.3721593355730075,0
34.3591400684586,32.56056024400099,1.7985798244576117,0
6.443869662626963,5.171144307489389,1.2727253551375748,0
6.416079703319765,7.390849065285602,0.9747693619658371,0
23.757735135065662,24.35788519613687,0.6001500610712078,0
22.566732499439038,22.68321385573982,0.11648135630078116,0
25.505385010351436,24.363247448512702,1.1421375618387337,0
27.46669775963122,28.947970029016652,1.4812722693854319,0
19.275409052672398,19.718443843072464,0.4430347904000662,0
19.409974092336576,16.744024149041678,2.6659499432948977,0
20.153818606530567,19.402237262093706,0.7515813444368611,0
6.691128148046235,6.228637751249243,0.46249039679699155,0
6.025524374513871,7.558700203241552,1.5331758287276802,0
26.267206486707337,25.33795127101433,0.9292552156930078,0
14.782822007858918,17.661220196980697,2.8783981891217785,0
32.05810871623795,29.364473808702268,2.693634907535685,0
10.0708977639746,12.353016682466096,2.2821189184914967,0
28.792323345781032,29.663535555686458,0.8712122099054262,0
6.304666849601538,6.815913658406178,0.51124680880464,0
7.4743516914743635,7.361783509854243,0.11256818162012028,0
24.440741367132958,23.73780379296252,0.7029375741704378,0
16.411199738907584,15.337521443473156,1.0736782954344282,0
24.400024192938304,27.675899546066663,3.2758753531283595,0
33.79078536682432,32.50084646702791,1.289938899796411,0
15.610064698136679,14.303322076524546,1.3067426216121323,0
18.067328215261,20.560294063373032,2.492965848112032,0
19.662142512224094,21.45092186437669,1.788779352152595,0
12.386682772992014,13.001357706091783,0.614674933099769,0
11.656901220801412,13.119171214936134,1.4622699941347221,0
32.53277794816288,32.00439494933563,0.5283829988272544,0
9.817446178734205,10.576795576136401,0.7593493974021968,0
30.93021166022127,29.826445788457512,1.103765871763759,0
32.10771096217472,33.70558166023422,1.597870698059502,0
7.649441563383319,8.01695966346557,0.3675181000822514,0
12.14262979322126,12.5629591547131,0.42032936149183975,0
27.520950218974743,29.70646222506743,2.1855120060926865,0
17.21242848646751,16.80658636994156,0.4058421165259496,0
7.357558370273944,9.397565734091632,2.040007363817688,0
31.862821530273322,34.51396678866246,2.6511452583891355,0
14.129163894005957,13.660795814860375,0.4683680791455824,0
9.674300370700784,12.196842101745816,2.522541731045031,0
30.89933933981486,31.528024266167023,0.6286849263521646,0
16.73601596419922,16.952365913106416,0.2163499489071974,0
8.348149558834557,10.3337108076576,1.9855612488230427,0
11.170463139177995,9.295557255281082,1.874905883896913,0
5.08748408996143,1.6008038140122922,3.486680275949138,0
23.65666403186257,25.74126269998208,2.0845986681195114,0
21.25858577169394,22.769017230092523,1.5104314583985818,0
33.42618024784748,32.43093492819464,0.9952453196528452,0
25.26206276417197,22.170209110805633,3.0918536533663357,0
9.059971267206182,8.42517877734684,0.6347924898593416,0
28.548142701675893,26.858149579020793,1.6899931226550997,0
23.506860511714468,25.035625583271322,1.5287650715568546,0
5.310948225883125,6.234091550041226,0.9231433241581009,0
24.174091782974447,23.829510341606124,0.344581441368323,0
26.18877110566287,24.454441435980005,1.7343296696828645,0
17.567696500628102,17.118659696922254,0.4490368037058481,0
16.169239902524804,17.69085934973485,1.5216194472100462,0
6.107304504752261,6.177784927865893,0.07048042311363201,0
33.44092103913868,35.5245995969504,2.083678557811723,0
22.179486322465987,22.66868052654354,0.48919420407755254,0
26.75505356609189,29.34954192710851,2.594488361016623,0
13.115547942559225,14.300101332065331,1.1845533895061067,0
33.25772676139802,30.88904904778264,2.36867771361538,0
6.58461232520025,6.001261359164957,0.5833509660352929,0
26.76638190594656,27.77825070278476,1.0118687968382005,0
16.82725658589367,15.034329552906684,1.792927032986988,0
29.178841428773964,32.165838841312905,2.9869974125389405,0
9.792726846659109,12.58282464723971,2.7900978005806003,0
26.67382848108087,28.11119271896237,1.4373642378815,0
20.42276630658755,20.02688396872191,0.39588233786563976,0
21.608970175166657,24.561026219323942,2.9520560441572847,0
33.02629762781745,34.72413439515154,1.6978367673340884,0
21.401860009987242,19.275789542498625,2.126070467488617,0
26.657449000513353,25.26025272181338,1.3971962786999725,0
6.564448051065616,6.791992088670002,0.22754403760438535,0
30.120231469265004,30.35592281509155,0.23569134582654527,0
12.278952500933498,14.330324957509909,2.051372456576411,0
23.602031188176447,20.841849004196796,2.7601821839796514,0
29.700404903315174,29.875544914280137,0.175140010964963,0
20.34204621320216,22.677712012592284,2.3356657993901244,0
8.846721036336877,6.7325847903046,2.1141362460322775,0
11.171043136058746,10.72143343003952,0.4496097060192259,0
18.693592289042275,21.430495006929252,2.736902717886977,0
8.436473019050863,3.908042286298044,4.5284307327528195,0
24.312829499988542,25.499021909773138,1.1861924097845957,0
16.200768526633873,14.897613721748014,1.3031548048858586,0
24.302818187166785,22.596056900139747,1.7067612870270388,0
27.28034099904492,26.32336453744898,0.9569764615959393,0
28.243032171651006,26.78812793536547,1.454904236285536,0
25.056368079446763,24.11504033682129,0.9413277426254716,0
17.408249563904704,18.942922882118257,1.534673318213553,0
28.391638944383313,26.873621185371594,1.5180177590117196,0
32.0762444599698,35.24095085289532,3.164706392925517,0
14.669828459644537,15.256714281527353,0.5868858218828166,0
21.338280314064676,18.441635381726385,2.8966449323382903,0
9.179449595101062,11.182468610395308,2.003019015294246,0
19.08106403601529,20.132477330513026,1.0514132944977348,0
21.62782649821938,20.366122395259563,1.2617041029598184,0
18.811355443213163,18.948653441979673,0.13729799876650972,0
14.47855546364333,14.778577032449338,0.3000215688060077,0
7.21164541744707,7.3800737040202256,0.1684282865731559,0
5.711115513594345,2.3398543546776116,3.3712611589167336,0
7.913827922842293,8.02280864886981,0.10898072602751796,0
23.82028914698838,25.73420678145158,1.9139176344631998,0
23.273671818550916,24.894253405607138,1.620581587056222,0
30.451821953190937,30.434688737612245,0.017133215578692074,0
11.829001749829741,9.27059858820773,2.558403161622012,0
9.064147853893125,3.4649355323965016,5.599212321496624,1
16.66584611315276,19.6003214106102,2.934475297457439,0
30.39129221425124,32.31540460415509,1.9241123899038506,0
31.720163303676554,30.933834087057313,0.7863292166192402,0
13.892202767203027,12.369162468205563,1.523040298997465,0
22.168803588416726,21.2928992675867,0.8759043208300241,0
22.57066389851996,17.591290559565493,4.979373338954467,0
23.611595830849538,25.938919211867365,2.327323381017827,0
16.02691461311459,12.97961265471218,3.047301958402411,0
16.56425495726175,16.480266393064678,0.08398856419707101,0
12.622467146695104,10.975562097414487,1.6469050492806172,0
28.641279466133554,31.567630058260956,2.9263505921274025,0
13.146446862547986,9.882405939926294,3.2640409226216924,0
30.24412171700566,28.545976222678377,1.6981454943272851,0
34.92220981553862,32.35040905553637,2.5718007600022545,0
23.26906270181243,23.548713653790365,0.2796509519779349,0
10.569999990930157,11.11691017405173,0.5469101831215735,0
24.66675802963348,25.952425267832055,1.2856672381985739,0
16.66452767419272,17.559046488592212,0.8945188143994933,0
26.48121272620146,22.874912278145874,3.6063004480555847,0
7.2224878761500175,8.15639695655042,0.9339090804004027,0
25.609212299837274,27.06724763539979,1.458035335562517,0
5.348982529725305,4.923249527639486,0.42573300208581877,0
9.89286130599473,9.920952932491968,0.028091626497237954,0
28.000001743132938,28.961072120222155,0.9610703770892179,0
32.435896856961044,32.34000594026873,0.09589091669231209,0
31.241740295582172,28.862837124273785,2.3789031713083872,0
18.400329135983718,24.39741607572468,5.997086939740964,1
21.59027668532089,19.859768032403792,1.7305086529170985,0
19.232463697252097,21.30913430572788,2.0766706084757836,0
19.546142979790773,21.93790374602633,2.3917607662355564,0
33.03556430423594,31.317008029516636,1.7185562747193046,0
15.435750416275738,14.027383062401832,1.4083673538739063,0
18.948888358322467,17.840602520690645,1.108285837631822,0
24.253701144087806,26.843502599461274,2.5898014553734683,0
11.829467278082678,13.114391335980066,1.2849240578973884,0
19.39534319076883,18.367364881847656,1.027978308921174,0
20.27387110637221,18.11438936843056,2.159481737941647,0
31.63462146917845,33.15697808908696,1.5223566199085106,0
16.236482870370907,20.242882632489767,4.0063997621188605,0
30.833580694614405,29.528493939193545,1.3050867554208594,0
10.60581414339487,9.595239759148408,1.0105743842464623,0
5.693230429023506,5.073131113299967,0.6200993157235395,0
26.699463293107943,26.447582177168236,0.25188111593970675,0
11.671198969753181,15.455406136598004,3.7842071668448227,0
33.18601641734536,36.041806823810845,2.8557904064654878,0
19.7211820146249,20.217437693744113,0.4962556791192121,0
28.399782182014032,30.05104925784334,1.6512670758293062,0
32.950427579305654,32.723718335585104,0.22670924372054913,0
28.856754042294902,29.52191741363358,0.6651633713386786,0
12.825068182800553,13.758684257912046,0.9336160751114928,0
24.26207357172934,22.69569036602618,1.5663832057031577,0
8.756304735276554,12.822032630083227,4.065727894806672,0
12.696647205737548,12.128130607944767,0.5685165977927813,0
34.37372595902495,38.03783401462488,3.6641080555999253,0
27.092530523450566,27.727553503461124,0.6350229800105573,0
34.5253587486842,32.113257248364356,2.4121015003198423,0
15.396288978700083,17.439558126036278,2.0432691473361952,0
28.875128536672232,28.871413298936123,0.0037152377361096,0
25.76082025181695,22.740755082746897,3.020065169070051,0
17.99149302845764,17.921008828557042,0.07048419990059784,0
24.95970882855726,25.786070205048453,0.8263613764911923,0
20.41304333121353,22.2807963735854,1.86775304237187,0
25.28846901899844,24.653039388885798,0.6354296301126432,0
7.278164794571888,8.439920122148282,1.1617553275763939,0
34.23109495374755,35.30157639142068,1.0704814376731306,0
7.647740577933466,11.350503764404284,3.7027631864708175,0
11.750417370233757,10.591347599666944,1.1590697705668127,0
8.355607627359078,9.027530733626826,0.671923106267748,0
15.102131675694725,13.624370967249924,1.4777607084448015,0
29.83421769306222,30.050447163721458,0.21622947065923626,0
29.767369770482336,32.15673537063211,2.3893656001497767,0
8.083514340420598,10.205392342184776,2.1218780017641787,0
12.57094389077007,8.979321621367188,3.591622269402883,0
27.28353647698632,24.20847385304174,3.075062623944582,0
8.773247473410354,8.80206659279249,0.02881911938213655,0
16.704958822757355,17.631598739125725,0.9266399163683694,0
33.91535005589709,36.47258166557413,2.5572316096770393,0
10.912343896144563,12.304534017842133,1.3921901216975705,0
31.871427161682554,31.376089812435715,0.4953373492468387,0
24.356241971021735,23.109122625911102,1.247119345110633,0
6.0577364758907395,9.85347864986124,3.7957421739705,0
5.932739508135798,5.155280726618017,0.7774587815177814,0
9.39700872138696,10.202450670320871,0.8054419489339111,0
14.941626241266738,12.264132139293384,2.6774941019733536,0
8.839198145311553,6.850126635726497,1.989071509585056,0
8.915642072992716,9.530872185749343,0.6152301127566275,0
15.547366519353048,15.007123218879435,0.5402433004736125,0
15.964374446119105,17.303392569336477,1.3390181232173717,0
31.04546423792829,31.526450587556496,0.48098634962820697,0
23.994296687658863,25.723915057598656,1.729618369939793,0
29.184810456521245,32.189199484718735,3.0043890281974903,0
21.512400466843008,19.671582546824656,1.8408179200183525,0
24.01002929946164,22.842918669319534,1.1671106301421048,0
10.091065004541118,9.995503657315568,0.09556134722554965,0
6.543374403209902,3.43337153756341,3.110002865646492,0
13.85592844130914,13.295340012222677,0.5605884290864633,0
30.720266155869368,29.3459597165772,1.374306439292166,0
26.666580063424085,26.59866356865803,0.06791649476605599,0
31.69261935943489,29.258530556024137,2.434088803410752,0
13.753487155675494,15.469015014964706,1.715527859289212,0
16.481502235719887,17.476780136478435,0.9952779007585484,0
34.559251717951014,33.204253189372594,1.3549985285784203,0
7.285207017108863,7.78751983892933,0.5023128218204667,0
7.355944842529566,7.298901864451203,0.05704297807836323,0
11.402083247365333,10.892064918085472,0.5100183292798608,0
34.37235278473548,32.84679044750963,1.5255623372258498,0
18.31458811351967,17.722816300358897,0.5917718131607721,0
9.067491740446124,14.151654539004682,5.084162798558557,1
26.10050591973372,28.813785560078568,2.7132796403448474,0
14.775599673201201,16.91457749894948,2.138977825748279,0
33.03573377422731,33.84280953262649,0.8070757583991792,0
23.61136184540875,24.63926624286868,1.0279043974599276,0
34.510357715713425,35.21836214196804,0.7080044262546181,0
16.079222542730214,12.810277261721964,3.26894528100825,0
34.77602291396758,35.251346883771376,0.4753239698037959,0
19.732226165290328,20.177495385856986,0.44526922056665796,0
34.81129037103189,34.111221283225085,0.7000690878068028,0
26.11030346516857,24.82984166493729,1.2804618002312793,0
21.48724614057503,22.22863741436594,0.7413912737909101,0
27.91541310293619,29.447469040300785,1.5320559373645963,0
24.416598186161803,25.30540145560766,0.8888032694458587,0
12.977788763555605,16.62548726456057,3.647698501004964,0
32.75337270220393,33.570913112676855,0.8175404104729225,0
29.48336769311085,30.778012113012966,1.2946444199021165,0
25.08313080689831,27.641684481513387,2.5585536746150765,0
28.87790201316929,30.840784488993783,1.9628824758244932,0
10.251693342412361,8.101609639664359,2.1500837027480024,0
10.890757991957411,11.150049679571502,0.25929168761409116,0
33.958844179079065,37.708404873520855,3.74956069444179,0
6.460751931583127,5.734797738786309,0.7259541927968183,0
21.94934931014223,23.462674780944507,1.5133254708022754,0
32.253598777699395,30.700510927504784,1.5530878501946113,0
24.5875892048656,24.538091982053743,0.04949722281185842,0
6.048180522190244,5.060852915563574,0.9873276066266703,0
32.801131289078725,27.194173972352655,5.606957316726071,1
24.069882437687255,24.177282235493223,0.10739979780596798,0
13.069834218915133,12.514813180067593,0.5550210388475403,0
8.863140434774207,9.61036084412462,0.7472204093504136,0
26.542966020405252,24.363698870001606,2.1792671504036463,0
32.281232745104816,32.16376678953479,0.11746595557002593,0
18.768057652968906,16.36627462961531,2.4017830233535946,0
13.470008945253591,11.760877604590409,1.7091313406631823,0
17.299063808449002,15.907223853515584,1.3918399549334186,0
15.517630400488368,15.745546887443142,0.22791648695477384,0
19.22468714016498,19.437338597904375,0.2126514577393941,0
15.976418404038649,19.301074368700466,3.324655964661817,0
17.935929078405216,18.599817511258152,0.6638884328529358,0
29.219624089462567,29.30830454106434,0.08868045160177473,0
8.230277514075011,7.243911185486899,0.9863663285881117,0
9.874195254837268,14.584183982996338,4.70998872815907,0
6.386090857426723,6.182144014462137,0.20394684296458543,0
8.214705328779148,11.635049832325745,3.4203445035465965,0
31.69673374647588,31.383259524193786,0.31347422228209254,0
20.696002556571305,20.301577549115354,0.39442500745595055,0
26.044050671332414,28.197756944363142,2.1537062730307284,0
5.3823933843727545,3.833258343912352,1.5491350404604023,0
8.463009621982023,7.691989442643452,0.7710201793385707,0
15.332561636166774,17.97844129795508,2.645879661788305,0
24.668875244030897,23.282579585612044,1.3862956584188524,0
28.149595166504664,25.48316690459595,2.666428261908713,0
14.866671887855695,13.28194272488365,1.5847291629720441,0
21.73626979900896,23.506562166206866,1.7702923671979072,0
34.02790068503579,32.41474095473209,1.6131597303036997,0
8.283636021197935,10.096942342142917,1.8133063209449816,0
20.916977693063373,22.424476132703784,1.5074984396404112,0
25.23396669225778,26.027804177307804,0.7938374850500232,0
26.367417838994907,25.026439231597113,1.340978607397794,0
31.43619563061261,33.57598749918146,2.1397918685688495,0
26.143915775615504,28.002624874731094,1.8587090991155897,0
15.072721783684381,15.160465574999067,0.08774379131468635,0
24.32571482564726,25.076181492065185,0.7504666664179247,0
28.417331607153862,29.118559244310198,0.701227637156336,0
26.61174844413001,27.354623387427658,0.7428749432976467,0
9.451264285735874,8.6330837424454,0.8181805432904738,0
28.46283834462095,26.8521270080382,1.6107113365827495,0
12.966037028522944,9.919973095900525,3.0460639326224186,0
20.14688900963911,17.833771118926023,2.3131178907130874,0
7.323392139620419,10.191891318899245,2.8684991792788255,0
23.64428763153086,21.998257639749877,1.6460299917809849,0
18.528018639412682,17.411311854517926,1.116706784894756,0
33.401786657588346,31.28188926077559,2.119897396812757,0
28.380636769080642,28.294486911188415,0.08614985789222729,0
25.458434246391004,26.13866175601272,0.6802275096217159,0
34.802020724703574,33.87724033438113,0.9247803903224465,0
13.67563670084994,16.203388974950457,2.527752274100516,0
7.905071263393673,9.279506068090912,1.3744348046972394,0
18.872847236221283,21.566478114367197,2.693630878145914,0
5.223233249009935,7.008946957160206,1.7857137081502712,0
20.12447529872545,19.47474993487068,0.6497253638547704,0
14.220395840415902,12.818124746237093,1.4022710941788095,0
7.582675391403805,8.455115239178232,0.8724398477744266,0
27.86262182859542,25.45281716422704,2.40980466436838,0
6.760097010107973,4.209413726735541,2.5506832833724324,0
15.962786490611446,17.73499091110331,1.7722044204918639,0
20.73125506469391,19.14017032193295,1.5910847427609625,0
7.121056550753449,7.813214573785511,0.6921580230320616,0
20.638979103357386,20.457418888548293,0.18156021480909246,0
19.927286838888282,20.784215548095666,0.8569287092073843,0
33.68728358959369,34.774640316223504,1.0873567266298139,0
34.92703954538054,32.68463757758597,2.242401967794571,0
22.259287818685472,20.01682609201502,2.2424617266704523,0
33.79059624885775,31.27945847265443,2.5111377762033236,0
15.553194919593512,19.183087989461175,3.629893069867663,0
17.067608935331457,17.110906084476387,0.0432971491449301,0
31.474933507521147,29.380129718540342,2.094803788980805,0
32.780656896063405,32.228618544927905,0.5520383511355007,0
12.110813052476612,9.771233176430481,2.3395798760461304,0
7.820837460051226,7.207055417360744,0.6137820426904819,0
32.914005304692886,34.75490396819327,1.8408986635003828,0
23.58712478326966,25.46935227798296,1.8822274947132982,0
11.65757671748031,11.530267215799915,0.12730950168039534,0
18.589046879181303,17.731019199753952,0.8580276794273516,0
18.558685553941352,15.223386506991902,3.3352990469494497,0
19.532903247145594,18.746133444848677,0.7867698022969165,0
10.197047494381422,12.780261505744669,2.5832140113632462,0
14.623908853122614,14.608526798245597,0.015382054877017382,0
34.23236546451294,31.31680438968886,2.9155610748240797,0
31.001599032693672,29.604755013738753,1.3968440189549192,0
30.52306052307595,34.11967916467976,3.5966186416038077,0
7.656860843599764,4.517923694596369,3.138937149003395,0
33.34507892168496,37.43853465977684,4.093455738091883,0
7.8892437584523245,6.2157682089645,1.6734755494878248,0
20.831408297570924,25.037370030480226,4.2059617329093015,0
9.101417631263763,10.64331898974226,1.5419013584784977,0
24.66954491372459,24.30651689409176,0.3630280196328286,0
7.25740729430525,10.400344106914607,3.1429368126093573,0
23.036108247814155,20.855658841302777,2.1804494065113786,0
29.20417021659316,27.26756454464279,1.9366056719503675,0
13.513317385008474,14.562835842033298,1.0495184570248242,0
5.27794783275756,6.976641088331457,1.6986932555738967,0
5.466132015997609,3.6178318014071333,1.8483002145904752,0
10.761328849741094,10.127842040955537,0.6334868087855572,0
13.894190808517928,13.002739308789709,0.8914514997282197,0
9.754363679064912,14.180194486421838,4.425830807356926,0
27.947371439363433,27.13579879782664,0.8115726415367917,0
22.9803809409579,25.43442422110592,2.4540432801480208,0
23.159297035565302,21.48382225056091,1.6754747850043934,0
26.11619700168508,25.108390633369655,1.0078063683154248,0
24.936429222823158,26.295150467695418,1.3587212448722603,0
11.26846030976647,13.198246514211402,1.929786204444932,0
16.99030778785629,17.857384166754525,0.8670763788982363,0
17.77879275863591,22.07740299556027,4.298610236924361,0
34.20382391530079,35.41117960630898,1.207355691008189,0
21.079635742373508,22.406157266171707,1.326521523798199,0
23.806045157776495,26.891309225472625,3.08526406769613,0
30.875215243466613,30.800527546460817,0.07468769700579614,0
13.747576619598169,10.991396416408335,2.7561802031898335,0
6.49623765917282,6.317134547640128,0.17910311153269198,0
30.44547152690474,30.6233382093453,0.17786668244055903,0
15.511778570435334,18.404632995649866,2.892854425214532,0
13.594224185682497,14.954138352420436,1.3599141667379389,0
22.171813650390632,23.702158489798915,1.5303448394082828,0
29.491528696539298,28.5373125219586,0.9542161745806972,0
14.973306957913131,12.917149295989635,2.0561576619234962,0
5.296451886659409,5.553935322885682,0.25748343622627257,0
15.398973067236227,15.054122625258131,0.344850441978096,0
22.90590210258117,23.14873499465819,0.24283289207702197,0
7.497095427271346,5.514770643541491,1.9823247837298554,0
30.14122456009638,30.75428105357526,0.6130564934788794,0
31.83648213227506,31.1569748525816,0.6795072796934569,0
21.314677592465287,21.655146109446438,0.34046851698115077,0
21.99115081300006,22.72747810122054,0.7363272882204797,0
5.407703669269955,5.606259031862647,0.19855536259269257,0
18.090663614479073,19.356652119447038,1.2659885049679644,0
30.841724850477323,33.21181961942522,2.3700947689478973,0
31.692107567406094,33.47206267886505,1.779955111458957,0
12.057953842314532,11.220129104194918,0.8378247381196147,0
16.857712606829594,16.55466586685825,0.303046739971343,0
33.56348315144476,31.9578331409746,1.605650010470157,0
14.575875669357076,15.2464689090934,0.6705932397363235,0
19.12975877832676,17.295821948159627,1.8339368301671328,0
23.530714161804283,23.463519909933176,0.06719425187110772,0
33.17661549657447,33.46529911342541,0.288683616850939,0
32.31308844561234,30.32512852466166,1.9879599209506758,0
8.331415935394087,3.986213910706444,4.3452020246876435,0
28.69680304773907,27.718177062962674,0.9786259847763965,0
9.140591563605454,6.667927709070758,2.472663854534696,0
7.960820547145647,9.450799021255918,1.4899784741102708,0
16.44650321471256,18.079041000175707,1.6325377854631462,0
22.687330964952544,24.27026793799484,1.5829369730422975,0
30.390145818945246,26.793190628214425,3.596955190730821,0
19.71754820158297,19.56946704078382,0.14808116079915123,0
33.092881700208004,31.62469776882613,1.4681839313818728,0
29.862232381796694,31.040667956523794,1.1784355747271,0
31.48426854302351,32.3415218371155,0.8572532940919899,0
7.138192307429884,9.103924121040622,1.9657318136107378,0
21.265837651401203,21.461444769551736,0.19560711815053367,0
5.543310219490623,1.7713130987416,3.771997120749023,0
13.479444728500095,14.442550167488152,0.9631054389880571,0
17.48844849158465,19.26032121688873,1.7718727253040818,0
34.96305921376259,39.28028576197972,4.317226548217128,0
5.132875722811922,4.78650838338594,0.3463673394259814,0
15.87419035396625,14.73949534646897,1.13469500749728,0
13.963864841451961,18.444611028042107,4.480746186590146,0
10.462292547664472,11.235663778411796,0.7733712307473244,0
20.33474233591886,19.870056918659404,0.46468541725945656,0
29.978162814960054,30.274317158832567,0.29615434387251227,0
34.05719427824542,35.67866113908865,1.6214668608432348,0
8.80894990799434,9.359903388456065,0.5509534804617253,0
13.163548378603567,12.108361042289898,1.0551873363136686,0
15.57512427482745,16.051594057095908,0.4764697822684578,0
14.323305378792213,15.942585606480852,1.6192802276886393,0
20.24124733627005,20.096012967501284,0.14523436876876517,0
29.54632698853901,26.496134533590112,3.050192454948899,0
22.18177441813917,24.82878249714699,2.6470080790078185,0
15.63774261514157,17.113335308742,1.4755926936004276,0
8.96507009730148,9.585687552634614,0.6206174553331341,0
22.537031840053515,21.204447233661934,1.3325846063915812,0
9.481031574640507,12.063543843975127,2.58251226933462,0
16.675360519906214,21.89960251176084,5.224241991854626,1
15.860334582306887,14.540883503638575,1.3194510786683118,0
13.616143552705779,15.278264473165398,1.6621209204596195,0
31.176064710755,33.872429616898806,2.696364906143806,0
5.436849824283323,5.68511636354296,0.24826653925963704,0
24.43421591622267,27.917177662946735,3.482961746724065,0
23.710373037680434,23.039668461852354,0.6707045758280792,0
19.491852199755247,18.16280416565256,1.3290480341026871,0
11.557924615890002,10.929907674514183,0.6280169413758188,0
25.65762777691754,29.91140321542889,4.253775438511351,0
13.605541154973817,12.043306980392934,1.5622341745808832,0
18.99158051974759,21.554995078958314,2.563414559210724,0
20.6323810575802,18.994403747818367,1.6379773097618333,0
19.314080410448653,17.416816793510858,1.8972636169377957,0
18.361504616245874,18.28215818537775,0.07934643086812443,0
15.969012841681373,13.142702117038166,2.826310724643207,0
6.303037050721567,6.071188365134017,0.23184868558755056,0
33.85743360375888,35.50073794532337,1.6433043415644946,0
16.35477472561308,14.981923767138904,1.3728509584741762,0
22.3637048917989,24.83855803599507,2.474853144196171,0
21.79002628350217,21.779586232144318,0.010440051357850422,0
9.965715210199072,9.112851645201607,0.852863564997465,0
34.95920975529498,39.54124760563512,4.582037850340143,0
7.643644191969043,7.18721730069559,0.4564268912734537,0
5.024349474530425,7.896400344455181,2.872050869924756,0
7.058258403383464,5.398405404251683,1.6598529991317807,0
20.25466930512765,21.125977101468884,0.8713077963412346,0
8.740733509294644,6.845427839654308,1.8953056696403365,0
31.67833729323008,29.170851396719033,2.507485896511046,0
12.602419832813677,12.85188964163048,0.24946980881680325,0
31.332062135462685,27.17341902620931,4.158643109253376,0
29.40543710595278,24.38862258744551,5.016814518507271,1
31.686969970961268,31.947587495830163,0.2606175248688949,0
5.1165204634617325,5.217792370242376,0.10127190678064313,0
23.732283771534796,22.886159738295383,0.8461240332394127,0
8.434873513048002,9.878250680575668,1.4433771675276663,0
11.539045873800728,13.587386312138609,2.048340438337881,0
30.500364375508898,28.868870942583882,1.6314934329250157,0
25.813919972698926,24.93909173153619,0.874828241162735,0
9.044510495462088,12.191597176060233,3.147086680598145,0
12.45884506155488,9.501244444580317,2.9576006169745632,0
6.81939812084157,4.798807339380801,2.0205907814607693,0
11.689162716453238,12.02397560266499,0.3348128862117523,0
31.34672470664301,30.381379216743944,0.9653454898990645,0
13.033960955944103,10.960356143584868,2.0736048123592354,0
5.955517539789449,6.66269586469066,0.7071783249012107,0
7.626556751294781,8.642502695493162,1.0159459441983811,0
32.817570499389255,33.666254632509535,0.8486841331202797,0
20.227166528665556,18.76467573532734,1.4624907933382154,0
11.038931818118654,9.736247580290437,1.3026842378282169,0
22.936803642859932,23.09138388181353,0.1545802389535993,0
24.707303754788025,20.312541548140782,4.394762206647243,0
25.103172147926657,26.29318778727253,1.190015639345873,0
22.108393057809824,25.283396451325114,3.17500339351529,0
7.366492333591984,5.227161371858763,2.1393309617332212,0
21.73558763954357,24.144092469453824,2.408504829910253,0
34.58935309712207,32.72174061074423,1.867612486377844,0
25.68881915177087,26.572046505624424,0.883227353853556,0
13.99782476529439,13.696907049041247,0.30091771625314223,0
31.41057019639159,28.310994465862258,3.099575730529331,0
31.91902763237261,30.958631084648413,0.9603965477241978,0
9.941226641042858,13.083074045089548,3.1418474040466897,0
11.3052364223324,12.87543053565152,1.5701941133191202,0
12.1082969706557,10.66151573073278,1.4467812399229203,0
9.448581820590286,9.40003709965336,0.048544720936925856,0
6.789008184715045,4.741917066055139,2.047091118659906,0
22.177487661178386,23.825124025056255,1.6476363638778686,0
11.19456371406775,11.811944866016061,0.6173811519483117,0
28.311951531461155,30.594341321327075,2.2823897898659204,0
6.010397097548045,6.316375579174355,0.30597848162631003,0
15.516792192784242,12.006914275139001,3.509877917645241,0
5.341995871081585,6.3390890789339505,0.9970932078523651,0
11.214872144036326,10.097324599813009,1.1175475442233171,0
12.249279751610771,9.2810194665025,2.968260285108272,0
6.83169105670682,0.8497629119175851,5.981928144789235,1
31.152576898366146,33.12051173891094,1.967934840544796,0
30.63417032298957,33.53214048329385,2.8979701603042827,0
34.65070359133168,38.010930833652665,3.3602272423209882,0
14.789627297381656,16.455944554519593,1.666317257137937,0
15.301967279787203,14.213014590415849,1.0889526893713537,0
20.13683798542498,19.556406391847307,0.5804315935776714,0
16.921391930115846,13.719308943038019,3.2020829870778265,0
12.007270989492962,12.826033449221224,0.8187624597282621,0
28.263544935313966,31.755830137667083,3.4922852023531163,0
27.916774669140814,25.856876735069477,2.059897934071337,0
24.421897491411244,23.456603074734087,0.9652944166771569,0
24.02025639035097,22.033000300635038,1.987256089715931,0
7.386256129090601,5.728832050969573,1.6574240781210277,0
8.972010079273094,8.207245422035568,0.7647646572375262,0
8.80835475640438,12.187335629422435,3.3789808730180546,0
27.623028974298155,24.996053250237487,2.6269757240606673,0
29.618680044732685,30.015198536085336,0.3965184913526514,0
27.531994999117316,26.83608267003308,0.6959123290842371,0
15.435338585163146,13.385562452360949,2.0497761328021973,0
16.75942372818822,17.019680296662006,0.2602565684737854,0
17.35079625952861,19.126218591744845,1.775422332216234,0
9.149003007671894,7.525254765089743,1.6237482425821508,0
16.61922044310211,17.759137760366883,1.1399173172647714,0
13.151341323813364,13.013638729362162,0.13770259445120203,0
14.332863296822687,12.318651905470642,2.0142113913520454,0
6.548433135604153,4.763860004110989,1.7845731314931639,0
33.995436267792456,33.922269150789674,0.07316711700278233,0
16.799134869765147,17.075815088360336,0.2766802185951889,0
17.095495946516156,18.465960693485247,1.3704647469690912,0
7.11041977041231,7.760188896214202,0.6497691258018916,0
32.32262137923311,35.19334720863049,2.8707258293973794,0
24.552438844818735,24.824158930493567,0.27172008567483275,0
30.036410542495794,26.803704029802404,3.2327065126933903,0
25.32487389101844,28.368267865271605,3.0433939742531635,0
12.523786986426835,13.70707606238,1.1832890759531658,0
10.423359065372686,9.986205102716564,0.4371539626561223,0
5.5845752764591445,5.227178688070395,0.35739658838874977,0
17.378430548400285,17.140977240084176,0.237453308316109,0
11.707627525687334,13.402161122216937,1.6945335965296024,0
30.233241462630748,30.13730491928495,0.09593654334579682,0
26.235840969496834,25.077992962915836,1.1578480065809984,0
5.5459351388046985,1.9781396643861475,3.567795474418551,0
14.978567361626004,14.994129452823868,0.015562091197864447,0
16.162825164099985,13.817944346960466,2.3448808171395186,0
29.27034149881737,29.059690368079405,0.21065113073796482,0
28.956095163241063,31.083835307511972,2.127740144270909,0
16.889354721259075,16.73353047887822,0.1558242423808558,0
28.196960474660912,29.051590295605543,0.8546298209446306,0
34.36695248360379,32.277647175842986,2.089305307760803,0
14.904906026393142,16.305838351118176,1.4009323247250336,0
9.351940775763012,8.451030364297328,0.9009104114656843,0
26.068814984909864,24.478310501548414,1.5905044833614497,0
20.584299558230384,19.238216371671317,1.346083186559067,0
15.214770060832311,8.52534464799879,6.689425412833522,1
19.822204467147873,18.822032678296825,1.0001717888510484,0
30.378709751789764,35.58831235592161,5.209602604131845,1
20.223015308697438,26.79017405257071,6.5671587438732715,1
20.03147244552253,20.293487648051467,0.26201520252893573,0
33.06779256898214,31.857879966828055,1.2099126021540876,0
31.448929775193065,31.284222229451363,0.16470754574170243,0
28.511849351061908,26.964805790283446,1.5470435607784623,0
26.76912398328678,30.89539081788171,4.126266834594933,0
15.172172581864364,22.057080445664845,6.88490786380048,1
33.68434235740439,32.27077270196959,1.4135696554347987,0
32.27303114535164,34.72178554591151,2.4487544005598707,0
13.735396743169058,14.077222016029046,0.3418252728599871,0
8.866397148904962,10.275574004949634,1.409176856044672,0
8.117481657595928,9.831505060997388,1.7140234034014608,0
25.523454337796366,26.33873665276666,0.8152823149702932,0
11.83551833338959,12.114653004928348,0.27913467153875793,0
5.358226828159859,3.490081446274303,1.8681453818855562,0
34.08384758925959,33.95467400806469,0.1291735811948982,0
6.608343876099275,8.136757144519263,1.528413268419988,0
7.367424309219422,4.145891672274506,3.221532636944916,0
14.308553410006436,14.169201932247462,0.13935147775897327,0
23.320829900184012,23.029407091123595,0.2914228090604176,0
33.1582447038776,33.089426495017555,0.0688182088600442,0
32.14105580811378,31.525708209865844,0.6153475982479328,0
27.07529443582709,26.27076607935492,0.8045283564721686,0
16.684263202552813,16.792397560474733,0.10813435792191939,0
20.767408505059365,18.275348628156156,2.492059876903209,0
21.325891979340103,19.000257249032405,2.325634730307698,0
23.011760435882028,19.458287921926086,3.553472513955942,0
34.24672567907291,33.625779960478326,0.6209457185945837,0
14.127483018182701,10.369852038765206,3.7576309794174954,0
27.86674531807508,27.542455399891427,0.32428991818365205,0
12.085069311696282,12.143146436916293,0.05807712522001118,0
15.893904765140517,17.895070387766356,2.001165622625839,0
5.014040388414058,6.6147625929918465,1.6007222045777887,0
23.547873458192385,22.97416197975643,0.5737114784359534,0
13.642603998487813,10.282790901246926,3.3598130972408864,0
33.63560601416138,33.17144279909808,0.4641632150633015,0
9.170223649595822,6.580803400607513,2.5894202489883096,0
33.25025068522247,30.3253913131651,2.9248593720573695,0
13.969569158033204,13.605524893358252,0.364044264674952,0
6.447708850609684,5.637445461635705,0.8102633889739783,0
21.35605562217368,22.649062998092308,1.2930073759186271,0
10.925188278400004,11.998798513587062,1.0736102351870578,0
14.322936232233804,14.33012528622623,0.007189053992425087,0
12.578787175795881,10.39049924245082,2.1882879333450607,0
30.768521728690683,29.853450660003137,0.9150710686875456,0
34.28864681633175,33.289228231405495,0.9994185849262536,0
11.737490293327781,17.48859941591356,5.7511091225857776,1
26.314159531980025,26.32046531295096,0.006305780970937036,0
26.37300451698425,27.824802492897838,1.451797975913589,0
13.804860241749283,17.22616661966435,3.4213063779150676,0
15.608425410647502,17.80044791869805,2.192022508050549,0
14.242873551153881,12.860601068317205,1.382272482836676,0
5.494859931586987,7.615665243840173,2.120805312253186,0
28.260970488507237,31.009162420460413,2.7481919319531762,0
20.071230227166136,21.882213198052913,1.8109829708867764,0
34.364370155304044,32.93712711380375,1.4272430415002972,0
23.75120913723289,26.316602863618492,2.565393726385601,0
29.758265150869136,32.896257818405665,3.1379926675365297,0
12.321614173458483,11.138446424909294,1.1831677485491898,0
30.521909821640843,29.61898987913457,0.9029199425062728,0
26.429779615127792,26.952988226663724,0.5232086115359316,0
34.35644688261175,34.2333587406347,0.12308814197704976,0
7.7702698804857375,5.670169634462702,2.100100246023035,0
17.132302499011907,16.42172382999939,0.7105786690125164,0
19.82252156394355,20.111601696311926,0.28908013236837604,0
19.648828495406022,19.18416776692998,0.4646607284760407,0
25.221825928060614,25.084548963609553,0.1372769644510612,0
10.785696873836578,9.592280361365013,1.1934165124715648,0
22.633209587604927,22.741745526511615,0.10853593890668733,0
11.647182138133013,12.3505874971571,0.703405359024087,0
7.962737800314857,10.641236969706757,2.6784991693919,0
19.185174708922652,16.413671634188642,2.77150307473401,0
25.200775771962526,29.160388831816643,3.9596130598541173,0
11.152029324588392,11.711253084939301,0.5592237603509087,0
20.56510658514664,20.477892529444425,0.08721405570221563,0
5.700584430804653,5.756569884009105,0.055985453204451474,0
33.84323456199952,33.87492062295271,0.03168606095318438,0
27.021110049069385,26.446949082629136,0.5741609664402496,0
9.614142490845381,11.890354335353368,2.276211844507987,0
5.434771488095014,0.04241110559394734,5.392360382501066,1
25.02639743034519,22.305247962110318,2.7211494682348736,0
28.705160114671358,32.398761949784614,3.693601835113256,0
22.701892394615914,20.695377425294954,2.0065149693209605,0
8.535020079770291,9.913070168065644,1.3780500882953532,0
34.988180658621275,33.68025373130425,1.3079269273170269,0
32.08678339693529,33.58461011947865,1.4978267225433584,0
15.202458826797395,16.86692547800726,1.6644666512098656,0
12.344606989451279,11.521760961143425,0.822846028307854,0
16.37995723491584,18.064948965976043,1.6849917310602045,0
25.02877918223257,22.695216905520248,2.333562276712321,0
25.90560781903771,22.27457966486525,3.6310281541724585,0
17.57330165243895,20.08602492407067,2.512723271631721,0
16.551721001207184,15.840493641577519,0.7112273596296657,0
28.852177644618624,29.199761397769127,0.34758375315050216,0
10.99082985853238,10.814801589189248,0.17602826934313143,0
19.089799801337602,20.82764685615668,1.7378470548190776,0
34.172223414759124,31.014410886466788,3.157812528292336,0
23.752951247797448,22.491885497036638,1.2610657507608103,0
8.997776563013044,7.574969072432039,1.4228074905810049,0
6.234822205401803,3.8986239521606487,2.3361982532411547,0
12.465508221934904,11.076888708295664,1.3886195136392399,0
32.82924860586384,33.19812079583179,0.3688721899679521,0
23.53848047098553,23.929474640511277,0.3909941695257473,0
5.417348587629835,8.278835750453478,2.861487162823643,0
12.276347866605603,11.979418719864507,0.29692914674109616,0
18.199483426680487,16.50318410750161,1.6962993191788769,0
34.3084365521588,35.57152070071658,1.2630841485577804,0
16.635399127203822,20.22502038920215,3.589621261998328,0
19.41591329787502,18.67656844605954,0.7393448518154777,0
19.90144207490641,17.696059923101345,2.2053821518050647,0
20.130030448639015,18.621929711688576,1.5081007369504391,0
25.749316394343893,24.40068376101434,1.3486326333295544,0
9.65441854620789,6.699244179091018,2.9551743671168715,0
27.17279357080314,29.30877926540614,2.1359856946030007,0
22.73491463918309,23.242747465812116,0.5078328266290271,0
12.059903407709582,13.186978298474234,1.1270748907646517,0
21.663836172910546,22.665755800166178,1.0019196272556314,0
24.46844081147467,24.26859869918906,0.19984211228561222,0
6.550520129572035,5.284160265770044,1.2663598638019913,0
13.946047668815782,13.7977640259613,0.1482836428544818,0
21.9162439574955,22.541318539631757,0.6250745821362571,0
11.000715051058176,5.735254952237657,5.265460098820519,1
29.561498410530813,30.95847434122448,1.3969759306936673,0
14.15470785244975,14.002509016731722,0.1521988357180284,0
15.209747017128013,9.960972339396472,5.248774677731541,1
23.546935542645304,25.5022192296134,1.9552836869680945,0
17.719006052671823,19.706215349114153,1.9872092964423302,0
31.898142023217833,33.993993827159,2.0958518039411693,0
19.527227534594964,22.380201857515893,2.852974322920929,0
25.892003841773903,26.055729559412963,0.16372571763906052,0
10.661646097593529,9.971499051181924,0.6901470464116048,0
13.525794098605386,12.561015500939224,0.9647785976661627,0
28.98777479198182,29.305470644850413,0.31769585286859225,0
19.16779363476377,16.93260417954333,2.235189455220439,0
24.241244731772625,26.695860253410054,2.454615521637429,0
11.209623269815271,11.959286905963614,0.7496636361483429,0
10.971735799277148,10.64870479015638,0.32303100912076843,0
20.777902883559506,23.998734920669847,3.220832037110341,0
24.327899901051346,24.596471244622318,0.26857134357097223,0
24.812168595698715,23.87795422272697,0.9342143729717449,0
16.72892720303446,12.119528736372452,4.609398466662007,0
32.34953172969422,33.632547170665134,1.2830154409709138,0
23.667741148787407,25.762080608223073,2.094339459435666,0
6.067316485973694,9.066367419417048,2.999050933443354,0
29.39773384363736,29.394495442772826,0.003238400864535862,0
29.645254886845077,28.78154193332344,0.8637129535216381,0
12.867786768042905,13.697563511343661,0.8297767433007568,0
14.94602913050686,11.72984814652133,3.216180983985529,0
7.2034383915937505,8.115290313255365,0.9118519216616141,0
32.46705785133511,37.622506438741034,5.155448587405921,1
16.728403519909534,18.096055991300382,1.3676524713908478,0
29.892599336615373,28.72957222268125,1.163027113934124,0
28.427013391367947,30.174915024114593,1.7479016327466468,0
24.502151675194895,25.78355854907908,1.2814068738841833,0
19.751490555650427,21.523268045971072,1.7717774903206447,0
22.800513421438794,21.62016706429591,1.1803463571428843,0
30.12708827180325,34.15801878683814,4.030930515034893,0
20.605259339886782,18.734643117137608,1.8706162227491738,0
23.320748681004595,24.365023785758957,1.0442751047543624,0
15.543666322914225,16.3976638271776,0.8539975042633738,0
8.983719787895192,5.961653033515528,3.0220667543796633,0
10.110018896262964,10.522980173860345,0.41296127759738077,0
20.894470552426075,20.846068053764736,0.048402498661339166,0
25.500076280936213,24.65753905867281,0.8425372222634024,0
6.602952784115791,7.129773689380119,0.5268209052643282,0
28.88398714915364,25.744114490773217,3.1398726583804226,0
31.129624594346403,32.893126651868336,1.763502057521933,0
7.947069030247916,7.554044986833944,0.39302404341397246,0
26.708403932052615,26.125627231246586,0.5827767008060292,0
30.36837131324054,28.381377701302778,1.9869936119377627,0
34.765512852906426,37.240454129665835,2.4749412767594094,0
13.503616683925507,17.230175791056702,3.7265591071311945,0
30.93774869278929,34.35510632135759,3.417357628568297,0
5.949763950163344,5.650036159171609,0.2997277909917351,0
31.173647445720775,30.4829992538378,0.6906481918829748,0
19.131704993798117,18.049450470588116,1.0822545232100005,0
6.415004355102653,9.524932890535712,3.1099285354330597,0
32.49789072850217,29.127817501365932,3.3700732271362384,0
7.880817936831168,6.17639541575059,1.704422521080578,0
18.95025366100704,18.721844399728298,0.22840926127874184,0
33.391591917521914,30.608891322186416,2.7827005953354984,0
11.734939302321385,11.178174357028793,0.556764945292592,0
17.818223109657566,17.54043163638359,0.27779147327397524,0
7.0552946301284685,6.44231918756698,0.6129754425614884,0
12.274512600315886,9.78056722145617,2.4939453788597152,0
14.775530996194474,12.739102896568216,2.0364280996262583,0
5.868712472421338,7.305693749465359,1.436981277044021,0
15.194780776806532,15.220731357529319,0.02595058072278711,0
28.5914285343348,30.38706271155615,1.795634177221352,0
23.89145825535469,23.57661174533123,0.3148465100234574,0
34.49274008980228,34.799486179498196,0.3067460896959133,0
24.11878900676203,23.705181774156756,0.41360723260527266,0
14.540176847445514,13.270501378482546,1.2696754689629675,0
8.613374693252107,5.743157812579344,2.8702168806727624,0
5.078046090850501,3.404164971846077,1.6738811190044238,0
23.170187317255653,25.212551018790943,2.0423637015352902,0
11.045471501475106,12.66628783763218,1.6208163361570733,0
8.642811885030163,10.579182943467009,1.9363710584368459,0
21.719860099318296,19.748038396252202,1.9718217030660945,0
27.852024448568116,28.776668730448392,0.9246442818802763,0
11.277862102577151,9.826434050558968,1.4514280520181835,0
11.77961425367539,11.248678013514441,0.5309362401609494,0
27.008123726872427,26.511185170682335,0.4969385561900914,0
20.083871527443094,24.297610710289625,4.213739182846531,0
14.285713839509299,12.770558634215437,1.515155205293862,0
20.293945470838047,18.64555113713035,1.6483943337076958,0
25.332794318981794,24.324225055645076,1.0085692633367174,0
9.558705244666434,8.723552374665976,0.8351528700004582,0
27.093063986933235,26.345590484951494,0.7474735019817409,0
21.44169850251585,20.86329265320324,0.5784058493126132,0
5.404842789900287,4.310585762785558,1.094257027114729,0
28.641644326245668,29.638191082881054,0.9965467566353858,0
19.01804703016598,17.746628321224293,1.2714187089416882,0
22.817080926008096,21.801065575804138,1.0160153502039577,0
31.42267337378845,31.73796600176216,0.3152926279737116,0
16.599733702272744,19.61363241327492,3.0138987110021773,0
20.369819143485216,21.164332451360956,0.7945133078757394,0
15.824006279119246,18.637618443747904,2.8136121646286583,0
13.321108294024441,14.42873851437501,1.1076302203505684,0
19.788961352735924,15.887643257648834,3.90131809508709,0
33.80966007025455,34.88154765530514,1.0718875850505896,0
31.343989212068823,34.94743449329426,3.6034452812254365,0
18.757689853147518,17.534351173745467,1.223338679402051,0
30.28386997674968,29.606801497315747,0.6770684794339346,0
10.268549003778178,2.1129237135803294,8.155625290197849,1
27.509571365019053,23.371538507870124,4.138032857148929,0
5.726847878176056,8.446462356722728,2.7196144785466725,0
20.598603408561573,22.228394916260648,1.6297915076990748,0
33.293974548629805,32.08903910319973,1.204935445430074,0
6.176247130846781,9.49877542345624,3.3225282926094586,0
27.808875560197365,28.804180215122866,0.9953046549255014,0
21.02916949113175,21.438398966461847,0.4092294753300969,0
33.99840858142111,37.396471779422725,3.3980631980016156,0
13.807377123831179,13.701033998763881,0.1063431250672977,0
21.392985336002592,24.66393320573433,3.2709478697317387,0
19.02030242297847,16.56002504640018,2.46027737657829,0
34.59984349443322,36.91074227850741,2.3108987840741904,0
14.139560347067825,13.02918180142922,1.1103785456386053,0
16.5408658450195,19.390998643179884,2.8501327981603843,0
14.31883148041885,14.32747149403703,0.008640013618178344,0
29.513621895895692,27.415192064935827,2.0984298309598657,0
19.40624546489684,15.848525853547148,3.557719611349693,0
21.66826571475434,19.268281689946235,2.3999840248081057,0
18.813302695144355,19.689943419096583,0.876640723952228,0
23.53336692703901,25.26618547829338,1.732818551254372,0
27.503556423670975,27.280585192141515,0.22297123152945986,0
25.791792233068726,23.779069947858662,2.0127222852100637,0
6.970851006023587,5.2380075936070165,1.7328434124165701,0
21.218910601280108,22.563000337020945,1.3440897357408375,0
27.318383797607062,27.28337213872196,0.035011658885103714,0
7.9221141162505635,6.623195871610243,1.298918244640321,0
17.989662304902623,16.148716417793523,1.8409458871091005,0
31.445801630428466,30.617137540055513,0.8286640903729534,0
24.253336402430257,20.15691648796317,4.096419914467088,0
5.738531568325546,4.727506066439786,1.0110255018857597,0
13.473046273493992,14.417697000198583,0.9446507267045909,0
23.506349178445372,26.476255181257937,2.9699060028125643,0
22.515464910541326,21.708758676575318,0.8067062339660076,0
22.575150210273993,20.45643951540917,2.1187106948648236,0
8.888408149727514,11.187447580931538,2.299039431204024,0
19.399257736867018,16.95755684465208,2.4417008922149392,0
20.965453265839557,22.081567808156635,1.116114542317078,0
28.364462214774843,27.23186441236949,1.1325978024053533,0
16.84342903277507,17.361922903374126,0.5184938705990554,0
19.404679106816094,19.12550350249998,0.2791756043161122,0
11.574781906041878,9.132118992587857,2.4426629134540203,0
30.453378597445834,32.55777074717255,2.1043921497267135,0
27.978665446535224,23.95169464038242,4.026970806152804,0
5.655364884037869,5.820030542190892,0.16466565815302303,0
28.376253938910672,29.62556399203705,1.2493100531263792,0
19.588970543612337,18.432550716620018,1.1564198269923196,0
17.87780867432107,17.786623286090794,0.09118538823027578,0
30.525235307534608,30.137409813490574,0.38782549404403355,0
18.34699657239068,21.05920877636013,2.7122122039694503,0
30.260684203633044,29.480676909457607,0.7800072941754372,0
19.69304647022873,17.79939550601291,1.8936509642158192,0
6.361474392300986,7.727233924393737,1.365759532092751,0
28.095396536120433,24.72547742328711,3.3699191128333226,0
34.163430666285464,33.29406488783103,0.8693657784544371,0
17.642462894271294,18.79069267098948,1.1482297767181855,0
6.170688256691211,4.598764404801947,1.571923851889264,0
29.498656679856474,29.191023093496852,0.30763358635962135,0
16.93071949882984,15.544663930414501,1.3860555684153404,0
22.992652583618366,21.032801430898427,1.9598511527199385,0
34.62166373215241,35.89220758774179,1.2705438555893735,0
8.337120929187636,8.126854197986532,0.21026673120110395,0
19.210186977841587,18.83180308125652,0.378383896585067,0
17.16374368288163,15.468227579461914,1.6955161034197168,0
14.109144780174152,15.684577443291772,1.5754326631176205,0
19.030911099566122,19.47122801217685,0.44031691261072936,0
5.582647297228936,6.427810445327991,0.8451631480990551,0
11.029769740398983,11.45683852488416,0.4270687844851775,0
22.06514944474991,23.470024519118507,1.4048750743685972,0
18.773135129917225,20.504227925876975,1.73109279595975,0
15.218247390674989,14.812644133806867,0.4056032568681225,0
34.997619277326486,31.476718272257198,3.5209010050692875,0
7.726014836062381,9.281364649382729,1.5553498133203476,0
31.34073512178082,30.181032947784118,1.1597021739967026,0
19.924225775619647,20.652919188480308,0.728693412860661,0
22.01391832802792,20.395288807430035,1.6186295205978851,0
12.057144430565547,10.400171350532549,1.6569730800329978,0
21.80428307130214,23.22079131059483,1.416508239292689,0
7.488167705925246,8.008293651169751,0.5201259452445051,0
33.03919308431868,32.76395811371571,0.2752349706029733,0
13.053117083723043,12.369428172087996,0.6836889116350466,0
12.59313943081012,10.929580146315553,1.6635592844945677,0
12.861144951232674,11.637067494421895,1.2240774568107788,0
14.140146481856954,10.332233346861251,3.8079131349957027,0
31.908575989324277,31.81425759393487,0.09431839538940778,0
32.95243061462003,31.1898964446726,1.762534169947429,0
32.47715389518574,33.68395013245232,1.2067962372665804,0
16.97311165974318,19.00203070156672,2.028919041823542,0
16.973956343488272,18.325140373567624,1.3511840300793523,0
21.490119294027448,19.85094283401054,1.639176460016909,0
8.48129367247244,7.005994767747495,1.4752989047249443,0
15.8093132064887,15.487081790094921,0.3222314163937785,0
26.340709696318346,26.001344832986867,0.33936486333147897,0
13.880745605917772,13.992601202470714,0.11185559655294242,0
23.04531283193834,22.62962019082289,0.4156926411154487,0
7.704307299639723,8.368863164060215,0.6645558644204925,0
32.902166547660485,33.1759733065106,0.27380675885011385,0
31.19072137550416,31.277601075208533,0.08687969970437237,0
19.385690226593873,18.134875889203272,1.2508143373906009,0
26.358477289473722,23.083343490073325,3.275133799400397,0
20.1234532337508,20.408539455210136,0.28508622145933415,0
5.894197648590093,6.669919903469316,0.7757222548792235,0
10.479483247743158,10.584529371075487,0.10504612333232899,0
18.057784858547237,18.28618689825318,0.2284020397059443,0
5.150511535823913,4.697363232999223,0.4531483028246903,0
28.39174747913688,29.18334917902142,0.7916016998845414,0
19.251031377063253,15.847491376738118,3.403540000325135,0
13.591694631200745,15.656461073616608,2.0647664424158627,0
8.547353091079454,9.06662073474432,0.5192676436648664,0
16.23413541594276,15.637122896810828,0.5970125191319315,0
33.48270592272253,33.72742961131093,0.244723688588401,0
31.02743981434967,29.601289791070517,1.4261500232791526,0
24.59618735182621,26.25989209026921,1.663704738443002,0
10.269307316601953,7.600292439319109,2.6690148772828444,0
11.464498378909923,11.421078154448972,0.04342022446095051,0
10.56993273656559,12.030389350422935,1.4604566138573443,0
22.067653879704093,25.030938374736063,2.9632844950319708,0
8.339612330035724,7.012451747218718,1.3271605828170063,0
7.520570560998097,5.641590227540393,1.8789803334577044,0
23.114350650716766,21.667877500203318,1.446473150513448,0
13.96400697991946,11.158073842795435,2.8059331371240255,0
10.172445850172855,7.482814803516719,2.6896310466561353,0
11.89878914242598,11.335530576663693,0.5632585657622862,0
30.417339469051832,30.025503060174835,0.39183640887699767,0
18.553536114810655,22.37945424243116,3.825918127620504,0
34.32022916579835,29.51359809375303,4.806631072045324,0
18.617759472830066,19.613017226015714,0.9952577531856477,0
8.11677861052464,9.71066983967318,1.5938912291485394,0
31.832582276772285,32.83245290444481,0.9998706276725216,0
22.30324744635005,22.82571154689952,0.5224641005494703,0
10.241704613440003,10.196147335026424,0.04555727841357893,0
6.187130606050787,5.068753867844933,1.1183767382058543,0
6.817673664166504,7.044139254277702,0.22646559011119827,0
31.791867458145948,31.146090301688105,0.645777156457843,0
11.609609302260822,9.472050884945359,2.1375584173154625,0
29.56938159933619,33.00212040522721,3.43273880589102,0
6.862131712333081,5.587217182180162,1.2749145301529188,0
19.016292299278888,18.240311454763535,0.7759808445153524,0
17.50709545998138,16.63433195349648,0.8727635064848975,0
22.9423387646406,24.370461451195002,1.4281226865544028,0
18.478171766649957,16.510595175838628,1.9675765908113299,0
9.173444313113297,8.408086384598297,0.7653579285149998,0
21.67709089444978,24.194164158789384,2.5170732643396043,0
30.44973392285828,33.52332442182076,3.0735904989624814,0
25.48478537501594,24.477196658040697,1.007588716975242,0
34.60147897773422,32.95942246591615,1.642056511818069,0
29.903290344189532,32.44251529763272,2.5392249534431848,0
12.184936711012536,14.203679919400063,2.0187432083875265,0
20.240068251074195,20.043728933600363,0.19633931747383215,0
15.443656579116862,17.409286457414748,1.9656298782978858,0
15.345687820386923,14.451491650325083,0.8941961700618393,0
23.794726375406167,22.053324048482065,1.7414023269241028,0
26.81305240099414,30.533350758717834,3.7202983577236957,0
29.219436517136547,31.081299797060463,1.8618632799239165,0
28.220195970053776,27.99505684718959,0.22513912286418503,0
13.234878417469062,9.416361714091952,3.81851670337711,0
32.48073116695987,33.95654228964059,1.4758111226807173,0
29.497074256450947,30.321903920434362,0.8248296639834152,0
18.1494935906129,19.33179498322541,1.182301392612512,0
32.05574320443922,32.71167123309806,0.6559280286588418,0
12.830402644332569,13.175081335233159,0.3446786909005901,0
32.811742553266754,31.7765714511774,1.035171102089354,0
34.22741563031903,33.155074589331036,1.0723410409879932,0
8.421153144776127,7.2252578978723685,1.195895246903759,0
31.09039613599323,30.02243899945189,1.0679571365413416,0
10.500072860166373,7.811181356584887,2.6888915035814858,0
27.121823736112354,26.987707912315447,0.13411582379690756,0
7.835793607355469,5.163841253639973,2.671952353715496,0
20.100490696129402,17.674542141722693,2.425948554406709,0
33.20736480770725,33.33817325758329,0.13080844987604223,0
16.440777907191897,20.497568696023414,4.056790788831517,0
32.87649997612312,32.9514242777546,0.07492430163147645,0
32.99746272197952,35.19257972205791,2.1951170000783904,0
22.04564130390704,21.01630872972881,1.0293325741782304,0
5.092930561250945,3.4174433541258624,1.6754872071250828,0
21.23740956774345,23.5554400608722,2.3180304931287523,0
22.314765345547073,20.54788144880426,1.7668838967428115,0
12.156745401925011,12.28665293025846,0.1299075283334492,0
22.452495157400122,23.934995888036962,1.4825007306368398,0
13.5840752485396,15.455223093537999,1.871147844998399,0
19.062081698096662,16.932540179629374,2.1295415184672883,0
34.05304805793672,34.214741335257536,0.16169327732081484,0
7.429755617853183,6.402871521604743,1.0268840962484402,0
13.169906569131118,12.192464479424892,0.9774420897062264,0
12.55010941250518,11.335636595162043,1.214472817343136,0
31.045000871632013,29.4906680739309,1.554332797701111,0
26.097069602669418,28.036529143948925,1.9394595412795077,0
9.71501336161236,10.784731079936487,1.0697177183241262,0
33.933549684672016,35.19757809576833,1.2640284110963123,0
29.802228928426405,30.77271883279416,0.9704899043677528,0
28.251700497116065,30.670102887704424,2.4184023905883585,0
28.10419447114693,27.450269793082917,0.653924678064012,0
22.554234979821633,23.61578602559802,1.0615510457763868,0
27.924694215720624,28.5520490456512,0.6273548299305745,0
8.075211202172929,12.04162909728556,3.966417895112631,0
16.577406135979935,17.473935133852358,0.8965289978724229,0
13.823096891695037,16.973938958080055,3.1508420663850174,0
19.30412398703104,16.037841748663247,3.2662822383677934,0
22.75540408027088,26.68681626260251,3.9314121823316306,0
15.994268856541789,18.563469492229842,2.5692006356880537,0
29.73976462160611,28.56606476104126,1.1736998605648488,0
28.369362967654432,30.119636996439212,1.75027402878478,0
18.993088166140218,20.639394221019835,1.6463060548796165,0
31.255381351038814,34.533334634777944,3.27795328373913,0
10.22641434440201,10.471705444886409,0.2452911004843994,0
8.80449776250963,10.490417243977108,1.6859194814674776,0
22.62196100422086,20.79054376960398,1.8314172346168824,0
10.200070390342445,8.040033431403367,2.1600369589390773,0
30.022480196512355,29.489291350461727,0.5331888460506278,0
31.980887384809257,30.596728150974034,1.3841592338352235,0
23.20381844413812,21.633836503026632,1.569981941111486,0
8.922261769499514,8.946833068077348,0.024571298577834355,0
13.48205222624594,12.745971777556584,0.7360804486893571,0
25.174288493861784,27.88065070377218,2.7063622099103952,0
21.093714502107034,22.65336035327495,1.559645851167918,0
29.665138380660764,26.99526624002665,2.6698721406341157,0
34.63717523896173,39.55070996058187,4.913534721620138,0
6.748605048872155,6.442487273171153,0.3061177757010016,0
15.836345731440343,17.53621873321217,1.6998730017718273,0
25.89490011968265,23.701115376586866,2.193784743095783,0
14.832005908876155,16.884675015401125,2.05266910652497,0
25.431010500447584,22.74778477220141,2.6832257282461747,0
24.62475372086968,24.834435997609116,0.20968227673943574,0
5.036655819873373,5.681351847341347,0.6446960274679734,0
5.815439333354073,6.851495157356607,1.036055824002534,0
11.322696866930174,10.461692807802907,0.8610040591272679,0
6.62756104264817,5.074316536562387,1.5532445060857833,0
11.565225485647337,10.7556519204755,0.8095735651718368,0
18.821820126891048,16.46945477188276,2.3523653550082884,0
20.443268429242593,22.315787496782185,1.8725190675395922,0
6.959883250475513,5.504100959095291,1.4557822913802214,0
34.660356219925674,34.42201057698603,0.23834564293964178,0
26.364735376551145,27.28008814374587,0.9153527671947259,0
19.354958515481954,20.04630729386965,0.6913487783876953,0
5.830106976250323,5.741840468838,0.08826650741232278,0
32.519834263314266,31.47561434542443,1.044219917889837,0
19.056479410439536,18.319272400860903,0.7372070095786327,0
33.65864273875279,32.39069099261179,1.2679517461410015,0
34.296661868168115,35.715111963915945,1.4184500957478292,0
13.266577047076012,10.052459770211254,3.2141172768647586,0
22.87229586221196,22.70937602644439,0.1629198357675712,0
15.867589740336781,15.30876802607255,0.5588217142642318,0
18.135461394400316,19.11823756417579,0.9827761697754731,0
15.829817476359162,16.61128251172913,0.7814650353699673,0
17.019393318178032,18.149321850469757,1.129928532291725,0
34.95420133081479,36.99362391164438,2.039422580829587,0
18.067178340014515,17.87092701615226,0.19625132386225275,0
15.348582694914688,16.401255550721135,1.0526728558064473,0
10.883253776329356,13.672496913384267,2.7892431370549104,0
7.7515797160103865,7.024092181380357,0.7274875346300291,0
19.887690381491254,20.205972667957816,0.3182822864665624,0
28.71815275934503,23.44206912712444,5.27608363222059,1
7.012008328657665,5.974682564514312,1.037325764143353,0
12.231643570635892,12.50455276022548,0.272909189589587,0
25.85948117921198,25.15093928319727,0.7085418960147081,0
27.62408621143356,31.033391449880035,3.409305238446475,0
26.545275838096693,22.563481377064186,3.981794461032507,0
5.62484336437128,6.17226767179984,0.5474243074285603,0
17.06563017645567,18.62294734815802,1.5573171717023513,0
6.175035059601099,5.090446917731279,1.08458814186982,0
22.531797639570023,26.222018795414584,3.6902211558445615,0
28.44311488737828,25.104435164586704,3.338679722791575,0
26.334407252248642,30.260499613892875,3.9260923616442334,0
11.446097997599434,11.867126035845592,0.421028038246158,0
10.223441775851635,9.834497758676585,0.38894401717504934,0
27.180756440689745,26.86019628134282,0.3205601593469254,0
32.95434764896385,30.651270666797362,2.303076982166484,0
24.592066098920842,23.17959414897521,1.4124719499456333,0
14.533741044146039,15.859358916626956,1.3256178724809171,0
30.021877972611495,30.982582993116438,0.9607050205049426,0
10.131467506839567,9.859260673581307,0.27220683325825945,0
20.227326756294083,20.49088937885555,0.2635626225614658,0
8.313103018015246,2.281047615043585,6.032055402971661,1
24.446278833858567,25.709338513406287,1.2630596795477196,0
21.816594709922377,19.31678068743097,2.4998140224914067,0
8.706953959203357,11.867782804224762,3.1608288450214044,0
14.592740203140021,15.638696310039192,1.0459561068991707,0
11.857737155192257,10.200223984454531,1.657513170737726,0
18.458215263115875,13.399792449425854,5.0584228136900204,1
10.493846924753445,13.931936415745513,3.438089490992068,0
11.018359923165377,8.257707120538416,2.7606528026269608,0
8.345998756264104,4.502182652593289,3.8438161036708145,0
20.73971685120398,22.30647800697692,1.5667611557729408,0
29.152462193027233,30.07778544016356,0.9253232471363262,0
17.147891663518877,15.373909297027456,1.7739823664914205,0
5.169530077978276,5.48671682492495,0.3171867469466738,0
29.62412271990315,32.82027791062852,3.1961551907253707,0
24.34709758366336,22.61504082977813,1.732056753885228,0
16.399691566084005,14.14184359880387,2.257847967280135,0
10.642101439123675,10.025669293462949,0.6164321456607258,0
23.80242175443855,24.12588234390081,0.32346058946225753,0
21.062928332044176,19.017826021841856,2.0451023102023207,0
9.350124684150849,8.39917650994042,0.9509481742104295,0
17.528076486174065,18.041389227950177,0.5133127417761116,0
22.49977987095244,20.21472589735748,2.2850539735949624,0
16.303849979652902,13.60560460929598,2.698245370356922,0
24.085097001519987,24.855709779282332,0.770612777762345,0
22.84214117036106,24.98621643306547,2.1440752627044084,0
18.0681125538633,17.34374261553938,0.724369938323921,0
7.316788920473027,9.849547864414227,2.5327589439411993,0
5.30127598272861,5.957238601422781,0.6559626186941712,0
24.530695074477954,25.835009377047868,1.3043143025699138,0
33.24846933413856,34.84888350104692,1.600414166908358,0
28.94757288395993,29.122328390691322,0.17475550673139395,0
22.55153059403733,21.979550047042334,0.5719805469949968,0
31.051254828325966,31.214942215286843,0.16368738696087703,0
20.32862872168647,20.833976451066558,0.5053477293800874,0
7.555048126484469,7.4123927644312895,0.14265536205317986,0
20.246391695927706,20.599500542037,0.3531088461092935,0
17.27567572546549,17.169400985148762,0.1062747403167279,0
12.079322681367497,10.187093420525537,1.89222926084196,0
23.2929129475673,26.09684083613746,2.8039278885701613,0
10.157956998687688,9.12777640731293,1.0301805913747568,0
32.29818924925007,28.882798700298387,3.4153905489516845,0
13.694682832853601,13.00439474426851,0.6902880885850919,0
33.48566831899006,33.38265904151246,0.10300927747759658,0
34.87705196812874,35.48530669911609,0.6082547309873476,0
8.99217875635074,7.9050547120624906,1.0871240442882488,0
11.525300550421152,12.63803123667906,1.1127306862579083,0
15.210333712933268,17.481128083298533,2.270794370365264,0
7.394026359657053,8.226306170996347,0.8322798113392942,0
5.005037539005227,3.813288641702825,1.1917488973024017,0
10.794427853758338,10.920631685028857,0.12620383127051937,0
23.13335223130294,19.108055036473953,4.025297194828987,0
21.436085128527345,19.356187209256223,2.079897919271122,0
31.985831216752693,33.848079175907195,1.8622479591545016,0
29.03160419392805,28.988164665391054,0.04343952853699662,0
17.77697417994039,14.567279430401793,3.2096947495385955,0
11.787384673957662,5.622753210958031,6.1646314629996315,1
29.821158848027352,29.146299366276068,0.6748594817512839,0
12.840512452025383,16.542788712028848,3.7022762600034653,0
32.34871942438886,31.676411895255953,0.6723075291329081,0
29.37356880146786,27.25743757175202,2.1161312297158403,0
22.714631016329356,23.83305384076546,1.1184228244361023,0
32.667039650317044,31.90285285206551,0.7641867982515329,0
29.7709174145096,28.593003469969965,1.177913944539636,0
12.691410479937332,12.166214700012677,0.5251957799246547,0
21.08109120385469,19.06032127913336,2.020769924721332,0
12.424804266866783,12.186782837421289,0.2380214294454941,0
22.428442417808796,22.077767767550306,0.3506746502584903,0
34.347065069464705,34.6392461876685,0.2921811182037928,0
17.110106959634784,19.684512491452136,2.5744055318173515,0
11.67176450380467,11.514581581350463,0.15718292245420784,0
25.506343496600344,25.338633377720242,0.1677101188801018,0
14.378469101224281,15.719018569771025,1.3405494685467438,0
8.71014472316211,9.83550176435302,1.1253570411909113,0
15.542607181302921,15.346142351118184,0.1964648301847376,0
10.703425808354558,13.492644744332909,2.789218935978351,0
32.351594932049686,33.02677460512496,0.6751796730752773,0
29.737308235977512,31.345613883419087,1.6083056474415756,0
18.67192229869722,19.003375322190838,0.33145302349361927,0
14.193658579410677,17.231265285607474,3.0376067061967973,0
15.849088347278364,19.518013978947312,3.668925631668948,0
29.980246830203072,28.179915513133707,1.8003313170693644,0
30.145681627779172,31.257892717832565,1.1122110900533926,0
30.71525145761128,29.959713866485366,0.7555375911259148,0
26.686092725592307,28.177186294752,1.4910935691596947,0
21.94505619228773,22.39119197850596,0.4461357862182318,0
32.078808875557684,33.78690562620906,1.7080967506513787,0
10.215214094614055,14.13135158273247,3.916137488118416,0
11.993796683922803,12.551852047696629,0.5580553637738266,0
14.399927630373966,12.285619618714522,2.1143080116594444,0
15.38688166234065,16.875628754067296,1.4887470917266459,0
25.44643911105663,29.011198658403796,3.5647595473471654,0
5.739352482614998,2.0068411773869093,3.7325113052280887,0
31.13871906034057,28.281809018687245,2.8569100416533253,0
11.644639762777981,8.109910460081268,3.5347293026967126,0
18.379958497405454,18.964856255006957,0.5848977576015031,0
29.446897651359997,28.713438090799777,0.7334595605602203,0
14.77202392940993,12.464121357095536,2.3079025723143936,0
21.289038335023005,22.92778339041774,1.638745055394736,0
10.4176377498098,11.623696432257232,1.2060586824474324,0
21.667477403586325,19.806135414802434,1.8613419887838916,0
23.137181498798547,24.966396726032002,1.8292152272334548,0
27.899130196013076,31.478028273278532,3.578898077265457,0
27.335892937598427,28.594554544489164,1.2586616068907368,0
26.654912569699846,29.43620099725264,2.781288427552795,0
30.13037785352249,33.012733944496134,2.8823560909736443,0
32.421930082538964,34.16247570436216,1.7405456218231947,0
18.28459544339069,22.11195990372819,3.8273644603375025,0
20.15261256170662,19.517930815817067,0.6346817458895515,0
27.71321136783236,29.444040007134156,1.7308286393017944,0
12.608483180457183,9.390084732218096,3.2183984482390873,0
5.606600108386427,5.658601824873364,0.05200171648693708,0
13.744261726293004,14.716937408854607,0.9726756825616025,0
32.443197876449105,29.90532622510682,2.537871651342286,0
6.226865384909637,6.884096239563117,0.6572308546534806,0
22.93071627507497,24.084300112754203,1.153583837679232,0
15.442796074946566,15.949783158714714,0.5069870837681485,0
11.986853867109229,13.849279299140294,1.8624254320310651,0
31.88542157516117,32.690090592429414,0.8046690172682425,0
16.157644846637986,15.246703603757343,0.9109412428806429,0
9.639761186597461,10.27170004461638,0.6319388580189198,0
6.124523216747557,7.16337741871075,1.0388542019631934,0
19.479878133845244,19.829470343157965,0.3495922093127213,0
11.074355748258622,10.471960799128675,0.6023949491299465,0
5.769493071219812,3.2540180154506078,2.5154750557692043,0
27.36900861022937,26.11736926143336,1.251639348796008,0
17.290558764416573,18.062557695932192,0.7719989315156184,0
23.446249306087996,24.49470696765936,1.0484576615713657,0
20.520926029934497,19.767901103537994,0.7530249263965025,0
17.170944305810604,16.24827622702381,0.9226680787867956,0
14.81657722673647,12.797963884859826,2.0186133418766445,0
8.259761340517437,7.568579672798544,0.6911816677188938,0
15.509395864683029,15.11848325405477,0.3909126106282592,0
13.713158173870625,14.642697447019232,0.9295392731486078,0
5.094897706092512,6.9016708374874245,1.8067731313949125,0
10.630565076224098,9.818183455631166,0.812381620592932,0
33.245717553539365,33.321590953003906,0.07587339946454108,0
28.294232043115045,27.102617786362877,1.1916142567521675,0
30.348559062706837,29.683546574085575,0.6650124886212616,0
11.236113025629695,11.389559906481823,0.15344688085212788,0
12.288781123142261,9.476635260429202,2.8121458627130593,0
8.828676775625933,9.786807789952169,0.958131014326236,0
12.035350627242748,12.095837750742698,0.06048712349995,0
5.820525797679872,7.617398216638781,1.796872418958909,0
10.340776548334297,11.22119392879968,0.8804173804653832,0
28.84187776156493,27.096394166675648,1.7454835948892828,0
29.392815167169164,28.79044729010133,0.6023678770678345,0
18.475319395846064,17.981560009321367,0.4937593865246974,0
13.520049235283647,11.929583536858427,1.59046569842522,0
17.052776999128604,16.932136504909106,0.12064049421949719,0
6.002983452456071,6.821479472506178,0.818496020050107,0
31.076491434635166,34.32893216768817,3.2524407330530067,0
24.76256141759461,22.218262579129515,2.544298838465096,0
28.840821009361534,26.612207430328116,2.228613579033418,0
32.44290596376544,30.26221216670499,2.1806937970604494,0
17.27663403461266,19.845849193950315,2.5692151593376558,0
18.584861663651523,17.935997934266407,0.6488637293851163,0
33.77745356417664,32.121172196287034,1.656281367889605,0
18.834263469042007,16.413495651936895,2.420767817105112,0
30.868918967825227,29.23322460948334,1.6356943583418868,0
16.9201746373736,16.17855861689377,0.7416160204798281,0
12.760990746603724,13.29727723074189,0.5362864841381665,0
17.76344179423827,17.104744638175948,0.6586971560623205,0
10.187214483394456,10.284928428724687,0.0977139453302307,0
15.880920702979218,18.420145698493567,2.539224995514349,0
31.067848821693442,31.029516647414763,0.038332174278679076,0
12.756533587710605,14.794838149050225,2.0383045613396202,0
30.69388832674783,31.059815088957293,0.36592676220946174,0
22.880865061329942,25.578020214029547,2.6971551526996045,0
7.446357466459133,4.775802243115569,2.6705552233435643,0
19.84545102841023,14.401369340412185,5.444081687998047,1
11.651924500906697,9.329660812487086,2.3222636884196106,0
17.201555557342882,18.81741230914361,1.6158567518007274,0
8.692119114207417,6.460857263076727,2.2312618511306894,0
18.710336695060168,20.596307793002033,1.8859710979418658,0
21.730989531966646,20.569808994328007,1.1611805376386393,0
25.96470271439645,27.619192921679726,1.6544902072832777,0
20.860799390117513,18.299230121925042,2.5615692681924713,0
9.790985062959388,6.280289354463719,3.5106957084956694,0
25.92901903393261,24.918944427015255,1.0100746069173567,0
21.758173976589383,19.22008854307658,2.5380854335128014,0
19.56125207203203,21.734121972849977,2.172869900817947,0
15.339808134886093,13.853365576236051,1.486442558650042,0
17.317860437036508,19.75517515302228,2.437314715985771,0
26.645141703924775,27.66858345894272,1.023441755017945,0
27.736902037508933,27.203680082750477,0.5332219547584565,0
32.28342187481964,32.982363852710776,0.6989419778911383,0
26.42664909897129,29.420934287078154,2.994285188106865,0
10.973536425836375,11.541530090002135,0.5679936641657601,0
14.488789523111375,12.88066766737388,1.6081218557374957,0
14.603767493406956,16.728147436160064,2.1243799427531087,0
15.210589634871846,18.46141824222103,3.2508286073491828,0
20.319140729221495,20.5822391204505,0.26309839122900414,0
31.2622470687587,31.69209080154532,0.4298437327866189,0
30.768171323029215,31.170771775494707,0.40260045246549225,0
22.314407388300307,21.51961816682232,0.7947892214779877,0
7.680090819511966,10.955666937008028,3.275576117496062,0
11.26498222921198,9.159494568976825,2.1054876602351555,0
34.51181400001167,33.73727995329821,0.7745340467134554,0
23.030924579064024,21.537390113832675,1.493534465231349,0
30.130600111047823,31.221786038235035,1.0911859271872117,0
18.513942556428255,17.855945891104422,0.6579966653238323,0
24.113767004793992,23.64295956372352,0.47080744107047323,0
22.452241717525013,19.79721680361877,2.6550249139062423,0
10.297930166102601,10.297887044875882,4.3121226719122774e-05,0
13.5398645197458,15.62516057172432,2.0852960519785206,0
32.18666641954384,32.02376798244202,0.1628984371018234,0
12.34211923333513,11.128504395456837,1.2136148378782927,0
31.242726762548156,30.424662560144842,0.8180642024033133,0
24.862221796458478,21.53995978607822,3.322262010380257,0
22.739978332211773,22.542430064585652,0.19754826762612154,0
7.231091084354593,4.143056085800116,3.088034998554477,0
34.817650264189,37.802643367122045,2.9849931029330463,0
25.27588452037691,25.21848328795901,0.05740123241789874,0
34.381755956053595,31.22792109934313,3.153834856710464,0
14.295697881312599,12.923231850550343,1.372466030762256,0
13.992584167380993,10.184571892815995,3.808012274564998,0
16.153849762037105,15.659399633712308,0.4944501283247966,0
24.434696989207737,24.33174556345456,0.10295142575317584,0
26.60959495285429,26.782168408430337,0.1725734555760461,0
33.25107237258803,34.50610064142794,1.255028268839915,0
16.870736359498792,22.039312006756372,5.16857564725758,1
5.5978662207093155,6.444015310191162,0.8461490894818464,0
34.32264817102968,33.59132729493924,0.731320876090436,0
11.744256978241816,10.312255316831472,1.4320016614103448,0
16.807795842322918,16.736447583668912,0.07134825865400529,0
12.165262367913122,14.564858055906608,2.399595687993486,0
9.355581153237736,7.343961152586951,2.011620000650785,0
6.0481893462891225,4.846556520509609,1.2016328257795132,0
23.876285437545384,20.87030193927266,3.005983498272723,0
21.423033231146356,22.491459114878324,1.068425883731969,0
21.081402466216737,19.85199542321973,1.229407042997007,0
24.0049618532221,22.566690519869212,1.438271333352887,0
19.9556914188711,18.49924013265038,1.4564512862207195,0
21.756413488233612,23.027514056526506,1.2711005682928942,0
18.317423705901497,21.69996673741257,3.382543031511073,0
13.903184446775361,16.431444898995174,2.528260452219813,0
16.088079321137812,17.43762984590901,1.3495505247711996,0
34.992094836978126,34.92316889599484,0.0689259409832843,0
21.631091455826283,21.050805724457202,0.5802857313690808,0
18.258783064858456,22.325370520399417,4.066587455540962,0
24.311834046442087,18.88518467556149,5.426649370880597,1
28.664831216361954,29.497308162409762,0.8324769460478088,0
8.172510139493765,10.287297738747084,2.1147875992533187,0
32.64456198301959,35.965603576717456,3.3210415936978634,0
6.543458225244389,7.928294080802885,1.3848358555584959,0
25.718696404635537,28.071587944264575,2.352891539629038,0
15.547771430027579,16.211321083386814,0.6635496533592349,0
32.796343553348805,31.176854229410722,1.6194893239380832,0
34.09664915171149,34.209673376384835,0.11302422467334594,0
30.641385675578427,31.26386245220216,0.6224767766237349,0
5.9043218187726945,6.683012241571583,0.7786904227988884,0
22.577681300266608,23.05789770147599,0.4802164012093826,0
32.36111130261223,34.147103264140675,1.7859919615284454,0
33.29716707626851,31.085227813548283,2.2119392627202252,0
11.291240902661269,10.160538553103267,1.1307023495580015,0
31.816916192261846,35.670739356610326,3.85382316434848,0
21.85039165459398,22.17829189223338,0.3279002376393976,0
6.892514883168249,5.797648771152264,1.0948661120159846,0
30.938217647179926,29.6653145826272,1.2729030645527253,0
19.603754331951578,19.238094217652563,0.3656601142990148,0
34.478478340608625,33.896714335939805,0.5817640046688197,0
27.198093704047974,24.013579137273247,3.1845145667747268,0
6.890282147479395,3.5092064376234533,3.3810757098559416,0
26.336239024498003,28.22532200260624,1.889082978108238,0
32.23025302852693,35.235933003656015,3.005679975129084,0
9.79428970551779,8.987692834078892,0.8065968714388987,0
9.367358827978084,11.226694792880437,1.8593359649023533,0
17.065743236385195,20.06838145907997,3.002638222694774,0
20.681101684275504,20.94452613871092,0.26342445443541607,0
30.029838870624197,31.076076908950863,1.046238038326667,0
8.172979760692014,10.594854638528775,2.4218748778367605,0
24.042840633472967,25.064212628935792,1.0213719954628253,0
23.587530143026903,25.641256903610067,2.0537267605831637,0
9.248194284071896,9.60502746166198,0.35683317759008304,0
19.950504234308383,17.425165515439183,2.5253387188692002,0
25.557972823478956,21.431953568001255,4.126019255477701,0
32.21416298128015,31.66504952659185,0.5491134546882961,0
33.10397895458663,34.086965855343806,0.9829869007571759,0
29.72266541213781,29.520542763607537,0.20212264853027406,0
15.784966809846752,16.004633489246707,0.2196666793999551,0
10.058841607084466,11.616841656233882,1.5580000491494168,0
33.15023956669632,33.3943362792997,0.24409671260337973,0
6.0010022861653765,6.5080396189770955,0.507037332811719,0
28.13155692537093,27.511673924505388,0.619883000865542,0
10.106475949133898,8.50106050945258,1.6054154396813178,0
22.266433778777813,21.98685470909205,0.27957906968576296,0
29.321992965643968,30.123994515165748,0.8020015495217798,0
19.960551280622877,19.864037301966096,0.09651397865678035,0
5.077581336864715,2.5315935883122425,2.5459877485524727,0
15.728042316720073,16.68666428199372,0.9586219652736485,0
11.408487036083997,11.686814886794908,0.2783278507109106,0
28.66885742067352,31.689058726858764,3.020201306185246,0
31.097145114630884,30.0412616587368,1.055883455894083,0
11.753544952824093,14.991941158866027,3.2383962060419336,0
11.05422798159573,11.460523907586051,0.40629592599032094,0
12.742362508592171,10.754317014659737,1.9880454939324341,0
17.227440365016907,17.175960353116487,0.05148001190041995,0
19.384365269811415,15.738578329116862,3.6457869406945527,0
18.476901259283235,16.496040200364853,1.9808610589183822,0
15.07428341447792,17.643391642853285,2.569108228375365,0
10.564872521457811,9.804669064420363,0.7602034570374485,0
22.81669864432019,22.39758646738175,0.41911217693844094,0
23.759924168385314,26.10926529087581,2.3493411224904968,0
13.032872287182677,14.146267345653472,1.113395058470795,0
23.686668587916827,22.837527456339107,0.8491411315777206,0
32.984632702893634,34.4612127440604,1.4765800411667627,0
28.736791039612022,28.041744683878687,0.6950463557333357,0
11.160116260394428,10.105763791703176,1.0543524686912527,0
9.152516994879353,10.49054625060706,1.338029255727708,0
15.593693033561054,15.84174264572389,0.24804961216283594,0
28.61254019830624,24.021113990604345,4.591426207701897,0
31.177080812838327,27.7816610768436,3.395419735994725,0
7.747780293364119,8.188416905603637,0.44063661223951733,0
11.622091024022962,9.982980684335148,1.6391103396878144,0
30.279798838696696,32.06065150433572,1.7808526656390278,0
10.536598396770598,6.814732319152773,3.7218660776178254,0
6.01949331185816,5.652535610644153,0.36695770121400706,0
27.76210884685724,27.644968501098372,0.11714034575886956,0
11.421750969170358,12.325456727034767,0.9037057578644099,0
7.211098328255145,2.281817585863606,4.929280742391539,0
23.698987651012718,22.74229038824946,0.9566972627632566,0
21.596341425199434,22.593913822889547,0.9975723976901136,0
27.35244920573303,31.156533109019385,3.8040839032863545,0
15.602141782855565,15.07606316389557,0.5260786189599944,0
13.78510041816604,9.30202312493623,4.48307729322981,0
30.166559632363064,28.06048835106476,2.1060712812983056,0
18.89625972936993,19.205986131140456,0.3097264017705257,0
16.752732752619778,15.267114832174542,1.485617920445236,0
9.938958669712719,11.595608640053092,1.6566499703403732,0
14.00397182212792,14.348036878485788,0.3440650563578682,0
20.34588476218436,17.766390794509743,2.579493967674619,0
32.618115762705315,34.470406588135496,1.852290825430181,0
27.131589625789942,27.662135654112166,0.5305460283222239,0
5.0365392124524675,5.423639541406844,0.38710032895437685,0
19.641000261710712,19.10095990199803,0.5400403597126804,0
28.10956813627759,21.481268953938393,6.628299182339198,1
11.703114243166285,10.110215402448233,1.5928988407180515,0
21.067936810147813,24.06097905202853,2.9930422418807154,0
29.76440993749879,33.34900867112883,3.5845987336300382,0
29.4618806943979,30.572649164791688,1.1107684703937863,0
12.552043987764474,12.04428301298157,0.5077609747829044,0
28.27749221090889,28.604163569869378,0.32667135896048904,0
34.16124977489042,31.65511276656096,2.5061370083294605,0
13.393674197046275,10.896823143260495,2.4968510537857806,0
6.037081166512453,5.948801407992752,0.08827975851970127,0
31.521754934095558,28.402577328548926,3.119177605546632,0
13.36472468259396,14.890401048241472,1.5256763656475112,0
5.03997743170493,6.176782558837921,1.136805127132991,0
8.451593428340868,7.414658692017051,1.0369347363238166,0
6.6995157078088265,9.47784487940017,2.778329171591343,0
30.89411239902175,31.22713496390747,0.33302256488572013,0
33.02837840471366,37.08420856191181,4.0558301571981445,0
17.455315062735856,16.934983015185793,0.5203320475500632,0
25.513817771522728,24.18423925983495,1.329578511687778,0
24.004838813626762,22.233195154887728,1.771643658739034,0
25.899697068065933,23.801359379195112,2.0983376888708207,0
21.507130690370428,23.27844364861693,1.7713129582465008,0
10.504988244948072,10.757657548457246,0.25266930350917427,0
11.462965840608462,10.498549597283912,0.9644162433245498,0
32.44822440104528,34.60916815961735,2.160943758572067,0
25.518554627893902,26.530018581966385,1.0114639540724824,0
8.778620565390172,11.970719530916753,3.192098965526581,0
26.785600458108192,26.52688393270698,0.25871652540121204,0
19.630713666734835,22.59554742899786,2.9648337622630265,0
28.019136107491978,26.645401153103265,1.3737349543887127,0
21.883162628176024,22.06311836036488,0.17995573218885497,0
21.06741563166478,21.478009512739355,0.4105938810745755,0
23.893874511481254,25.71251730661405,1.8186427951327957,0
20.44934872103551,17.674743347364927,2.774605373670582,0
6.410621479622856,7.84227991157694,1.4316584319540837,0
5.722539009918549,6.707804719512529,0.9852657095939801,0
24.529050814684858,25.78276959317303,1.253718778488171,0
9.066256002247929,9.145023581825047,0.07876757957711789,0
10.42384749673721,7.081622112715266,3.342225384021944,0
27.4820529094596,28.454024598085766,0.9719716886261658,0
11.38820237354497,7.373981205264367,4.014221168280604,0
8.064752454294464,7.792842337296657,0.2719101169978071,0
8.235387491984197,8.738650366461115,0.5032628744769188,0
17.50609762022262,21.169690713863545,3.6635930936409267,0
6.280954864706746,5.008110311660802,1.2728445530459433,0
7.266848442465358,7.248716944036195,0.018131498429163173,0
29.886997525138014,31.007542211079993,1.1205446859419794,0
23.688899555600617,21.033527520781327,2.6553720348192904,0
33.440631156826996,34.31111853575076,0.8704873789237624,0
13.582064429944241,10.337183117450977,3.2448813124932645,0
8.910983848777082,7.5869650745248,1.3240187742522824,0
25.81651239505905,25.315685024022553,0.5008273710364968,0
21.804276414138677,18.1397564536126,3.6645199605260785,0
32.6709036884952,31.298881353890796,1.3720223346044058,0
8.853898289811411,8.106380332624461,0.7475179571869504,0
20.435536165336202,15.517762662415056,4.917773502921147,0
10.81466882841134,13.324017436875124,2.5093486084637835,0
6.5003295964047405,5.228745609383045,1.2715839870216952,0
27.848162954595317,28.2695770806421,0.4214141260467841,0
20.37122777876177,17.95970761725375,2.4115201615080224,0
34.43604431965538,34.520006801131295,0.08396248147591479,0
24.59003306089996,24.618142261704737,0.028109200804777856,0
19.275408461524307,20.396629230049427,1.12122076852512,0
25.830528446727804,24.120727151388703,1.7098012953391013,0
31.101282949168375,32.90574829889233,1.8044653497239516,0
26.1350149863558,25.378332989868454,0.7566819964873446,0
27.117399103651493,30.46953001075046,3.3521309070989673,0
28.576925423831025,28.615554586191635,0.038629162360610536,0
19.05753156184057,17.137736665878833,1.9197948959617364,0
31.100400193498068,28.879000317177393,2.2213998763206746,0
25.688409702700394,26.330480798438387,0.6420710957379931,0
29.811419176999806,26.66314712972695,3.1482720472728545,0
17.981961645863112,18.344098336659663,0.3621366907965502,0
6.173237475671591,3.421671660313899,2.7515658153576923,0
19.732962545611095,17.007117998846326,2.725844546764769,0
24.98171467500573,24.220108546077856,0.7616061289278733,0
17.635845267148902,19.089191650071626,1.4533463829227244,0
12.091799377224833,10.954384944971824,1.1374144322530082,0
19.131905877299335,18.40494922998816,0.7269566473111766,0
29.290584987862207,27.962552311200998,1.3280326766612092,0
26.511134671657217,26.66118278890325,0.15004811724603329,0
14.10262185267957,14.731494419408453,0.6288725667288819,0
9.24785463950908,8.546233497969974,0.7016211415391069,0
31.863400695874653,32.10254180000792,0.2391411041332674,0
15.380414673213073,18.67712537377341,3.2967107005603378,0
7.387062005904048,7.814189690786208,0.42712768488215946,0
10.23813257175034,7.30728327818243,2.93084929356791,0
19.52363971402968,19.0109055498768,0.5127341641528815,0
7.942892139047773,8.01779400662082,0.07490186757304684,0
32.48130882846325,31.001704564383306,1.479604264079942,0
25.77726749192033,21.23900006612983,4.538267425790501,0
29.149480326382783,28.925323410323326,0.22415691605945653,0
25.61171259928397,25.990205473598994,0.3784928743150253,0
18.7094964543462,21.356766242325634,2.6472697879794325,0
5.023171050213411,4.6875948876357425,0.3355761625776683,0
14.935126225040781,14.554479447104837,0.3806467779359437,0
28.697943255283256,28.361294081144898,0.3366491741383584,0
16.757619451741903,17.54577778169852,0.7881583299566159,0
32.36619077475554,34.01957034682601,1.6533795720704703,0
28.89213446945551,28.963714269351502,0.07157979989599283,0
23.68257852213984,26.852815205495503,3.1702366833556646,0
27.386128080021702,24.839944289691836,2.5461837903298665,0
30.17396952551524,28.323960108007864,1.8500094175073762,0
14.11188637581305,11.370529072345864,2.7413573034671863,0
34.58106217971101,40.18771822543169,5.606656045720676,1
29.6137885119101,28.76693939291238,0.8468491189977208,0
6.811311332434899,8.090735501809554,1.2794241693746553,0
5.785418380416452,7.798464525761684,2.013046145345232,0
10.723296764953098,10.770328645511201,0.04703188055810337,0
7.270485062809275,8.555588243806262,1.2851031809969875,0
11.428922040308496,10.419584636590786,1.0093374037177103,0
34.2613738310884,31.87986501974708,2.3815088113413196,0
15.804206596402942,16.206977921631605,0.4027713252286631,0
23.190824725346395,24.781033721938158,1.5902089965917625,0
28.433271428827137,31.950549168007605,3.517277739180468,0
22.219505301800826,26.767441689225997,4.547936387425171,0
10.675385252872985,8.526307843909514,2.149077408963471,0
31.998634191682335,33.82089902129502,1.8222648296126849,0
8.35712404162539,8.837353870729812,0.480229829104422,0
7.051988990602264,9.470843866901944,2.4188548762996804,0
7.4442008949001925,5.627511989463043,1.8166889054371493,0
29.951581762383217,32.68278853627191,2.7312067738886903,0
24.64866580716095,29.384803452174392,4.736137645013443,0
26.460480958161895,26.724193412719384,0.2637124545574885,0
17.86003872247032,16.066129659400445,1.7939090630698757,0
8.491159875509982,9.232644013082345,0.7414841375723622,0
28.351953410917186,30.110482763137163,1.758529352219977,0
32.282628432808465,28.381597169105802,3.901031263702663,0
33.824170177952084,33.9213152665863,0.097145088634214,0
5.909689193429989,5.228313824728289,0.6813753687016995,0
23.824508764929924,22.696202758384796,1.1283060065451274,0
33.523618943309046,34.50849770220777,0.9848787588987236,0
33.77299724418679,27.65622738157174,6.116769862615051,1
28.222929812381487,26.038531733460893,2.1843980789205943,0
22.216728617750448,20.495898235863358,1.7208303818870903,0
8.416310750413045,9.112644598006632,0.6963338475935874,0
27.12823848213647,27.31513062694796,0.18689214481148753,0
14.400745489640126,15.1859593640843,0.7852138744441728,0
18.043808620011603,15.284176617911244,2.759632002100359,0
31.761905079207814,29.835572429921285,1.926332649286529,0
15.663683089709645,16.265321022924116,0.6016379332144712,0
20.56223402229024,20.865772329160585,0.3035383068703439,0
28.433038894091354,27.908308113067687,0.524730781023667,0
10.627916941333329,13.270995047290572,2.643078105957244,0
18.047807767252138,17.205306833908153,0.8425009333439846,0
22.359635594309506,21.14339035883745,1.216245235472055,0
24.02077886633849,25.068371112800516,1.0475922464620275,0
25.871428846200565,25.233790662163997,0.6376381840365681,0
16.215890541891856,16.760774020580644,0.5448834786887886,0
9.70579878972092,6.078284282360526,3.6275145073603934,0
32.260664546470665,33.7097638414997,1.4490992950290362,0
18.406072323306905,21.293637571857328,2.8875652485504233,0
19.86329848357102,21.711760736377066,1.8484622528060477,0
33.19949655238841,31.61024940510705,1.589247147281359,0
7.548872118623051,8.141207922474756,0.5923358038517046,0
9.961229038046872,8.874445583316948,1.0867834547299235,0
22.10362246442925,18.70736021645453,3.3962622479747218,0
8.517406006194893,10.177070880793188,1.6596648745982954,0
25.59420218180251,26.769814645372776,1.1756124635702676,0
28.3691914980859,30.038189172403875,1.6689976743179749,0
6.720047783951786,7.317237526237873,0.597189742286087,0
21.349640071762398,20.25650941385382,1.0931306579085778,0
20.54195097321171,21.527797384563588,0.9858464113518792,0
24.851565340691003,27.005692999465207,2.154127658774204,0
27.393791113112105,24.469918608264532,2.923872504847573,0
27.84260853911418,25.743301725049367,2.099306814064814,0
17.083999001215705,14.733944675306823,2.350054325908882,0
5.913772229117215,5.120686787830889,0.7930854412863262,0
31.1756928184571,29.638314016816352,1.5373788016407488,0
25.006796022345362,23.60067224220975,1.4061237801356121,0
26.13214576532889,26.62312720160552,0.4909814362766305,0
19.084889284733265,18.549164701439874,0.5357245832933906,0
15.898443618627065,19.75005377073908,3.8516101521120145,0
15.8503191025741,18.06136049419578,2.2110413916216825,0
18.776687650381955,18.074050864149427,0.702636786232528,0
12.63213953767179,15.459529684807917,2.8273901471361267,0
23.02284755463846,22.309010694567835,0.7138368600706251,0
32.076074667013,32.66706369504219,0.5909890280291847,0
13.605335853314278,15.05745890902433,1.452123055710052,0
33.791924490126924,34.94242462449337,1.150500134366446,0
33.572166609372864,34.27613571910871,0.7039691097358443,0
31.371558627208003,29.388779062116758,1.9827795650912456,0
29.369065085547426,26.976922581924775,2.392142503622651,0
12.80847732395927,10.438108512988222,2.3703688109710477,0
16.68236093641954,15.71894063889343,0.9634202975261079,0
26.407895483682225,27.4796502193905,1.071754735708275,0
17.865326365043202,18.3045377389186,0.43921137387539844,0
16.073041155594545,18.77643608783874,2.703394932244194,0
7.421430849520724,3.63819851616826,3.783232333352464,0
26.232230876438642,26.274631690502982,0.04240081406434015,0
21.285786074855185,23.49343199251598,2.2076459176607948,0
34.06561911861054,33.93571394265078,0.12990517595976314,0
14.79382518372362,17.637809915983667,2.843984732260047,0
11.498973347912766,11.938653335165679,0.43967998725291224,0
32.77967597624116,34.06289057063318,1.283214594392021,0
24.432936649283246,24.92738201743516,0.494445368151915,0
24.46637182369177,28.18187572344678,3.71550389975501,0
8.98303013523738,9.933075170365854,0.9500450351284737,0
14.35176230195771,15.576225254954412,1.2244629529967028,0
15.480218480210238,13.112814118580944,2.367404361629294,0
24.444176144162558,25.368451599743445,0.9242754555808865,0
5.412822838025684,6.793139223587328,1.3803163855616445,0
14.043358429236019,11.564799615275472,2.4785588139605466,0
31.432163965743165,31.38457434625014,0.047589619493024315,0
12.803308710294347,10.491720229342466,2.3115884809518814,0
21.530439561074257,25.51757472905718,3.987135167982924,0
20.727932784260773,22.457112982389614,1.7291801981288408,0
13.723834742069895,15.278706610589666,1.5548718685197702,0
15.256617906649133,15.180977156658356,0.07564074999077697,0
18.4988130326445,19.918690917991523,1.4198778853470237,0
22.210955311685368,23.29663494379277,1.0856796321074036,0
7.3820830386991645,7.6302781837610185,0.24819514506185403,0
16.849104559548415,16.994548990559256,0.1454444310108407,0
22.896169295799297,23.622843434949687,0.7266741391503899,0
33.301124244861526,36.917091100108685,3.6159668552471587,0
34.36428027277418,32.46550272697654,1.8987775457976426,0
16.125721242848527,18.94536841770794,2.819647174859412,0
12.006880099666532,13.345354637475594,1.3384745378090628,0
14.181893394337973,15.578221971312017,1.3963285769740441,0
16.260966978678546,18.767576010705387,2.506609032026841,0
17.03350355392434,17.58984382704142,0.5563402731170797,0
24.13553728867295,26.974207332693556,2.8386700440206063,0
17.13077337071214,17.864893815581784,0.7341204448696423,0
33.70517715179157,34.164161177583566,0.4589840257919988,0
26.00382258872856,30.111968804222805,4.108146215494244,0
16.1467541409193,14.546780521797961,1.5999736191213376,0
12.90009270278282,15.151862741168348,2.251770038385528,0
10.439705063066558,8.6782043773767,1.7615006856898585,0
28.040540515286953,27.491269258893148,0.5492712563938049,0
6.359037023629373,6.478873587355641,0.11983656372626772,0
8.666320311784729,9.641638194200379,0.9753178824156503,0
5.07667532899954,6.415651472197035,1.3389761431974945,0
24.418330496707846,23.742532395947286,0.6757981007605594,0
18.974985985345846,19.694679205444352,0.719693220098506,0
29.214704254143438,30.650206769996043,1.4355025158526047,0
34.677024471378004,34.209107575153205,0.4679168962247999,0
16.87431475160365,16.92368689451308,0.04937214290943004,0
17.99267062175029,22.608984867231364,4.616314245481075,0
15.819368211030827,16.7900410389469,0.9706728279160721,0
21.715530853306014,22.111268580186675,0.395737726880661,0
34.29799928976817,34.049743628053996,0.24825566171417535,0
16.395285593685568,16.11533417512548,0.2799514185600884,0
8.345608348034142,7.319483315184303,1.0261250328498397,0
5.900781984695625,3.233960861732073,2.666821122963552,0
15.85612360144372,15.282103602981259,0.574019998462461,0
16.50942343155107,19.160059054214745,2.6506356226636747,0
27.282327415153794,27.773271691855495,0.4909442767017005,0
31.35710855067422,31.648086491850613,0.29097794117639353,0
25.317518965428295,22.287628886810808,3.0298900786174876,0
26.8053416187849,26.119122635062375,0.6862189837225259,0
15.388111300377808,14.833741617481477,0.5543696828963309,0
14.520698504625894,12.464208334722343,2.056490169903551,0
25.796821178615875,28.403860797414918,2.6070396187990426,0
12.870743748906945,15.934237975970765,3.0634942270638206,0
34.06282187985062,31.826980809360393,2.235841070490224,0
16.28153241331842,18.51166362457772,2.2301312112593017,0
28.534164993467154,30.996513962460668,2.4623489689935134,0
31.250080679505672,34.38474207881561,3.134661399309941,0
29.552307425935677,28.313063170363687,1.2392442555719896,0
12.545000373084578,14.601800532360038,2.0568001592754594,0
19.804224244491046,20.087770784478906,0.28354653998786006,0
29.805897853795983,32.2387751253455,2.432877271549515,0
34.45407563847252,31.706102945193596,2.7479726932789212,0
34.565130251730835,34.141142092477985,0.4239881592528505,0
25.15854831464571,22.225876094604814,2.932672220040896,0
27.390158990204124,26.194851231870835,1.1953077583332892,0
13.504059556563687,13.176779707091598,0.3272798494720899,0
27.464665966808948,25.412009001795553,2.0526569650133943,0
30.530786420728834,27.03325287900495,3.4975335417238824,0
6.645125208447725,7.296567558466752,0.6514423500190274,0
19.383009525909735,21.591407664854817,2.208398138945082,0
5.752609774690795,2.5362800425919163,3.2163297320988784,0
30.625382200583992,30.297614834617836,0.32776736596615663,0
32.450992237322055,33.826223729342566,1.3752314920205109,0
25.73288799129288,28.406071159433917,2.673183168141037,0
26.57861194325324,26.734159693981876,0.1555477507286369,0
34.793427176108814,34.02338859811799,0.7700385779908245,0
28.847263538445453,28.954949721515295,0.10768618306984123,0
23.64984981803432,20.156781012532484,3.493068805501835,0
19.020524184765193,21.046853244559344,2.0263290597941506,0
22.423513762887776,24.93305823161782,2.509544468730045,0
14.675472444251568,14.87846085638166,0.20298841213009133,0
32.68053333136304,33.59096253449816,0.9104292031351235,0
31.19534244656184,32.887611045885805,1.6922685993239668,0
20.936110348608366,22.061190775226816,1.1250804266184495,0
28.13280914616057,29.534116243933184,1.4013070977726123,0
13.55329140960545,9.56833713024255,3.984954279362899,0
16.217280703609894,19.154413579876994,2.9371328762671,0
11.18025618899875,11.012152994172206,0.16810319482654457,0
24.13218410023951,20.792853676318458,3.3393304239210515,0
34.54228180831835,36.236374091181865,1.6940922828635152,0
6.90567485830746,10.492244846079199,3.586569987771739,0
16.088396614870618,18.928339055154737,2.839942440284119,0
14.010733559371909,14.324411104862815,0.313677545490906,0
8.050490605667779,10.097913391911463,2.0474227862436845,0
26.097997066489107,25.29799953606292,0.7999975304261859,0
8.339741093177533,8.9729267577669,0.6331856645893659,0
14.105735900413967,10.429349670757896,3.676386229656071,0
21.570353399876026,20.7141321602636,0.8562212396124274,0
33.10497002332352,33.673671304967506,0.5687012816439889,0
5.233902577345261,6.429725915800845,1.1958233384555843,0
26.77722873634136,28.018527320660755,1.241298584319395,0
5.10522074373469,7.977117389860674,2.8718966461259843,0
24.479680921853593,22.978924274260592,1.5007566475930005,0
14.830482358917571,13.011091601201786,1.8193907577157855,0
26.25113785751429,25.623142695970422,0.6279951615438684,0
16.552451725619946,15.455469703670605,1.0969820219493407,0
34.62222471541463,36.616373371315625,1.994148655900993,0
11.570494279967242,15.558610898762067,3.988116618794825,0
25.11336424809203,23.097181127137183,2.016183120954846,0
22.2728214162915,24.69269539488598,2.419873978594481,0
31.150402966901034,28.967824665890923,2.1825783010101105,0
7.936528003659201,7.921932645401907,0.014595358257293967,0
26.104264607923604,23.352816057452156,2.751448550471448,0
18.79365199881316,19.786965048967502,0.9933130501543417,0
8.961736516442755,5.677349660703222,3.284386855739533,0
6.391204868674988,8.313557003758111,1.9223521350831234,0
6.468933304105164,6.110429944409786,0.35850335969537817,0
21.53419762386181,23.71126528133543,2.177067657473618,0
23.442759086149028,23.661486160063482,0.21872707391445445,0
27.571799079876655,28.488370766393466,0.9165716865168108,0
30.26264294559573,29.474185384859606,0.7884575607361235,0
10.954102941818373,8.938169773912628,2.015933167905745,0
5.622107077604798,8.524246117226973,2.902139039622175,0
30.39474653691367,26.700331814190186,3.694414722723483,0
8.632808557302408,8.232219602333858,0.4005889549685495,0
19.91258600943975,21.166932373376266,1.2543463639365164,0
26.618609415263464,27.874305720584708,1.2556963053212442,0
33.90231603730207,34.70561749812085,0.8033014608187798,0
29.52027929010994,30.6514443552316,1.1311650651216603,0
25.403637678371716,24.596786771443618,0.8068509069280978,0
9.370703920211056,5.737044344592308,3.633659575618749,0
10.012323762279326,12.462523891317637,2.4502001290383113,0
34.059436658535944,30.170021244467446,3.8894154140684982,0
20.1100269588749,23.996444980947842,3.8864180220729416,0
13.779619283057015,15.543559328259754,1.7639400452027392,0
20.335462901274514,21.85033781270414,1.5148749114296258,0
31.636852067281183,30.623231008558,1.0136210587231815,0
11.47666860783978,10.212499449243532,1.264169158596248,0
6.624211472789571,6.555217354824905,0.06899411796466559,0
28.099551115500486,30.738404189518413,2.638853074017927,0
32.05403762693052,30.181989906158737,1.8720477207717856,0
25.593641540242814,25.31300678372071,0.28063475652210457,0
28.690867518830743,30.766502357492925,2.0756348386621823,0
28.524832832704263,28.825469595112278,0.30063676240801485,0
15.235512926055812,16.293638194091457,1.0581252680356457,0
16.991117657925862,17.554204008190624,0.5630863502647614,0
18.517359495288314,17.14547621749632,1.3718832777919943,0
33.76095197066439,37.103058429156064,3.3421064584916778,0
31.80378809087533,34.337321414115536,2.5335333232402064,0
20.705345683495484,23.05143204125382,2.3460863577583346,0
11.474895597634417,14.145244090949884,2.6703484933154673,0
6.54033188018552,4.094657168582801,2.4456747116027193,0
27.72848873113447,24.402184318773458,3.3263044123610115,0
23.95306461641778,23.22095939917276,0.7321052172450209,0
31.33910811229104,29.66020208386226,1.6789060284287807,0
22.06061902522255,22.271307171492357,0.21068814626980625,0
29.7838766504995,28.285724083698984,1.498152566800517,0
7.108054226465352,6.904074048234619,0.20398017823073378,0
22.039527411061172,24.36531725894823,2.3257898478870587,0
22.27319763908453,20.20440778406194,2.0687898550225903,0
31.28386478353577,31.29323824320431,0.009373459668541528,0
14.654395564955593,14.579498534965708,0.07489702998988435,0
32.12765345397345,34.44468009532316,2.317026641349706,0
31.051941703922562,28.94165171037151,2.110289993551053,0
30.14055770084088,26.62035840714179,3.52019929369909,0
13.318401676459391,16.9176077303618,3.59920605390241,0
17.84323907105111,17.287852048716875,0.5553870223342336,0
19.00736757269297,17.703027673581975,1.304339899110996,0
7.280957363834517,5.742163544598549,1.538793819235968,0
5.592413556300113,5.044333772114452,0.5480797841856608,0
33.14883094897223,35.10538491402552,1.9565539650532884,0
12.914203411270123,15.79611655810329,2.881913146833167,0
21.043347964922916,18.94930426674702,2.094043698175895,0
12.130063581808143,12.63988621086004,0.5098226290518966,0
12.339500810215089,12.003803919712125,0.33569689050296425,0
32.34979058943393,31.15241114461822,1.1973794448157093,0
34.4821702848456,31.047552177178137,3.4346181076674647,0
24.115195179078913,21.757621661849676,2.3575735172292376,0
11.492927351458436,9.571603455677774,1.9213238957806613,0
5.044580121077801,4.121816084090786,0.9227640369870151,0
6.730592743265367,6.901837244691372,0.17124450142600445,0
28.185370292687487,24.658930344508178,3.526439948179309,0
32.32536665382851,33.98993532593509,1.6645686721065829,0
18.372837554976535,19.737496966632275,1.3646594116557402,0
10.414283481921357,8.076940860710188,2.337342621211169,0
8.905844343312976,10.569390332450117,1.6635459891371411,0
33.7671600179215,35.93683046522891,2.1696704473074107,0
11.063062536315298,12.987817362219936,1.9247548259046372,0
15.839918252020333,12.67713886343279,3.162779388587543,0
28.75935328613064,30.731820630638406,1.9724673445077663,0
6.861110760315111,8.893292289459534,2.032181529144423,0
16.986345104993113,16.283894014438474,0.7024510905546393,0
24.148516394511613,23.064694986891663,1.0838214076199506,0
16.315974561504948,15.66371855188386,0.6522560096210874,0
19.222948566857426,20.682386117586194,1.4594375507287687,0
10.604544947285033,8.915341179640057,1.689203767644976,0
9.781178031434408,7.232548821146462,2.5486292102879453,0
13.29386331080881,9.909598992910066,3.3842643178987437,0
19.057594284865708,16.623451221277804,2.4341430635879036,0
26.411287476227823,26.13812034008267,0.27316713614515464,0
8.366698186616217,10.964107920944324,2.5974097343281066,0
6.03553761239639,2.666766061802601,3.3687715505937894,0
11.189091196488093,11.228005389679799,0.0389141931917063,0
21.368853141971567,20.166598649058976,1.2022544929125907,0
17.53480145384644,17.65423714616709,0.11943569232064988,0
10.959675761403181,9.348554255660787,1.6111215057423944,0
6.6200597294845265,6.999954139120535,0.37989440963600885,0
24.772413041465647,25.023006574518288,0.25059353305264054,0
10.464242274289294,9.690421266638353,0.7738210076509411,0
33.16237733976432,35.41039590593414,2.2480185661698187,0
19.902710624778415,20.096792039670337,0.19408141489192232,0
5.987302265088879,5.599799118821606,0.38750314626727356,0
15.789916810560541,13.883179652918965,1.906737157641576,0
11.895963662069422,10.911520532458422,0.9844431296109999,0
29.674804403555427,32.47100888112287,2.796204477567443,0
24.981000196689408,24.8855693772666,0.09543081942280907,0
9.558554316179938,12.130545223985536,2.5719909078055974,0
8.909600453237893,8.5693551404538,0.3402453127840932,0
14.14735637514331,13.124212850859251,1.023143524284059,0
29.79365193543722,32.89529389807454,3.10164196263732,0
15.963837646121243,18.784246468815006,2.8204088226937625,0
18.46298436971645,17.888375074070364,0.5746092956460878,0
25.78899565698042,26.122041096049216,0.3330454390687976,0
23.38800461270145,20.445966886204765,2.942037726496686,0
24.578306976929625,22.900737959221082,1.6775690177085423,0
15.951211104617004,19.202140261874398,3.250929157257394,0
8.3448279258328,8.040505627460558,0.30432229837224156,0
19.507963577976888,24.89909141355308,5.391127835576192,1
30.14107469614798,30.928867354198985,0.7877926580510035,0
6.607689581780534,5.611468040353126,0.996221541427408,0
34.659398164615524,33.48958995637285,1.1698082082426708,0
16.967049509846234,16.426228176444265,0.5408213334019685,0
26.209621004396087,27.44767353560916,1.2380525312130715,0
13.497148233656983,13.448741557844759,0.04840667581222391,0
12.323940801251643,13.618903153804522,1.2949623525528793,0
21.445772137257933,22.202876968929157,0.7571048316712243,0
10.857341767562085,9.853217253566957,1.0041245139951283,0
33.485470802462686,31.063293861202784,2.4221769412599023,0
31.739923846456964,30.769506435066013,0.970417411390951,0
27.94373024490681,29.35734080274484,1.4136105578380302,0
5.34843542502574,6.03676416318527,0.6883287381595302,0
28.346786682561522,28.48327056898268,0.13648388642115705,0
22.164455342483848,22.975434841331253,0.8109794988474057,0
28.089476200958124,29.392247259541616,1.3027710585834917,0
16.61103592614687,15.943406429276893,0.6676294968699761,0
19.4740645168591,16.44560733558695,3.0284571812721524,0
14.234044710409883,14.818381220032824,0.5843365096229416,0
32.63642932995509,27.43199343245699,5.204435897498101,1
29.127321377492624,26.640300738903754,2.48702063858887,0
34.77734306278931,33.224743873039785,1.5525991897495288,0
30.918654608933952,31.117076951787094,0.1984223428531422,0
9.543137091017773,12.432017784578871,2.8888806935610987,0
16.806787520484537,17.723951121850433,0.9171636013658961,0
8.180845858707446,7.382429412078491,0.7984164466289556,0
13.286621333990624,15.116758258660452,1.8301369246698282,0
20.367091791891358,19.81188360357715,0.5552081883142073,0
26.125048252972114,27.106200890400373,0.9811526374282593,0
28.794605598671453,31.580253708402857,2.7856481097314045,0
25.878609175426213,28.012180764444327,2.133571589018114,0
5.59095628520641,8.080812424855694,2.4898561396492838,0
28.99219111559541,27.75352329332936,1.238667822266052,0
20.75118314729725,22.078249468856082,1.3270663215588314,0
24.281539881492872,20.359472043253167,3.9220678382397054,0
31.355860333563818,31.52868477295765,0.17282443939383185,0
31.336575152453996,32.773991863026026,1.4374167105720304,0
16.33938332416331,12.60632334361279,3.7330599805505216,0
25.025123398080797,26.50484549037373,1.4797220922929313,0
15.08330506819516,17.628697948966657,2.5453928807714963,0
30.548418851305048,27.647612977715276,2.9008058735897713,0
23.38701914614469,26.85791902089316,3.4708998747484685,0
9.558716116783783,8.146044311731776,1.4126718050520068,0
26.99182723095376,26.888966713754805,0.10286051719895539,0
16.401150128796317,18.863184074703987,2.4620339459076703,0
16.62629559244027,17.570988691560885,0.9446930991206131,0
25.644279979099746,24.816008748880403,0.8282712302193431,0
12.04417919721511,12.990210103205195,0.9460309059900851,0
12.222178233714681,14.906767234805075,2.6845890010903943,0
23.852264251135548,21.597149958166195,2.2551142929693526,0
32.42901044679229,32.29476765571531,0.13424279107697856,0
19.094694283781998,19.380034100082497,0.28533981630049965,0
5.730641447093051,2.586756729752242,3.143884717340809,0
17.978416958418535,18.778313734744952,0.7998967763264169,0
24.92989858951926,25.598283605621106,0.6683850161018441,0
34.04749289498659,34.14458076582219,0.09708787083560111,0
19.461955098396476,20.13927279899555,0.6773177005990725,0
23.632106779455096,26.0778179266853,2.4457111472302024,0
22.670024740726543,25.232224139965275,2.5621993992387324,0
11.62606378376439,12.817132641104568,1.191068857340177,0
24.477287670985465,22.67131039950553,1.8059772714799358,0
5.834605234364351,6.63271070909436,0.7981054747300087,0
7.450886143112152,4.325265023315827,3.1256211197963246,0
13.42630179300304,16.201811721190733,2.7755099281876934,0
11.325338882529898,11.502595232585893,0.17725635005599472,0
29.320071653674685,29.330564876019317,0.010493222344631903,0
30.676548590893407,30.09127932683857,0.5852692640548369,0
30.42467512337789,28.50897105918973,1.9157040641881622,0
28.492887603411425,26.88529409958947,1.6075935038219562,0
11.449630223249812,8.89242315262074,2.5572070706290724,0
9.933093350043624,7.94789879530636,1.985194554737264,0
13.852183268846606,14.554200741305475,0.7020174724588699,0
23.36955566531006,22.90405572415989,0.46549994115017057,0
9.159565836498581,8.225649930048789,0.9339159064497924,0
19.29307662307788,19.881842805244005,0.5887661821661254,0
8.410088814649981,11.819063003107082,3.408974188457101,0
17.724771410002887,13.68467965417122,4.040091755831668,0
17.983291161141217,14.324184976085109,3.6591061850561086,0
19.74034460321919,18.71798066025829,1.0223639429608973,0
15.702159994280285,18.57602367049561,2.873863676215324,0
10.575403559437666,9.808450036985166,0.7669535224524999,0
12.545297451964657,11.477693432247028,1.0676040197176295,0
30.585767440545137,32.38090925246784,1.7951418119227007,0
24.416776413163596,27.076201257253942,2.6594248440903456,0
14.784826242626435,17.718024471174548,2.933198228548113,0
6.749991819485071,2.5848422858950677,4.165149533590004,0
11.886535562501987,12.67762599797794,0.7910904354759527,0
34.414225718986124,32.755668188162886,1.6585575308232379,0
13.379514651081791,10.453903275045368,2.9256113760364233,0
25.02127905408226,21.303294170902774,3.7179848831794864,0
20.140614294540384,21.561110115083494,1.4204958205431097,0
25.82141296545422,24.617331713821308,1.2040812516329105,0
24.866113990550993,25.007339365387534,0.14122537483654085,0
15.246871102711983,15.856011460661657,0.6091403579496735,0
31.94143234908225,28.477642218672017,3.4637901304102314,0
23.582224422308773,20.372041524901263,3.2101828974075097,0
7.741375247481695,10.074277128828818,2.332901881347123,0
20.694722766194694,21.72969445018241,1.0349716839877168,0
6.655011693983772,8.534719335717032,1.87970764173326,0
16.523147395808593,15.381775259582506,1.141372136226087,0
7.03667384138853,7.386698758033484,0.35002491664495405,0
25.040675773644487,22.472379565541857,2.5682962081026304,0
27.57056969689533,26.188057341585093,1.3825123553102365,0
33.970469984834395,35.09599056151582,1.1255205766814242,0
32.53778562303928,31.04228587326083,1.4954997497784461,0
34.06275940951502,33.892671292812146,0.17008811670287116,0
18.908761283910557,19.925131486326382,1.0163702024158248,0
11.31932582512961,8.848318839793288,2.471006985336322,0
18.173179526192975,19.020179379370777,0.8469998531778025,0
21.817822382076642,22.735135837109954,0.9173134550333124,0
14.403335024808346,14.364187927457753,0.039147097350593185,0
5.4693577483364395,5.010266272396978,0.4590914759394611,0
14.181674913895243,16.6761691156682,2.494494201772955,0
23.723428072503722,24.831722204323427,1.1082941318197044,0
21.70609589614105,21.41894919027397,0.28714670586708024,0
25.49904724743706,23.104392370003342,2.394654877433716,0
19.67346551041431,18.554145869122856,1.1193196412914546,0
30.219679606925627,31.126164912034632,0.9064853051090047,0
32.693368512838134,31.46669716982089,1.2266713430172445,0
30.79405200426251,32.45431742189577,1.660265417633262,0
28.36085713727311,30.779809021646678,2.4189518843735662,0
12.59444470630455,10.716427439864928,1.8780172664396222,0
20.918317483398596,22.444014506740437,1.5256970233418414,0
16.211190682356374,14.493537227724486,1.717653454631888,0
34.69027128277317,36.63617676163856,1.9459054788653916,0
19.74149510405109,19.358068242482414,0.383426861568676,0
34.52175844309148,38.24726359869551,3.725505155604033,0
29.475461418475906,32.73690263901756,3.261441220541652,0
26.548101104001297,27.558884914221977,1.0107838102206799,0
23.9143620284546,19.899238585998184,4.015123442456417,0
28.696878170211445,26.781365666650398,1.9155125035610467,0
19.414354344617998,20.204588511902326,0.7902341672843285,0
10.575194655608565,10.84396222540581,0.26876756979724625,0
6.635322199285675,6.13551449894042,0.49980770034525435,0
25.13518690284661,24.966659912248353,0.16852699059825582,0
29.927200137220446,31.609116466985085,1.6819163297646398,0
17.909040622717384,17.389281982613383,0.5197586401040013,0
9.028504182496516,4.625314881004113,4.403189301492403,0
14.561346630158999,17.1558997344912,2.594553104332201,0
25.655169841232112,25.079645543238854,0.5755242979932582,0
11.636326334333344,10.78982444742775,0.8465018869055942,0
34.609697777321045,36.76591469623596,2.1562169189149145,0
10.684186728253426,9.320252490098296,1.3639342381551298,0
9.614727742124261,6.257416597579105,3.3573111445451556,0
9.125107989280043,12.28235396767447,3.157245978394428,0
21.104116664449077,22.19196144011875,1.087844775669673,0
9.345010836618417,11.63906292148409,2.2940520848656725,0
24.652760923022534,22.335891943238966,2.3168689797835675,0
19.647883228621353,18.741650926639927,0.9062323019814258,0
8.906703346493817,11.214532793988045,2.3078294474942282,0
16.304888480760752,14.187363511038264,2.1175249697224885,0
7.694665160001532,10.164036279588014,2.4693711195864827,0
34.84680955441999,32.38156482407318,2.465244730346811,0
31.55180490033015,32.29038930883118,0.7385844085010298,0
8.286646190200326,11.291003443010881,3.0043572528105553,0
22.954059674993367,23.739480331994866,0.7854206570014988,0
21.390215667338442,21.339556675046612,0.05065899229182946,0
16.36347812918173,15.397566633638716,0.965911495543013,0
8.263367697136848,7.035473523181663,1.2278941739551854,0
6.133386566578929,9.231668367720788,3.0982818011418587,0
22.36112295442127,22.72285746763421,0.3617345132129408,0
8.599415639553168,8.698241586787677,0.09882594723450921,0
33.98846883711397,36.292632248990465,2.3041634118764946,0
34.9091646513216,34.30299649883186,0.6061681524897438,0
28.72332723435706,28.795079550479947,0.07175231612288613,0
33.12530801959582,33.240488643348144,0.11518062375232319,0
11.989791774655563,11.285054070958624,0.7047377036969387,0
23.456439331144534,24.43080903173152,0.9743697005869869,0
12.36804498536571,13.931350261327928,1.5633052759622181,0
30.04266330614215,28.65120060111986,1.3914627050222883,0
16.484808399823102,14.606754727120988,1.878053672702114,0
18.691348213317852,19.98698393028711,1.295635716969258,0
5.568109865613431,2.058171821260973,3.509938044352458,0
17.90677800518547,16.352954616223617,1.5538233889618525,0
10.865380602824864,7.135255705190083,3.7301248976347807,0
20.97543204555442,22.171073568235045,1.1956415226806243,0
14.44574147863506,16.41361585996644,1.9678743813313808,0
27.441646873896897,23.565163932551705,3.8764829413451913,0
24.961753456040224,28.065735690318988,3.1039822342787637,0
25.451424346153644,29.418310455874025,3.966886109720381,0
6.104066443313457,7.562562288472344,1.458495845158887,0
20.691489104393888,21.73469330851832,1.0432042041244323,0
8.47376492489007,9.95416861837734,1.4804036934872702,0
25.732030256450688,29.48226878178422,3.7502385253335326,0
21.749938766647126,20.567678005759433,1.1822607608876936,0
6.890489906299396,8.966478357910496,2.0759884516111002,0
30.57061702316902,33.488228184986326,2.9176111618173053,0
23.32066618889959,24.199003685493956,0.8783374965943658,0
9.877786158992002,11.306876300258828,1.4290901412668262,0
19.297254912512663,19.661172292467302,0.36391737995463913,0
25.245975874265064,26.488180667787653,1.242204793522589,0
28.158497059722166,27.803876415436033,0.3546206442861326,0
13.3154895681031,12.323635977583749,0.9918535905193515,0
17.881993431046673,21.848619216509235,3.9666257854625613,0
6.518380405408143,5.993312816369314,0.5250675890388292,0
17.581140872472297,20.252157166859792,2.6710162943874955,0
30.039556302351393,32.50406881098862,2.4645125086372275,0
14.013243076625537,11.376690506101292,2.6365525705242447,0
18.11123472718357,15.394013354765988,2.7172213724175833,0
27.779788118543735,28.74840290877691,0.9686147902331754,0
23.782977606065426,22.772761555786307,1.0102160502791193,0
25.346571089550153,23.77056999032184,1.5760010992283142,0
8.908729206659581,7.083771320970717,1.824957885688864,0
16.203015888963897,15.215036788694528,0.987979100269369,0
31.485751585185955,31.681536573845765,0.19578498865980976,0
15.82421457021749,14.682484443411608,1.1417301268058822,0
22.79998012648007,19.325742472247374,3.474237654232695,0
20.6132637148541,26.518911722313476,5.9056480074593765,1
15.003258596055856,15.661665966047456,0.6584073699916004,0
30.34518159320294,28.481530380895535,1.8636512123074063,0
21.814743636122703,18.57611367912829,3.238629956994412,0
13.65843133384184,14.194536094166324,0.5361047603244842,0
22.283948934573356,25.29013666038782,3.0061877258144634,0
31.993416915170183,29.029907215068146,2.963509700102037,0
16.517492697064217,17.45460640866499,0.9371137116007731,0
7.881738000555442,7.687051710498114,0.1946862900573283,0
13.756844653286947,11.809457263062106,1.9473873902248418,0
10.122394092491941,9.799994295665316,0.322399796826625,0
17.476048206654518,20.749794379167433,3.273746172512915,0
9.137428063619915,9.986345110902901,0.8489170472829866,0
6.946835796735473,5.927235451327515,1.0196003454079579,0
17.588350246770247,20.353478641219354,2.765128394449107,0
7.699017168665016,7.704239734050751,0.0052225653857354,0
28.91308853646649,30.626457306645793,1.7133687701793043,0
8.48560143946829,8.929405260580566,0.4438038211122759,0
30.180391202430734,30.35778582919943,0.17739462676869522,0
21.799154702886433,19.018541317061203,2.78061338582523,0
14.543374144503657,12.606817725823058,1.936556418680599,0
20.442926699181033,22.719526191082217,2.276599491901184,0
33.698206256656164,31.504965671679578,2.1932405849765857,0
8.602160820726931,8.120214447513176,0.48194637321375566,0
8.44035136227723,12.182842923918262,3.7424915616410317,0
25.283291140504243,29.44965356317122,4.166362422666978,0
17.192362673594104,22.607119604974756,5.414756931380651,1
10.542445060735975,8.529923711751758,2.012521348984217,0
31.542044173875148,29.173475765878624,2.3685684079965235,0
34.75489704574065,36.732150277243356,1.9772532315027078,0
5.453784398180782,6.205090295761832,0.7513058975810498,0
22.727134812857937,24.673333054262624,1.9461982414046872,0
12.92248238074705,12.569466873369013,0.35301550737803744,0
25.855871607788387,26.71915511445722,0.8632835066688322,0
14.097826271189902,16.473314527492445,2.3754882563025426,0
7.572155967457389,8.6118936362086,1.0397376687512114,0
24.680502938589175,22.014827492970458,2.6656754456187173,0
23.85805794768286,22.025955811943057,1.8321021357398024,0
8.989557860418257,11.669225322857947,2.6796674624396903,0
19.528018856507643,16.320321167636646,3.207697688870997,0
7.45236471276799,8.440456463183335,0.9880917504153448,0
5.175689292246291,8.281572957572342,3.1058836653260506,0
33.444372989906356,33.907902837733204,0.46352984782684814,0
11.577925346550252,10.41107061655351,1.166854729996743,0
33.04640859257758,32.80741945272898,0.2389891398485986,0
16.94959021624603,16.95530223514986,0.005712018903828664,0
27.225061992313858,26.406851800954325,0.8182101913595332,0
19.12408860265046,16.250732230594494,2.873356372055966,0
28.471625203044567,31.618785413995614,3.1471602109510464,0
31.810245466340586,32.6335818555043,0.8233363891637175,0
28.7169351357526,32.85982643493881,4.142891299186211,0
25.891769102998907,25.371811752771357,0.5199573502275499,0
7.357152933954318,8.735943276307749,1.3787903423534313,0
6.218042027682983,3.369059768107053,2.8489822595759295,0
23.584908036687736,21.241015305758015,2.3438927309297206,0
18.05263851468839,15.987253347704701,2.0653851669836882,0
23.564677507597747,23.210918613585186,0.3537588940125609,0
23.4484714679099,23.247392246424155,0.2010792214857453,0
25.75618280257981,23.693428588503632,2.062754214076179,0
26.556552823610367,24.44527382027739,2.111279003332978,0
15.36354085262626,16.0789117882702,0.715370935643941,0
33.930760335888195,33.6908929864989,0.23986734938929288,0
25.940813780542634,26.535152397340322,0.594338616797689,0
5.1952493454704065,6.691968689807114,1.4967193443367073,0
9.839017019768288,8.195107503606089,1.6439095161622,0
33.5831114986091,33.01311689984471,0.5699945987643886,0
23.17183870500459,26.192590700596455,3.0207519955918656,0
29.82632850312655,32.70757793652807,2.8812494334015177,0
10.854626527049405,9.314837606056031,1.5397889209933737,0
18.682388797930226,15.808546005172861,2.8738427927573653,0
34.56030721125018,33.27996101286904,1.280346198381146,0
21.203331791238597,22.363778605505292,1.1604468142666953,0
7.0050733679959345,10.057704295682825,3.0526309276868906,0
6.162261345012416,5.281567765458014,0.8806935795544018,0
5.6099300444474185,3.315878496267661,2.2940515481797576,0
25.679072716705814,25.79740557475905,0.11833285805323612,0
25.4599900536054,23.892118041508688,1.5678720120967107,0
7.074076006633882,8.129634447989893,1.0555584413560117,0
8.539030109321583,10.787637997264483,2.2486078879428995,0
29.002087638028872,32.97731972731377,3.975232089284898,0
27.44125490949002,28.83340095742117,1.3921460479311492,0
10.800114248969045,10.149925201067779,0.6501890479012662,0
33.92179459814756,33.554458641071065,0.3673359570764916,0
21.26746196982776,22.756106144150568,1.4886441743228076,0
10.908736832514858,10.928665590732987,0.01992875821812845,0
21.74299165125699,23.12771212843193,1.384720477174941,0
34.601193610407115,36.92322204523562,2.3220284348285034,0
17.57871266460926,16.368306355448187,1.2104063091610726,0
12.55530349909812,15.76385171029192,3.2085482111938006,0
34.45172473809151,34.52093993162414,0.06921519353263506,0
29.28328649987487,28.567132208214357,0.7161542916605121,0
17.9876078218188,15.728116729644572,2.259491092174226,0
11.223865256967017,7.267911489745728,3.9559537672212883,0
18.35701772493989,13.778397164550405,4.578620560389485,0
31.89861407926159,31.251752224438913,0.6468618548226779,0
16.568194289611426,14.414230882746166,2.1539634068652607,0
22.348771885809786,17.84157756473854,4.507194321071246,0
30.938757364328062,32.47891755387982,1.5401601895517558,0
33.30441430418071,30.212235605111992,3.092178699068718,0
16.025662693903037,14.15808579052218,1.867576903380856,0
25.02112744271136,25.12940900955244,0.10828156684107881,0
17.663611422158276,16.114795973098577,1.548815449059699,0
33.44818874373746,31.401819621849285,2.0463691218881763,0
22.057565697041827,23.248724221280874,1.1911585242390466,0
15.26101840650566,17.317471708897727,2.056453302392068,0
27.416294525518854,26.534809741507797,0.8814847840110573,0
17.629303391260745,18.865605525625945,1.2363021343652,0
10.408318958072414,10.984195915581514,0.5758769575091005,0
21.504261880531562,22.093742148192863,0.5894802676613011,0
18.601929204268014,19.513743149707047,0.9118139454390324,0
16.71085400284941,15.05708860025029,1.6537654025991184,0
8.879876978630676,9.53485982087795,0.6549828422472732,0
29.783364750060166,30.725913123014955,0.9425483729547892,0
23.135682539694848,23.80616257089597,0.670480031201123,0
7.064229615284629,11.354243305729938,4.290013690445309,0
28.60020926002099,28.107865230133182,0.492344029887807,0
13.208910049779936,8.69803874002212,4.510871309757816,0
7.763488585890385,8.044036261928897,0.2805476760385117,0
19.942707761269702,17.869831514975214,2.072876246294488,0
21.77187868467872,16.538732774065153,5.233145910613565,1
30.602172034620054,32.996576145608806,2.394404110988752,0
18.355621683562468,18.995929274438975,0.6403075908765068,0
32.12210192265559,31.240411022158327,0.8816909004972615,0
16.784384318223978,16.342178575704406,0.44220574251957245,0
12.975082104974376,10.837679992493227,2.1374021124811495,0
16.561329203272944,14.57379820369785,1.9875309995750943,0
21.33258392577113,20.1546243004799,1.1779596252912299,0
21.140517713970965,22.977836711126958,1.8373189971559931,0
24.487692747268113,22.407288340432984,2.080404406835129,0
34.05952915483847,34.1728787285109,0.11334957367242993,0
7.622382903564037,8.7170358527671,1.0946529492030637,0
31.91965677714744,29.87398784601289,2.04566893113455,0
33.90697069468829,30.56584443694751,3.341126257740779,0
11.286310670009957,13.256691159428199,1.9703804894182415,0
19.935984960786698,19.80878941958294,0.12719554120375776,0
8.906081785044648,10.014321191646333,1.108239406601685,0
21.086561006495234,18.880548606727753,2.2060123997674808,0
8.303973971412434,10.745080662655191,2.441106691242757,0
20.565484887228966,18.112081208737507,2.4534036784914584,0
13.561944883451837,13.830531164828082,0.26858628137624585,0
17.53517834115282,19.27478062262439,1.7396022814715693,0
20.061061480221117,19.40739140044201,0.6536700797791077,0
31.748825789895612,30.67961843458361,1.0692073553120025,0
6.497870363463896,4.504791918521134,1.9930784449427623,0
17.766889473349373,19.93599714423432,2.169107670884948,0
19.96779080996671,22.911100625708333,2.943309815741621,0
20.702421458575074,22.902752997336247,2.200331538761173,0
14.548325961095745,14.684258450987755,0.13593248989201,0
9.049601874341946,7.798613230868941,1.2509886434730042,0
27.33565121710679,25.659200496418816,1.6764507206879742,0
21.9025852224646,24.869197059290418,2.966611836825816,0
24.13771666950997,20.495992595828607,3.641724073681363,0
5.885973214478987,3.824810433829316,2.0611627806496715,0
9.25815059576369,8.972042255620744,0.2861083401429454,0
18.642180047287752,19.09976956885297,0.45758952156521815,0
5.126698386618825,5.813746323789835,0.6870479371710099,0
12.335785551815828,13.414442530344552,1.0786569785287234,0
9.270631160439212,7.337703735462401,1.9329274249768114,0
18.322397744040494,18.274334938451112,0.048062805589381696,0
27.916079962200968,27.165450686781654,0.750629275419314,0
15.903691690684171,14.771362471158193,1.1323292195259782,0
25.715239987417633,25.814151738735386,0.09891175131775398,0
7.728218827797112,8.595238610795333,0.8670197829982209,0
28.133472317016714,26.47527646622253,1.6581958507941827,0
33.843992809387046,33.1570082723785,0.6869845370085486,0
10.073119682327766,11.743476073257558,1.6703563909297916,0
30.74936939482203,32.493563297093694,1.7441939022716646,0
34.35038482431966,36.1077297465845,1.757344922264842,0
32.112238370050974,31.80936697895917,0.3028713910918057,0
17.180683599652248,18.113898188248633,0.9332145885963854,0
15.306595424146419,14.211904168977473,1.0946912551689465,0
19.70218788316451,23.70731523564809,4.00512735248358,0
6.568031691044806,7.610304219929621,1.0422725288848156,0
23.350776258402387,22.34055822837738,1.0102180300250083,0
11.014356713843085,7.7936191231774075,3.220737590665678,0
33.389184545418274,35.30768965156536,1.9185051061470872,0
20.37608804011722,19.786117635468663,0.5899704046485574,0
12.762649233331576,13.248482114362174,0.4858328810305981,0
10.797817711213085,9.185886093688717,1.6119316175243679,0
32.32112231788022,29.900573707688057,2.42054861019216,0
31.29369641852601,33.45112073171339,2.157424313187377,0
30.208278447083316,34.618286419826994,4.410007972743678,0
19.60098410766058,22.280166769068256,2.679182661407676,0
9.683778860300071,9.795700717294197,0.11192185699412605,0
26.94676010452775,31.04382478592333,4.0970646813955796,0
14.877166798501483,16.475529864026413,1.5983630655249303,0
11.531437516409072,10.392171462959428,1.139266053449644,0
33.86883188676043,35.35925712941108,1.4904252426506446,0
20.380968528013746,18.511445674205568,1.8695228538081778,0
32.54156737104938,33.72265461548153,1.181087244432149,0
29.926935778892254,28.761756337257175,1.165179441635079,0
27.923721958911567,32.218911224102015,4.295189265190448,0
14.870685297254733,16.192343141557807,1.3216578443030738,0
28.526647902021367,26.94930625249472,1.5773416495266481,0
6.858504500081306,9.595222810835399,2.7367183107540924,0
20.01631194866645,19.138685019141192,0.8776269295252561,0
27.740020567815684,26.729921170253018,1.0100993975626658,0
8.760890261369045,9.672594941045833,0.911704679676788,0
21.388725052511337,19.87111937917556,1.5176056733357761,0
18.523762570281292,18.333367457341993,0.19039511293929934,0
23.477749978530902,24.79929107565388,1.321541097122978,0
8.227402782020103,7.355608990634724,0.8717937913853797,0
23.671598165987763,20.834698629574067,2.8368995364136964,0
33.66800920949859,34.36445128439331,0.6964420748947191,0
6.237825903352672,3.9418908699875805,2.295935033365091,0
34.090415021387216,33.98902582846081,0.1013891929264048,0
16.209746862516884,16.024340472207268,0.18540639030961614,0
18.2377277877833,18.106106800789192,0.13162098699410762,0
16.888868903569623,20.3650749306083,3.4762060270386783,0
29.269362759688907,27.821545478955617,1.4478172807332896,0
9.799482006991031,7.859687453347626,1.939794553643405,0
16.128034456378636,11.982168826860983,4.145865629517653,0
20.305493099400046,19.32249964763116,0.9829934517688841,0
17.084930461916045,16.899119876646438,0.18581058526960703,0
17.979844854666343,17.86109223490474,0.11875261976160445,0
30.108411945373888,32.28725155032923,2.1788396049553427,0
33.687023322155305,32.224500399508365,1.46252292264694,0
5.944554297715513,6.931382309487727,0.9868280117722144,0
12.240653350989938,14.071879437457941,1.8312260864680034,0
27.586063989989892,30.90614391787205,3.3200799278821584,0
17.501349489582775,18.905009825055064,1.4036603354722885,0
34.67096984079046,31.337678532639682,3.3332913081507805,0
31.115245483126824,27.719957866929192,3.3952876161976313,0
7.603505385838795,7.089632640358598,0.5138727454801968,0
18.06646216312822,20.823896578005154,2.7574344148769327,0
20.630672082275545,22.27688865355716,1.6462165712816166,0
15.095970399076904,10.234844956106343,4.861125442970561,0
27.546529675187443,27.7702943244525,0.2237646492650569,0
22.270746532441308,18.821543201044413,3.4492033313968946,0
7.586780678662597,7.363665361289592,0.22311531737300516,0
32.493365930911565,33.514747292144165,1.0213813612325993,0
6.274659190977223,5.585510849150134,0.6891483418270887,0
10.806513471721338,10.350463951968923,0.4560495197524155,0
24.674489801071406,25.827114196965027,1.1526243958936213,0
20.744339635857514,17.987887724383583,2.756451911473931,0
21.305993926627128,19.44358583059611,1.862408096031018,0
26.74398923684029,29.084710579224826,2.340721342384537,0
16.205404404297283,16.183696338328346,0.021708065968937262,0
10.619061203031693,9.501763242095864,1.1172979609358293,0
10.044359463942897,10.630409166932818,0.5860497029899214,0
25.543719378249833,22.13710798845464,3.4066113897951915,0
5.0443204445028975,7.504116072005743,2.459795627502846,0
26.367727036273465,26.014377500227294,0.3533495360461707,0
28.525487698930597,31.259904414992235,2.734416716061638,0
18.252013274418307,17.06780678546956,1.184206488948746,0
16.638542302031855,17.195634291327373,0.5570919892955182,0
21.64007340557324,22.24354031335511,0.6034669077818684,0
30.8301045072093,33.69468711330555,2.864582606096249,0
30.212530996496636,32.69916448439109,2.486633487894455,0
11.83132610360775,10.99871966018623,0.8326064434215201,0
22.589071885011695,24.067671825256316,1.4785999402446208,0
15.232758048905106,10.91209653428108,4.320661514624026,0
8.328347893273502,5.890405059209282,2.43794283406422,0
34.959446997063,35.08419397676046,0.12474697969746273,0
22.98319779721828,25.222672861613834,2.2394750643955526,0
18.503911018879073,18.673186889897522,0.1692758710184492,0
34.932549800611284,31.41195473068346,3.5205950699278254,0
12.56546906558622,13.715538041943098,1.150068976356879,0
16.46213355814249,18.83979274695754,2.3776591888150485,0
28.418139038136772,29.61161121775224,1.193472179615469,0
20.951184985652773,21.77105667622417,0.8198716905713965,0
23.291246836506197,21.08764668255167,2.2036001539545254,0
8.854112744246851,9.7984960417353,0.9443832974884483,0
30.169125969555324,28.89969610686839,1.269429862686934,0
33.72971555148034,30.178137511555914,3.5515780399244257,0
23.756258845170322,24.254829385679084,0.49857054050876215,0
23.774430239542134,25.007554827981668,1.2331245884395337,0
24.339911444055446,24.99516634233922,0.6552548982837756,0
33.25178948418086,33.51104219691362,0.25925271273275996,0
27.722807741561805,27.15634895594851,0.5664587856132961,0
26.668912988433565,24.988937733835495,1.6799752545980695,0
29.148393760625147,28.286145157077687,0.8622486035474601,0
20.696576136740127,19.874499341260556,0.8220767954795711,0
25.484038711738485,24.406159387167467,1.0778793245710183,0
21.716552136183555,19.742082851036628,1.9744692851469274,0
10.747571523419246,10.397795568798248,0.3497759546209984,0
11.19049888769432,9.805302284024094,1.3851966036702255,0
13.60999533223373,15.299875080914155,1.6898797486804256,0
7.66965688287922,6.827142546905007,0.8425143359742133,0
18.81056721146573,18.88934230763804,0.07877509617230771,0
31.089630305551594,30.755959302826138,0.33367100272545613,0
30.832820527474563,31.048439658806203,0.21561913133163912,0
9.646985893601443,10.734647020656489,1.0876611270550463,0
5.490795128487428,8.689962250703603,3.199167122216175,0
18.268900935676356,18.983774410398368,0.7148734747220118,0
20.6691477423441,24.476648366391707,3.8075006240476057,0
10.459972447321167,8.228241851314529,2.2317305960066385,0
10.421856178956364,11.551012571421829,1.1291563924654646,0
18.895922496625946,21.481867875354798,2.5859453787288516,0
5.873596640635634,8.128190410738576,2.2545937701029413,0
9.084221030159565,11.827535879372666,2.7433148492131014,0
22.206769390783958,24.441121307947533,2.2343519171635755,0
33.94288307774755,34.36716211396055,0.4242790362130009,0
20.332577955847025,18.96265979873105,1.3699181571159755,0
9.456776316105884,10.230153464187005,0.7733771480811207,0
7.423595445533323,8.973720691534506,1.5501252460011834,0
29.45705523376595,30.0666717253271,0.6096164915611517,0
13.176242134373117,12.74466140947821,0.43158072489490706,0
14.34593999886048,14.548884126134313,0.20294412727383282,0
15.131698285326145,17.255724399086358,2.1240261137602126,0
16.692003829042534,14.552301165536015,2.139702663506519,0
26.80542482172143,27.01604456075815,0.21061973903671927,0
21.462069210281218,22.584838315849968,1.12276910556875,0
19.497890508306035,18.028566115975,1.4693243923310355,0
26.528471991107377,30.246691466574624,3.7182194754672473,0
14.570506180236318,15.661457869674777,1.0909516894384588,0
19.29657493852595,19.90042369730862,0.6038487587826715,0
31.269736448817014,32.58471285365297,1.314976404835953,0
18.532097617976294,20.000153911527786,1.4680562935514914,0
12.224818548474259,11.445932184722588,0.7788863637516705,0
30.546675018898522,29.787648676017614,0.7590263428809081,0
8.176983783955842,9.366192244039283,1.1892084600834405,0
5.735971714402082,4.041408467672691,1.6945632467293903,0
26.817024292323197,27.70977347795487,0.892749185631672,0
26.49731904044365,27.218281707656946,0.7209626672132963,0
16.6501311220704,14.667010469696526,1.9831206523738718,0
6.475479219967692,4.705594169692811,1.7698850502748806,0
32.63262757542071,36.08060227377399,3.4479746983532777,0
7.963409744044884,8.136273255869558,0.17286351182467374,0
9.742924122032338,9.675147198516298,0.06777692351604081,0
11.722147269416368,10.00744520855998,1.7147020608563874,0
34.25082479235066,34.94982663754551,0.6990018451948501,0
11.072383429555098,11.707514818532866,0.6351313889777686,0
17.84459945558781,13.649018037687501,4.195581417900311,0
30.07378454635806,28.290370944940022,1.7834136014180366,0
33.34092207830001,34.20690036460672,0.8659782863067065,0
15.775751734200714,14.95546650130744,0.8202852328932746,0
20.963924184394592,24.383905792242825,3.419981607848232,0
25.36516571693283,27.846811386984353,2.481645670051524,0
28.357327492795303,28.278559178058813,0.07876831473648949,0
16.220092583688064,16.637427143360533,0.4173345596724687,0
31.50204481930918,31.156398303405464,0.34564651590371653,0
33.18166162521797,32.680971157740466,0.5006904674775043,0
23.203404282306114,20.13365657863057,3.0697477036755423,0
23.713661222162667,24.631328866388383,0.9176676442257161,0
17.82454125811384,18.133395062734813,0.30885380462097345,0
21.55012239840353,17.507012403483884,4.0431099949196465,0
18.978559198566504,18.57831392009054,0.40024527847596403,0
25.354207819749476,25.343689331828113,0.010518487921363118,0
25.754301213947702,26.744456751539094,0.9901555375913915,0
32.469177153573945,31.586218339265148,0.8829588143087967,0
34.55888863034005,34.22032730140433,0.3385613289357181,0
25.6258188481386,26.611215524365623,0.9853966762270225,0
18.848690415968456,20.59168398403935,1.7429935680708937,0
23.792044174363483,23.59179550578652,0.2002486685769611,0
6.348916914419663,4.898766063288386,1.4501508511312764,0
16.559021780613275,15.322231948279413,1.2367898323338622,0
17.537704608562674,19.149297914826082,1.6115933062634085,0
27.94632763481899,26.79230225223866,1.154025382580329,0
16.658797684422094,16.24697274693191,0.41182493749018434,0
16.34930659285939,16.037895001347078,0.3114115915123108,0
27.59287444145287,25.89054114095447,1.7023333004984025,0
10.935980965447982,10.548845135033318,0.38713583041466393,0
16.619913774917848,16.49232911593085,0.1275846589869971,0
20.938713779084345,19.713207405261123,1.2255063738232224,0
23.054162111202203,23.687497442859435,0.6333353316572321,0
32.10906339052347,33.445554156681055,1.3364907661575884,0
15.599615921425261,14.295561136174715,1.3040547852505462,0
21.297626509705307,20.97010491899009,0.327521590715218,0
20.165037817619947,22.333024364003663,2.167986546383716,0
15.049264767174913,16.38929666856186,1.3400319013869488,0
24.050598080444367,27.298516940544474,3.247918860100107,0
27.044424793660205,26.74082113992971,0.30360365373049447,0
28.013057687312127,31.993727345073644,3.980669657761517,0
13.05038620574914,15.293650898399644,2.243264692650504,0
29.32943855063277,29.075132911526097,0.25430563910667203,0
25.475292433302332,25.090411945636244,0.38488048766608784,0
22.141872297699127,22.200026123807433,0.058153826108306106,0
25.62444975387865,29.011760632550967,3.3873108786723165,0
6.449179583166211,6.7024968713967645,0.2533172882305532,0
31.229656787783764,32.350069282670574,1.1204124948868106,0
14.117365026229255,14.430387749287624,0.31302272305836887,0
32.82000224249117,31.780001227544663,1.0400010149465082,0
17.129952889219588,16.1420664388205,0.9878864503990883,0
12.025757287020864,10.74086130544067,1.2848959815801937,0
27.008211563090462,26.08630879574881,0.9219027673416527,0
32.625794093581696,34.746848459177265,2.121054365595569,0
17.701883220026826,15.481810939859091,2.2200722801677344,0
9.588691823778026,11.014052129561342,1.4253603057833164,0
12.283986710237777,10.366121704127194,1.917865006110583,0
33.16060714717133,29.845514409801936,3.3150927373693975,0
34.73821857703222,34.18216392467087,0.5560546523613539,0
21.31233663614441,21.282327121481288,0.03000951466312074,0
34.51986670571069,33.28269500448228,1.2371717012284122,0
21.772384604074656,19.329481926301902,2.4429026777727536,0
33.829896872797804,33.76976787744223,0.060128995355576365,0
10.572271599818501,10.281178188482649,0.29109341133585254,0
29.018949508895435,29.661840459172513,0.6428909502770779,0
19.881422551411983,19.847532943123614,0.03388960828836929,0
12.868724357399582,14.87603921007287,2.0073148526732876,0
33.67688516664802,33.19578835091346,0.48109681573455987,0
33.46305577937137,30.419367178858305,3.043688600513068,0
34.21799158319923,31.046739737922767,3.171251845276462,0
15.69985852458626,13.693846964434988,2.006011560151272,0
19.569957736751384,18.836023128436544,0.7339346083148399,0
6.550768641035043,5.726361775521934,0.8244068655131098,0
20.988797213350793,23.34223799113787,2.3534407777870783,0
12.84364755027742,14.97459977550001,2.1309522252225896,0
27.890754714079577,29.678416192685976,1.787661478606399,0
23.446018445073122,23.032101352315415,0.41391709275770694,0
26.894309881687757,26.822946857661936,0.07136302402582118,0
15.051163842090354,14.894561710010299,0.1566021320800548,0
12.176841272715683,12.788290689021679,0.6114494163059963,0
19.907590649949384,23.281973137141776,3.374382487192392,0
14.242725503124442,15.075031088456859,0.832305585332417,0
29.11900825446077,25.96993675483562,3.149071499625151,0
30.276155507235273,32.80990713250323,2.5337516252679535,0
15.06181916460886,16.84230749437079,1.7804883297619298,0
11.146050197314864,7.778175568826965,3.3678746284878986,0
16.672426361662808,16.742280809446033,0.06985444778322503,0
15.243837872164956,14.310977500584693,0.9328603715802632,0
24.690099503063205,20.568069475326887,4.122030027736319,0
25.542560045001828,28.588722331388325,3.0461622863864974,0
18.153464308867655,21.383215875499143,3.2297515666314887,0
18.25142500373375,18.28406271750137,0.03263771376762037,0
7.94757849434411,8.368966297890928,0.4213878035468186,0
30.886101434737245,31.11697825063675,0.23087681589950293,0
28.188017333727597,31.53899229478771,3.350974961060114,0
12.794528646771695,13.458476880623005,0.6639482338513094,0
23.469598736498327,26.55321543855488,3.0836167020565526,0
9.755989278082675,11.350497189937805,1.5945079118551302,0
29.92354020915225,29.445240437966547,0.47829977118570355,0
11.190478314708969,10.257818488448057,0.9326598262609114,0
13.027643219460026,13.647789494680076,0.6201462752200495,0
6.874534797552037,4.881371963202418,1.9931628343496186,0
9.244765701052122,8.902324170121718,0.3424415309304045,0
22.426345306355284,18.371263024379793,4.055082281975491,0
23.15070950372576,21.356685221799992,1.7940242819257683,0
11.65715452055527,13.879693265110816,2.2225387445555462,0
22.50625970180809,22.88248201870985,0.3762223169017602,0
24.05814723751033,24.24093131312653,0.18278407561620114,0
22.773500708995407,21.88931173873135,0.8841889702640557,0
34.7390862153585,34.57414259729505,0.1649436180634467,0
8.94527365605701,6.425699061833052,2.5195745942239576,0
24.16870363409131,23.239359710209055,0.9293439238822572,0
18.849326360186613,21.322596768104162,2.47327040791755,0
20.049098102106935,21.079980418862093,1.0308823167551573,0
17.751285067014976,19.648626516478824,1.8973414494638483,0
9.575926787265207,12.40689030226813,2.8309635150029226,0
27.638093792175308,28.148653623659506,0.5105598314841977,0
33.96580452790827,35.80816757510333,1.8423630471950645,0
30.27654713128212,29.993383638120545,0.28316349316157385,0
23.230529895419995,24.22169995263378,0.991170057213786,0
13.147176937854123,13.366370627383658,0.21919368952953455,0
22.244241797370783,23.006237991588833,0.7619961942180495,0
5.082684831615034,5.986250907769233,0.903566076154199,0
10.90944404868609,10.484431163031047,0.42501288565504325,0
19.7388190810691,21.162321629875485,1.4235025488063862,0
8.88294872775768,10.775775799286139,1.8928270715284583,0
34.978928589612146,35.91716845224446,0.9382398626323152,0
28.503678164021604,26.165713785554345,2.337964378467259,0
5.219753079347401,1.6498125568404145,3.569940522506987,0
33.027563870931445,33.3059389029515,0.2783750320200582,0
12.412647239150605,12.035694946984355,0.3769522921662496,0
23.023566607052484,26.2566680012743,3.2331013942218156,0
30.093353850527386,29.092986102869425,1.000367747657961,0
23.022647597066207,24.40825049989645,1.385602902830243,0
27.014082383054614,29.271640110546446,2.2575577274918324,0
27.424850334204805,28.946110480596424,1.5212601463916187,0
15.416175135160202,16.893459646538055,1.477284511377853,0
13.274028576206728,14.16378137204212,0.8897527958353919,0
7.7735849606497,7.719100905486679,0.05448405516302124,0
23.51465360438158,20.771005527824737,2.743648076556841,0
17.680168317873047,18.229663946423365,0.5494956285503179,0
12.79113776833146,12.662786744470575,0.12835102386088515,0
34.72334236371904,37.121984871348154,2.3986425076291127,0
7.697248861047835,8.656065126279236,0.958816265231401,0
5.281422318658773,6.134729300348002,0.8533069816892285,0
15.750282258209284,14.83246024981116,0.9178220083981241,0
27.54954777455331,26.826493828665136,0.7230539458881751,0
6.59241577497914,5.606074958063535,0.9863408169156056,0
34.878832630139385,35.076233901227845,0.1974012710884594,0
34.66015282159012,34.54742394648875,0.11272887510136798,0
20.881100185262234,22.443617913167508,1.5625177279052735,0
21.530439900177377,20.766286661500835,0.764153238676542,0
13.628299375849727,14.882991548002948,1.2546921721532218,0
14.411267772301581,15.696288165839988,1.2850203935384066,0
5.728224264436085,8.540499599690513,2.8122753352544283,0
22.747792657110853,22.237289327359836,0.5105033297510175,0
16.119429937432265,17.347059855500774,1.2276299180685086,0
18.1400825721878,16.516406637496313,1.6236759346914873,0
19.920040147822185,18.972991396538692,0.9470487512834929,0
15.476444498456305,18.743508975399045,3.267064476942741,0
5.541924102095706,6.2205582166468645,0.6786341145511585,0
12.675877185957331,17.518379554407737,4.842502368450406,0
7.907110726833341,7.781438119870616,0.1256726069627252,0
9.964316041136637,6.1711039095201885,3.793212131616449,0
17.91643497686981,20.39876954393844,2.48233456706863,0
31.631994370287607,31.115477165672086,0.5165172046155213,0
13.421373717742204,14.232145383663628,0.8107716659214237,0
34.948132694648805,36.35343750218373,1.4053048075349253,0
19.76202118583621,20.448332460613564,0.6863112747773528,0
33.311689421114345,33.59307226705285,0.28138284593850216,0
11.085467283997236,11.989383942178632,0.9039166581813962,0
19.69839398567744,22.168421550313585,2.470027564636144,0
34.210216445013344,33.599130620014584,0.6110858249987601,0
15.22433018045873,14.05624346793615,1.1680867125225802,0
10.828674483280707,12.077492364247172,1.248817880966465,0
29.57241205775106,30.392251809273386,0.819839751522327,0
19.456278016477324,18.158659667401835,1.2976183490754885,0
10.94586337204214,7.597383286289829,3.3484800857523114,0
31.538238659328805,27.89921621936776,3.639022439961046,0
34.06709696042546,35.061668292686704,0.9945713322612448,0
21.15087766667536,18.7347530790092,2.416124587666161,0
33.6963849247381,31.551657136400614,2.144727788337484,0
8.314383566091617,4.572914374442219,3.741469191649398,0
19.110068848722587,16.978989606980473,2.131079241742114,0
24.090451738934643,26.501594937290008,2.411143198355365,0
30.905062554570186,32.83154342863563,1.9264808740654402,0
7.6663932771533165,10.513751499680218,2.8473582225269016,0
30.85441927642548,32.989907026649576,2.135487750224094,0
33.46059975822216,33.84519586780721,0.3845961095850541,0
30.757072944709385,28.119704201125057,2.6373687435843287,0
20.795687594206584,20.92139444609709,0.1257068518905058,0
17.437296010348497,19.306210040406736,1.8689140300582388,0
25.301942536672268,24.742341070885786,0.5596014657864821,0
23.35667420912078,21.7822796684175,1.5743945407032776,0
14.367781056878115,16.843883613962518,2.4761025570844026,0
23.70687059426221,27.76866198292732,4.06179138866511,0
32.94318751742025,34.35955065667379,1.4163631392535407,0
24.84131169298084,23.48546453676939,1.3558471562114534,0
15.81150042435972,18.646122521499485,2.834622097139766,0
22.600714661272903,22.45928435340652,0.14143030786638278,0
14.553446163923681,12.80980118414024,1.7436449797834417,0
26.350205865735838,28.621917702857246,2.2717118371214085,0
12.037926028485696,10.738192242145457,1.299733786340239,0
22.47502450483854,23.766265248446274,1.2912407436077338,0
10.062107680595009,9.341420318929803,0.7206873616652061,0
16.665515054456797,18.272996784295188,1.6074817298383905,0
26.573040861394094,23.206888544672843,3.3661523167212515,0
24.71330182024935,27.482474634408238,2.769172814158889,0
30.275580443588673,32.78245610739726,2.506875663808586,0
34.78089798503352,35.49143875887941,0.7105407738458922,0
32.12913355177612,32.41183169065499,0.28269813887887096,0
27.55429534800166,29.758355986001693,2.2040606380000334,0
13.517213646682034,16.045129716247718,2.527916069565684,0
25.395358971929685,25.063293754837755,0.33206521709193026,0
31.837467657929217,33.46634815797166,1.6288805000424418,0
5.415828454111736,2.1461352995596514,3.2696931545520846,0
16.60573795505547,15.710348835389656,0.8953891196658148,0
14.484247120368613,17.885098081078905,3.400850960710292,0
34.66194299127173,35.12688175565902,0.4649387643872913,0
22.474774750754392,23.725509024369625,1.2507342736152331,0
27.78141021919575,28.163673223001094,0.3822630038053454,0
18.20464956627829,17.605762518132458,0.5988870481458335,0
30.630699017339353,31.772441857035865,1.1417428396965121,0
29.700833801674804,24.93739552002936,4.7634382816454455,0
18.081962973908755,18.400992053039694,0.3190290791309387,0
22.545939740084226,23.05860027330949,0.5126605332252652,0
28.006458418565735,26.601047052786946,1.4054113657787894,0
14.129670425599876,16.784839204882942,2.6551687792830663,0
28.674288849901608,25.36003351545366,3.314255334447946,0
9.394881060538129,9.555798918140962,0.16091785760283273,0
20.654540668857727,21.340796032469324,0.6862553636115969,0
12.261625586034768,12.222708968361713,0.03891661767305443,0
34.20705171522253,35.58816850645143,1.381116791228898,0
29.54062863684279,27.840895787513503,1.699732849329287,0
14.334889803762426,15.270690032873278,0.9358002291108516,0
24.68155595387164,26.651646660488954,1.970090706617313,0
12.69176156964685,11.606432855782632,1.085328713864218,0
20.556619948192036,23.459821421689412,2.9032014734973757,0
17.35632649311191,20.55617393451537,3.1998474414034597,0
12.247112496099204,11.727679228997648,0.5194332671015562,0
13.362509615139436,12.291853903167262,1.070655711972174,0
28.92168316025674,31.642144829626716,2.720461669369975,0
5.260718606532747,4.440165878716028,0.8205527278167191,0
7.406906267059149,6.561491154104879,0.84541511295427,0
31.22111849454844,32.950285578901166,1.7291670843527278,0
10.615089389403124,10.188836276266171,0.42625311313695313,0
6.219588346440985,6.01878316405818,0.20080518238280476,0
29.0035017281235,25.05919932419551,3.9443024039279884,0
23.357485207240344,24.32534884448057,0.9678636372402245,0
11.670267631450908,11.901892036359012,0.23162440490810354,0
29.72533111414621,29.79126763479507,0.06593652064885802,0
31.07004150945767,32.38928632083232,1.3192448113746487,0
12.955036179800143,10.06682651254248,2.8882096672576623,0
27.341417128662687,29.131137230580958,1.7897201019182702,0
12.092203035252739,14.95561621291052,2.8634131776577814,0
32.10804543776086,34.28405049989757,2.17600506213671,0
29.058501560996877,30.891568233143964,1.833066672147087,0
22.256616002628775,20.760747015083044,1.4958689875457303,0
28.191701459669762,29.45388703800545,1.2621855783356892,0
34.92103071716281,35.54187545957539,0.6208447424125794,0
13.257791493290641,9.182859061011513,4.0749324322791285,0
25.985705183205578,24.57660397407323,1.4091012091323485,0
9.904911850282364,13.340166837355962,3.4352549870735984,0
5.643096077840922,7.450866611440301,1.8077705335993786,0
22.472726415463192,25.221103426360024,2.7483770108968315,0
17.851076238218806,21.01662932385827,3.1655530856394662,0
13.866278974451822,13.325737026905635,0.5405419475461866,0
14.709739312730882,11.935797131972661,2.7739421807582207,0
24.848990734694112,26.01901185863151,1.1700211239373992,0
27.39601294602258,28.42569552552102,1.0296825794984414,0
6.353483548938858,5.811972906842052,0.5415106420968057,0
17.153208073166624,16.394355353401362,0.7588527197652617,0
18.500728054349892,22.157954172945644,3.6572261185957515,0
19.384730445302573,18.79612075206015,0.5886096932424216,0
25.09738054114356,23.877211635819798,1.2201689053237637,0
28.006353413472922,28.03213296270771,0.025779549234787424,0
22.53876977980811,20.675922035307643,1.862847744500467,0
27.15863373706993,27.09719362714158,0.061440109928351916,0
17.092162154838995,16.63357363401416,0.45858852082483637,0
6.3778616775459005,7.410652866476344,1.0327911889304433,0
17.11556132174639,19.210972290827755,2.095410969081364,0
13.250163142445217,10.795280387004459,2.4548827554407584,0
12.432378891976214,11.75853128857925,0.6738476033969629,0
15.98040443677489,15.227281127826732,0.7531233089481582,0
6.009392620116294,6.2455572722672965,0.23616465215100213,0
20.321761474370724,19.96348276175547,0.358278712615256,0
13.77871433377327,16.292641680963154,2.5139273471898846,0
30.72486662608795,29.866797006916848,0.8580696191711041,0
23.09572469830231,23.163772105760618,0.06804740745830884,0
16.411271595053282,18.802944674497517,2.391673079444235,0
29.724533827011157,29.69063054194689,0.03390328506426599,0
12.686596539336987,12.6737542996823,0.012842239654688115,0
5.703199519782491,5.757557251160156,0.05435773137766464,0
12.90739028929714,14.86947741232666,1.9620871230295194,0
13.218054795137322,15.563926162937324,2.3458713678000027,0
12.077013839811038,12.058243645626158,0.018770194184879685,0
6.502429537873011,8.797950057831942,2.295520519958931,0
33.43607412823661,32.0803669956763,1.3557071325603118,0
31.634678303260532,32.79251543934928,1.157837136088748,0
27.87167639716585,31.147040845975702,3.275364448809853,0
24.696178273921618,22.791586830586446,1.9045914433351712,0
22.34581608299709,21.19078839756313,1.1550276854339607,0
29.402493790902476,30.047050949223504,0.6445571583210281,0
15.163871860828547,15.404188744682914,0.24031688385436745,0
11.601447123029237,12.10813531042282,0.5066881873935838,0
16.204278018601233,17.864804104931267,1.6605260863300337,0
11.917726935165067,13.96415977810058,2.0464328429355128,0
6.686371942369501,7.036416858315137,0.35004491594563625,0
18.829763118099216,20.08269985590168,1.2529367378024645,0
11.216133927744739,12.120190110119621,0.9040561823748821,0
15.835022526142264,16.839707762894022,1.004685236751758,0
29.89047085261821,26.80378243275116,3.086688419867052,0
22.1544379799921,24.076412336091526,1.921974356099426,0
22.35463876279875,25.85510392362505,3.5004651608263018,0
23.589226791723757,22.36874510201268,1.2204816897110753,0
6.119234507800972,4.863292819218107,1.2559416885828645,0
30.785995680242856,33.22548670802789,2.4394910277850315,0
33.57624127476316,37.25727165658601,3.6810303818228505,0
20.940508302533164,19.540937764579184,1.3995705379539807,0
10.926707413517901,10.356767065597955,0.5699403479199461,0
17.879098834705687,15.578226295500436,2.300872539205251,0
11.458806480438856,12.024931793557805,0.566125313118949,0
10.245697651718894,8.443679401979109,1.8020182497397847,0
25.44426911491749,25.42154882994469,0.022720284972798765,0
5.249770970492593,3.9186636030728397,1.331107367419753,0
33.67473948206589,33.11541987393743,0.5593196081284617,0
21.200602471212918,21.068914582476783,0.1316878887361348,0
26.001027134702777,23.7596535814997,2.241373553203079,0
17.413882406147003,18.38115782248387,0.967275416336868,0
27.958919252742458,27.82984043727477,0.12907881546768962,0
33.00997275783918,32.44740777083126,0.5625649870079172,0
23.565748714227432,20.351824905045625,3.213923809181807,0
30.135394893431435,32.48099702656712,2.3456021331356816,0
14.191755372840484,15.736071351525515,1.544315978685031,0
25.835128193841,26.78927087944198,0.9541426856009778,0
25.00561892449028,24.47994445457716,0.5256744699131168,0
29.963565755941403,31.827166436323537,1.8636006803821346,0
17.59907886561522,12.529427396491757,5.069651469123462,1
23.393348817039055,21.48860295425748,1.9047458627815743,0
12.008082585827573,11.875155169752983,0.13292741607459035,0
10.565916311839327,6.66242832273773,3.903487989101597,0
9.319443536180737,10.32614103226971,1.0066974960889734,0
32.96517392755324,33.62022645883033,0.655052531277093,0
8.849756140868145,9.994111034567954,1.1443548936998091,0
16.07717147630077,14.563252232155213,1.5139192441455567,0
21.78046201965681,21.898973385465833,0.11851136580902377,0
10.36730746731144,12.69664079735047,2.329333330039031,0
22.76709531720537,23.302103330925974,0.5350080137206028,0
11.735241282334101,12.212151932341877,0.47691065000777577,0
30.818995794811155,32.15464281610579,1.335647021294637,0
14.43585270646659,14.733044998453407,0.29719229198681596,0
30.68943831314864,32.3243537138279,1.6349154006792581,0
22.92424477062864,21.209022626273413,1.7152221443552271,0
17.32915367267775,18.709818014568913,1.380664341891162,0
34.63241606960807,34.95523317169363,0.32281710208555836,0
22.663769691574068,20.37764126455159,2.2861284270224793,0
26.609969344184663,25.014773528070613,1.5951958161140496,0
26.238901764720666,26.981330333276752,0.7424285685560861,0
33.330630444184585,37.268917966581995,3.9382875223974096,0
19.581373472415002,20.251557928739295,0.6701844563242929,0
21.44286631385105,23.315166176127246,1.872299862276197,0
30.71505852130627,30.55537973115976,0.15967879014650777,0
30.551310346475432,28.431323040782946,2.1199873056924865,0
11.398070973886778,11.201543788852172,0.19652718503460598,0
29.481611133521273,30.593960226394692,1.1123490928734192,0
27.199316364753788,23.804784564576813,3.394531800176974,0
17.347807624406318,21.096664693999987,3.7488570695936687,0
32.518035491448245,31.608935422805427,0.9091000686428181,0
20.162323367503042,20.00993350727098,0.1523898602320628,0
34.28144890802096,34.34017866056076,0.058729752539797175,0
5.860575515308458,7.473647127345082,1.6130716120366237,0
30.168309484920922,31.844517638297358,1.676208153376436,0
23.987296641833062,25.67312555865717,1.6858289168241072,0
6.135553241720684,3.9383939668619226,2.1971592748587616,0
24.587258985215637,22.410132114935934,2.1771268702797038,0
19.491961786159127,14.61648647497906,4.875475311180066,0
6.2041831201597395,5.51278134324371,0.6914017769160292,0
17.97417938209916,17.8782062696657,0.09597311243345885,0
20.15775028782462,20.73159870386029,0.5738484160356698,0
29.431039935553926,31.72621423128232,2.295174295728394,0
22.679014411878875,24.575187370992904,1.896172959114029,0
5.32431222237334,6.906528097858636,1.5822158754852955,0
17.070403119859606,15.228348183644094,1.8420549362155114,0
27.491699063029465,29.33877237296646,1.8470733099369951,0
23.376190290369856,23.648023573380037,0.2718332830101815,0
24.759536127413405,20.635153462668825,4.12438266474458,0
34.83298390455606,34.54826585119221,0.2847180533638465,0
26.186012269618676,25.394709337142743,0.7913029324759329,0
21.47765868182871,22.09898745204426,0.6213287702155483,0
24.2503913452989,27.002446233009604,2.7520548877107025,0
18.523306446923954,14.766480531847163,3.7568259150767904,0
33.660070119721624,35.43488455337217,1.7748144336505476,0
34.98546435730965,37.26786119611878,2.2823968388091274,0
15.12389784737333,14.124074189484887,0.9998236578884434,0
16.617643340176024,18.57669441061961,1.9590510704435857,0
21.22269820543023,21.974940146107414,0.7522419406771839,0
29.321962408088105,29.09187197134367,0.2300904367444332,0
17.846420003192556,18.040318830640313,0.19389882744775733,0
8.464949730592112,4.47203010524281,3.992919625349302,0
29.47152394808161,26.524371199414574,2.947152748667037,0
24.58822254787872,24.257521162268574,0.33070138561014417,0
18.033543517329683,14.76277820543584,3.270765311893843,0
13.376343708853591,9.750241457540929,3.6261022513126626,0
11.91353019775671,13.623468395157534,1.7099381974008239,0
25.500454125782866,23.62554751174027,1.8749066140425974,0
13.710235768535242,14.201670457822068,0.49143468928682665,0
15.301608419547495,15.149135008732454,0.15247341081504118,0
23.82110592999528,24.212792804867792,0.3916868748725122,0
27.072196141529005,25.37555813514675,1.6966380063822548,0
9.03382278433318,10.678538303307812,1.6447155189746319,0
8.083756542839422,6.9677968046322025,1.11595973820722,0
15.377346812970181,15.300460315935629,0.07688649703455219,0
6.65830309113982,8.085039763338669,1.4267366721988486,0
17.725538200313466,18.389394461069656,0.6638562607561909,0
20.710151712008376,23.990383148359708,3.2802314363513325,0
33.096334385604294,32.197598812308065,0.8987355732962286,0
14.749898357788737,12.530638719008765,2.219259638779972,0
25.73113216540466,22.359020541371503,3.372111624033156,0
11.287062184620513,9.564402568611081,1.722659616009432,0
12.604488038648945,11.844314396829995,0.76017364181895,0
15.88758667040548,17.59290943090988,1.7053227605044015,0
7.412078199880399,8.988193646564383,1.5761154466839846,0
12.19180691838259,11.18087870551286,1.0109282128697288,0
30.973433086146677,29.684405288170524,1.2890277979761535,0
17.388235704992585,16.252534467755197,1.135701237237388,0
24.40124387399821,24.694800752802788,0.29355687880457637,0
27.702359011451247,29.50995215495939,1.807593143508143,0
24.103259560512733,22.566285623654213,1.5369739368585194,0
9.56111785147612,7.273834400275289,2.28728345120083,0
27.318085136748625,28.140907219339148,0.8228220825905233,0
30.826338874508476,30.512230219793985,0.31410865471449156,0
11.175229006549262,12.699585800936749,1.5243567943874865,0
14.200090120179299,17.80675528176969,3.6066651615903904,0
15.869168607448222,18.225575205297556,2.3564065978493343,0
31.819003176671828,34.63530665058931,2.816303473917479,0
26.308552656660005,27.128469524370214,0.8199168677102087,0
13.501388959661536,14.936796790712467,1.4354078310509308,0
34.281436318238235,33.53849519348245,0.742941124755788,0
25.584380444803713,26.160605132531142,0.5762246877274286,0
19.151666340533225,16.211143883822963,2.940522456710262,0
10.154680512819258,11.672855981752878,1.5181754689336202,0
18.770052671014824,17.73632650920979,1.0337261618050348,0
18.179157492272196,18.664194748908468,0.4850372566362715,0
14.20966372028451,17.36871976092387,3.15905604063936,0
33.043617388996246,34.79663067695876,1.753013287962517,0
7.161260816988522,4.921302050907515,2.2399587660810063,0
26.440047484246122,28.058300487767717,1.6182530035215947,0
23.260059212833795,23.768802810014286,0.5087435971804908,0
24.667289188913724,21.5439782826664,3.1233109062473225,0
16.731370149942343,16.894006286874482,0.1626361369321394,0
31.69141458550613,30.890560586680447,0.8008539988256835,0
19.42611402712147,22.761471188026682,3.335357160905211,0
7.92137519980546,8.297219373900651,0.37584417409519144,0
13.622910768868426,9.65154190676341,3.9713688621050167,0
28.393700303468187,27.33300708763207,1.0606932158361175,0
14.259649722993274,16.251036424951874,1.9913867019586,0
21.07298451385861,20.909722963660247,0.16326155019836364,0
30.170648237811754,28.518163734904963,1.6524845029067912,0
13.241166210381504,14.320121847576697,1.0789556371951932,0
18.46482216672459,15.095171088371313,3.3696510783532787,0
25.299987958240408,25.288587606867278,0.01140035137312978,0
15.496038808217753,17.270084720151704,1.7740459119339516,0
15.061202476535106,16.480525069826484,1.419322593291378,0
34.04840124345241,32.31605672607271,1.7323445173797012,0
18.831390730562063,19.10178916389548,0.2703984333334155,0
16.715701594456213,17.703223508136954,0.9875219136807409,0
9.357244169568823,9.139622317717853,0.2176218518509696,0
19.162523842211577,17.638374257198507,1.5241495850130704,0
31.158949305102517,29.221774426397225,1.9371748787052923,0
5.146864888475222,7.648202139323282,2.50133725084806,0
28.13276791385022,25.78130356539475,2.351464348455469,0
13.82661807013988,15.388209908335295,1.5615918381954152,0
31.65839614595446,34.30790568867546,2.6495095427210025,0
34.5899466463968,41.05658973275768,6.466643086360882,1
33.93014106222233,32.64462722935863,1.2855138328636997,0
17.694926330386995,18.361780599382744,0.6668542689957491,0
19.478626555162535,20.132814709365768,0.6541881542032328,0
27.849593425818306,26.244886859197237,1.6047065666210685,0
8.25326074781686,10.071065023704245,1.8178042758873847,0
23.45946944372212,22.768172958559262,0.6912964851628587,0
23.70576690117488,25.16128015500036,1.4555132538254796,0
15.402079905604047,14.716108370326024,0.6859715352780231,0
20.51448870232016,22.101651590450178,1.5871628881300168,0
13.046160172309948,10.838479800994044,2.207680371315904,0
12.32790033990058,8.554121082836533,3.7737792570640476,0
22.247757307050094,20.058354759650804,2.1894025473992897,0
25.808747372632887,24.580948140018258,1.227799232614629,0
14.922372128042694,15.58743298026145,0.6650608522187564,0
32.00984831477457,30.544018737536504,1.4658295772380683,0
32.79221370683298,35.95540721395107,3.1631935071180877,0
10.726348494236461,8.926533733975102,1.7998147602613592,0
14.321933289768516,15.680774245943708,1.3588409561751913,0
11.174960380802663,12.958525519817986,1.783565139015323,0
28.199087882635332,27.366718513887292,0.83236936874804,0
26.559130249069653,24.93433440638555,1.6247958426841045,0
11.670457125041365,9.156037871504756,2.514419253536609,0
28.919233947618878,29.318014335392313,0.39878038777343505,0
25.490268336199627,24.628384089803323,0.8618842463963041,0
33.999811609692046,32.71458547125356,1.2852261384384889,0
25.790006732763732,23.151349091408697,2.638657641355035,0
14.906228694488638,16.59423863269472,1.688009938206081,0
21.28652355466643,20.358496094211286,0.9280274604551444,0
17.763785391438994,17.544987895131015,0.21879749630797818,0
27.715509021938836,27.90484060766622,0.18933158572738407,0
31.07298438550568,28.695668126181946,2.3773162593237345,0
19.97587668083503,22.857486305170237,2.8816096243352085,0
9.21736476407199,7.977017632383585,1.240347131688405,0
9.626295556120704,5.7110557666776085,3.9152397894430955,0
19.474583027026256,19.398414989281484,0.07616803774477177,0
24.479895562826343,25.31093999162586,0.8310444287995189,0
26.17661267525041,27.137861717423338,0.961249042172927,0
33.75845548230722,37.49861290400003,3.740157421692814,0
20.46551384390871,22.002577330903396,1.5370634869946862,0
28.715116808445067,26.102465324289206,2.6126514841558617,0
34.526079406963184,34.743880601154714,0.2178011941915301,0
12.83215808780433,15.238856527327634,2.4066984395233035,0
28.098685700033872,26.182351859824895,1.9163338402089778,0
34.37736599517077,33.47544084504595,0.9019251501248178,0
25.55158337361295,25.730941594207057,0.1793582205941071,0
34.46592608738031,33.814806645883515,0.651119441496796,0
23.940639824817733,20.138909243484143,3.80173058133359,0
15.459025115962268,12.879725480097688,2.5792996358645794,0
27.474478917157878,30.18112274150034,2.7066438243424606,0
33.78609208706064,31.47243851207214,2.3136535749884963,0
6.35253312885609,4.8946471312140805,1.457885997642009,0
20.528553879248268,20.59836840920779,0.06981452995952253,0
28.41246932524526,30.5398012093168,2.1273318840715376,0
29.423107421066785,24.724197169070287,4.698910251996498,0
26.76317660780787,27.260007967782208,0.4968313599743368,0
18.941547811789395,17.601208672331236,1.340339139458159,0
15.760115614378554,12.93262695458921,2.827488659789344,0
33.19825950210527,33.39430143723649,0.1960419351312197,0
21.883741701621357,26.150722970074558,4.2669812684532005,0
32.08535082272748,29.909148249164527,2.17620257356295,0
21.38259111759275,19.16315469460317,2.219436422989581,0
34.38364455461054,38.48157565381853,4.09793109920799,0
29.501562809948837,28.85595583000154,0.6456069799472957,0
21.768769003027796,20.910331251058988,0.8584377519688076,0
14.157439705929107,13.298707271930466,0.8587324339986413,0
16.304451340449127,16.53734893258237,0.23289759213324146,0
19.66155785434526,18.732916983066477,0.9286408712787839,0
23.80756084514562,23.318937148011027,0.4886236971345923,0
6.4498519103990715,8.907689632321038,2.4578377219219663,0
33.47179608764857,30.392675678666393,3.0791204089821775,0
19.938167281294167,18.773429753647907,1.1647375276462597,0
14.241604508581604,13.434529416915602,0.8070750916660021,0
21.0749840946895,21.8810197270743,0.8060356323847984,0
5.859082924183545,2.931472880208918,2.9276100439746267,0
12.598648301981308,13.008798316043778,0.4101500140624701,0
19.700951383693383,21.63778542981572,1.936834046122339,0
30.438270789570915,29.213582880511982,1.2246879090589324,0
12.382048439891728,12.337631516092982,0.044416923798745955,0
11.248891399602057,12.114886608559754,0.8659952089576972,0
18.956713239187753,18.528476664614242,0.4282365745735106,0
5.187326414117352,7.210658922317091,2.023332508199739,0
33.108066615800105,35.358003224643504,2.2499366088433987,0
9.86957632136654,10.411226044987378,0.5416497236208375,0
5.743074375136637,5.072554614416818,0.6705197607198192,0
20.429952525738493,21.944815618188883,1.5148630924503905,0
13.286812472902566,13.127134552514491,0.15967792038807538,0
26.11785634648109,24.19832136546037,1.9195349810207212,0
7.972426432114319,5.568244892478658,2.404181539635661,0
5.057136591562454,6.379199517371824,1.3220629258093703,0
16.780991418451734,20.62860471223334,3.847613293781606,0
20.962891663230298,18.379268318662444,2.5836233445678545,0
20.131047821815137,22.385508907171943,2.2544610853568052,0
25.821203363044035,25.05076909679025,0.7704342662537833,0
27.031477605068428,25.378721588668395,1.6527560164000334,0
15.196000188827366,17.412686897065218,2.2166867082378516,0
7.863342044878502,4.34084713321732,3.522494911661182,0
30.07874158592601,30.40833214357981,0.3295905576537983,0
9.984256829070821,9.768087236942154,0.21616959212866682,0
21.13656288108446,22.475384953171044,1.338822072086586,0
6.66342742016615,6.954779101312532,0.29135168114638166,0
18.22251922198795,21.37977962338761,3.1572604013996575,0
25.352783734734928,27.61613349373242,2.2633497589974922,0
5.316680657892317,2.811389980847586,2.5052906770447314,0
34.555705693069015,33.209893345380834,1.345812347688181,0
21.82751495336088,21.71796040187763,0.10955455148324944,0
19.017313093423052,18.513821706223812,0.5034913871992401,0
32.51936067447812,35.0426856967154,2.5233250222372803,0
19.4715463895835,19.181316926710043,0.29022946287345874,0
27.51925477286054,28.55118584370644,1.0319310708459,0
9.11180217356141,9.283839641388754,0.17203746782734441,0
28.116978357927163,29.060999796442587,0.9440214385154242,0
21.2969756479542,20.769998975840544,0.5269766721136548,0
23.61751608918975,21.4661182567437,2.1513978324460474,0
21.391000967857362,23.23624900068217,1.8452480328248093,0
31.620513203679995,30.56737459388221,1.0531386097977844,0
13.064232919587525,11.516194660703828,1.5480382588836967,0
21.724473352246395,20.370851074616624,1.3536222776297713,0
23.80977693167967,26.204456085132943,2.3946791534532714,0
34.5703950592739,35.3693542284497,0.7989591691758022,0
31.1750268830855,32.51338347352166,1.338356590436156,0
17.750784965128318,14.299088932808628,3.45169603231969,0
22.716742328686347,23.618762629978015,0.9020203012916674,0
32.73777987775773,32.34831271439047,0.3894671633672644,0
12.52386951430163,11.90722821009129,0.61664130421034,0
21.997435406905662,20.048052651134388,1.9493827557712748,0
15.633204619615956,15.44832040071813,0.18488421889782636,0
29.501418076069715,25.377221182610953,4.1241968934587625,0
9.06740064059163,11.421062039047202,2.3536613984555714,0
9.853717334348879,11.06203242640505,1.2083150920561714,0
10.74539575836817,10.953583001011847,0.20818724264367638,0
28.290449989680344,30.99404102765681,2.703591037976466,0
29.009399531753115,24.476822326923156,4.532577204829959,0
33.291597606267075,35.104463579531014,1.8128659732639392,0
8.100475950251193,8.01138579792067,0.08909015233052209,0
24.895671674148836,23.224136994646177,1.6715346795026598,0
6.496897119187979,3.6759318656342503,2.820965253553729,0
22.903570311723364,20.357854076198635,2.545716235524729,0
32.60435793417402,30.091032091533787,2.5133258426402314,0
34.28217140872483,34.26415783403895,0.01801357468588094,0
17.13651366935698,17.195403826657515,0.05889015730053515,0
16.25961994113853,16.753726302412897,0.49410636127436547,0
22.292923207320456,20.810275490026566,1.48264771729389,0
22.850544702755382,26.6343528904686,3.7838081877132197,0
29.116357592363354,30.53812905446696,1.4217714621036066,0
28.242892539972036,28.460950713830943,0.2180581738589069,0
21.911127975583593,21.08827209394663,0.8228558816369613,0
34.000813333332005,34.04870794032335,0.04789460699134196,0
24.579753815546976,25.764532050265437,1.1847782347184612,0
8.042739132866444,8.01430440106388,0.028434731802564173,0
27.723240469266607,27.02646780980772,0.6967726594588868,0
6.76872918656662,6.057272443547816,0.7114567430188048,0
10.800282309282785,9.219504930795624,1.580777378487161,0
29.8818556013328,31.12121892781149,1.239363326478692,0
16.48548441087796,17.782217063466646,1.2967326525886875,0
10.900454456121107,13.88975451998045,2.9893000638593428,0
33.32878323050686,34.55847415674861,1.2296909262417515,0
27.43790213105591,28.021412957174615,0.5835108261187045,0
15.185188880198982,15.986282512053164,0.8010936318541813,0
12.134689045807631,13.496414013412078,1.361724967604447,0
34.861157291717184,30.113002254508054,4.748155037209131,0
23.787708466205267,19.217255550968073,4.570452915237194,0
11.974554388605618,12.217745680901828,0.24319129229620984,0
7.852379177647336,7.285475471401835,0.5669037062455011,0
7.457123558044945,8.869570473315317,1.4124469152703725,0
29.465920823862707,29.33187788584421,0.13404293801849576,0
12.02956704573057,15.106433369184648,3.0768663234540785,0
28.37419669069121,29.94686335199858,1.5726666613073697,0
23.007902214181264,25.097701780678726,2.0897995664974616,0
6.979212948187053,6.78883960222136,0.19037334596569266,0
30.110396928221267,31.17838691048003,1.0679899822587622,0
7.015311217273746,7.848354694449705,0.8330434771759592,0
17.53695984975482,19.544117151426317,2.007157301671498,0
30.46512117524146,33.73421353259575,3.2690923573542925,0
9.473848739899754,10.51291386095455,1.0390651210547954,0
31.005164910851136,31.488626928880134,0.48346201802899813,0
34.18072523793926,37.680183175848796,3.49945793790954,0
13.696396977960013,12.441877194842325,1.2545197831176882,0
19.369309268386203,18.996815596160168,0.37249367222603524,0
31.017995816328366,32.41575795905875,1.397762142730386,0
7.939706664521898,5.342749003456117,2.5969576610657814,0
24.61498833472002,26.420165875527978,1.8051775408079571,0
26.467243499651808,25.46484308812509,1.0024004115267182,0
11.177461588975106,8.092299821602223,3.085161767372883,0
5.054517646328522,4.481069968739696,0.5734476775888258,0
5.317048807257121,6.638066170680011,1.3210173634228894,0
32.64601823370223,33.789309324884094,1.1432910911818652,0
7.38215724029343,4.280475110624696,3.101682129668734,0
33.756576374066654,34.49488162922946,0.7383052551628069,0
31.10137555050887,31.583083988720908,0.48170843821203846,0
28.406415163904725,25.3962845537419,3.0101306101628253,0
29.469545674183628,29.038809335374612,0.43073633880901596,0
29.84285772784613,30.32906962006167,0.4862118922155396,0
19.612039698009667,17.598873374207987,2.0131663238016806,0
8.449886163782718,9.076850167208288,0.6269640034255701,0
11.500482567329684,11.446178054811831,0.05430451251785229,0
12.655272144160609,10.634495997588035,2.020776146572574,0
8.701552195790995,8.826076567645229,0.1245243718542337,0
29.30868371010153,30.14605721516306,0.8373735050615316,0
21.083237842230215,22.416276905818005,1.3330390635877905,0
18.494993077902173,18.207935647660296,0.2870574302418767,0
12.221697781419532,11.628370912482493,0.593326868937039,0
21.317628580143893,20.1567702844727,1.1608582956711935,0
12.039625710268442,14.891106748227312,2.8514810379588695,0
18.444672481121874,16.06140695528851,2.3832655258333624,0
25.569021705186533,27.960416725909052,2.39139502072252,0
20.73595169294093,22.36672558770034,1.630773894759411,0
27.269185937763993,26.484970567175772,0.7842153705882211,0
19.840907836963567,17.319331294987276,2.521576541976291,0
25.49511721388358,27.613759120018965,2.118641906135384,0
27.765830944168428,27.804786816687134,0.0389558725187058,0
33.75923078220594,32.88980308549432,0.8694276967116181,0
31.26649006680716,31.638801037798657,0.3723109709914958,0
16.272047941030372,15.233776025585026,1.0382719154453461,0
6.385263063098815,5.870658495107025,0.5146045679917899,0
19.622345540436434,19.73025209943585,0.10790655899941726,0
21.65706540303943,17.430505828705716,4.226559574333713,0
25.523840672488788,24.423951484441965,1.0998891880468236,0
8.980343382156441,8.510758678424526,0.46958470373191474,0
18.581833565611866,20.209050451631796,1.62721688601993,0
23.187945278530886,21.118261037515474,2.0696842410154126,0
15.743587497937401,18.473627629226385,2.730040131288984,0
29.048800099168666,28.724192677428267,0.32460742174039936,0
34.1017426397247,35.26378338529708,1.1620407455723836,0
18.52181808216212,17.10903887494013,1.4127792072219911,0
10.550580390538917,10.017586592998018,0.5329937975408985,0
17.025748715332625,14.468179243885105,2.55756947144752,0
21.51828893971457,23.553267300365462,2.034978360650893,0
6.325454648292684,2.6430590405930445,3.6823956076996396,0
31.609723212909937,30.53925107728608,1.0704721356238558,0
29.713828103246563,31.414128426018582,1.7003003227720193,0
19.405251006511378,18.15324140189534,1.2520096046160383,0
30.889632481622456,30.995430980558705,0.10579849893624882,0
12.674180556923204,10.414397831219521,2.2597827257036833,0
33.71632042909149,38.02702132846848,4.3107008993769895,0
7.086708944770615,9.481393059847449,2.394684115076833,0
22.41565830754777,22.96854626067824,0.5528879531304725,0
28.72756864633942,28.571017354108903,0.15655129223051745,0
16.562054898094843,14.461928457724145,2.1001264403706976,0
11.785925641506825,9.377281226796308,2.4086444147105173,0
29.923852754013414,27.90226283764227,2.021589916371145,0
30.294615336638632,30.861390705607743,0.5667753689691111,0
7.415978831728268,1.8095351823700803,5.606443649358188,1
32.03462317296547,31.538427852847292,0.4961953201181757,0
18.179164101301904,18.106813457550043,0.07235064375186084,0
24.52188542067666,27.154474918268374,2.632589497591713,0
6.657327648776264,7.804988030486092,1.1476603817098274,0
15.005554217700434,16.760070679057062,1.7545164613566282,0
13.097765520779204,12.320531604063405,0.7772339167157991,0
28.04563713023484,23.718980655111633,4.326656475123208,0
34.6881005298472,34.571736843506045,0.11636368634115257,0
28.26564255435521,30.661985819405466,2.3963432650502554,0
22.3364101610799,18.911368621351972,3.4250415397279284,0
5.578550125143945,4.930902067896442,0.647648057247503,0
13.978481436321916,13.226264920504406,0.7522165158175103,0
11.80202387329518,12.795804306986321,0.9937804336911409,0
18.180575308011022,19.75863329147894,1.578057983467918,0
18.08000976352187,20.522100253854205,2.442090490332337,0
19.617555707821438,19.69420103274565,0.07664532492421117,0
18.960217778428024,14.311490780966247,4.648726997461777,0
34.104957334400154,33.31114576248769,0.7938115719124639,0
31.427661071965343,34.73923037260304,3.3115693006376965,0
17.245389820517808,16.57337036127567,0.6720194592421365,0
6.614545264790655,5.19578344443111,1.4187618203595447,0
15.381422998132344,16.318989573045723,0.9375665749133795,0
9.6137524159744,8.42367710712347,1.190075308850929,0
28.168358325311587,29.479526712441157,1.3111683871295696,0
7.920736109856755,7.867294798288156,0.05344131156859877,0
20.92556270401065,19.594643526350577,1.3309191776600748,0
26.310118906169613,24.85417943666745,1.4559394695021624,0
34.06531025256068,35.13371376678431,1.0684035142236326,0
10.054192006509037,10.013454571697356,0.040737434811681794,0
13.13471246871673,16.090718172694434,2.956005703977704,0
27.426927479803297,26.76042791014618,0.6664995696571161,0
7.918965835014467,5.811077574627779,2.107888260386688,0
29.223773810586717,27.525501222106424,1.6982725884802932,0
6.640263308012459,4.434106439420655,2.206156868591804,0
30.954997356951377,33.9906034300531,3.0356060731017216,0
8.910394195645505,9.717038837342447,0.8066446416969413,0
34.82806540837872,34.996660114731775,0.16859470635305485,0
21.351599959466476,20.981001918921407,0.37059804054506884,0
15.632650381855896,14.635583034154589,0.9970673477013072,0
9.162713619133385,10.141566009890827,0.9788523907574422,0
20.318366163203066,17.179861424991728,3.1385047382113385,0
24.86621632470894,28.658154079138033,3.7919377544290924,0
6.4552661390925135,8.65900614777527,2.2037400086827557,0
22.075409500874812,22.394604452463305,0.31919495158849287,0
25.89599341237192,27.45220669305154,1.5562132806796214,0
24.686997174877884,26.541194756308812,1.8541975814309275,0
10.532104935751782,8.8067218349939,1.7253831007578828,0
27.926632262943947,26.07075271168371,1.8558795512602373,0
32.11688621973811,31.315434905628834,0.8014513141092792,0
24.604836209263844,25.331871121673892,0.7270349124100477,0
6.716686449099987,4.323429578199017,2.39325687090097,0
26.87796835980282,25.919016326482886,0.9589520333199353,0
33.15107942889495,32.982658266510114,0.1684211623848384,0
34.39508945972169,33.13588254806695,1.2592069116547364,0
13.924725871075394,10.362946087797766,3.5617797832776272,0
26.594579879660255,27.848733408117436,1.2541535284571808,0
14.27657474249658,14.46575199150476,0.18917724900818023,0
19.09421599854327,17.83729528064389,1.25692071789938,0
28.707031823491096,29.437241870346217,0.7302100468551203,0
8.804807348833275,6.605331010427844,2.1994763384054314,0
15.614571931382917,14.690040196746091,0.924531734636826,0
20.60445745027052,22.045426398601556,1.4409689483310366,0
17.300056238691923,14.962309574562731,2.3377466641291917,0
18.208587026694133,17.805676077699243,0.4029109489948901,0
24.888070684609783,25.49294270501045,0.6048720204006663,0
7.9392834040356455,11.36514779203564,3.4258643879999937,0
21.313601468196385,22.024444543335612,0.710843075139227,0
5.319356955635522,7.96428403687727,2.6449270812417485,0
27.358385147106915,24.79710908069765,2.561276066409267,0
10.195953852484662,11.61013030028549,1.4141764478008287,0
7.200676725417558,6.785353990211688,0.41532273520586926,0
10.20755266478939,10.52520593297511,0.3176532681857207,0
34.03044899049304,34.4343054919463,0.40385650145325513,0
20.082074755846207,17.168587200074242,2.9134875557719653,0
8.224636331681609,10.174787717490297,1.950151385808688,0
29.389065585437436,30.96508420157731,1.5760186161398728,0
9.296159530697908,11.342231586153673,2.046072055455765,0
24.349847717654505,29.119151161375488,4.7693034437209825,0
20.913308229651232,20.374043102214962,0.5392651274362699,0
31.194978753928513,30.113630826232686,1.0813479276958269,0
21.676180345973524,21.871485382103856,0.1953050361303319,0
25.97642957983732,29.43047949381674,3.4540499139794214,0
24.15472705287567,23.46621026468172,0.6885167881939509,0
27.921506879759427,26.993745617222363,0.9277612625370644,0
11.238240692916493,11.263151295948825,0.024910603032331835,0
17.727388572722575,13.507002471220403,4.2203861015021715,0
28.059068010332744,26.845225509476094,1.21384250085665,0
25.785414267015025,25.62326959629301,0.16214467072201444,0
10.74117076799309,9.84413235208327,0.8970384159098206,0
14.803762322152243,13.592427867008212,1.2113344551440317,0
33.66806205051378,34.823727115466596,1.1556650649528137,0
15.858584030404701,16.17581486047597,0.31723083007126895,0
25.803844538912994,24.637474951590548,1.1663695873224462,0
8.88413405353981,13.436106122766715,4.551972069226904,0
21.07380518508564,23.08639129697793,2.01258611189229,0
9.569360296775425,14.13083019285656,4.561469896081135,0
5.251530621079102,2.0402403693231927,3.211290251755909,0
29.639934230361174,26.46785293502575,3.172081295335424,0
17.2813285859839,16.098786328896153,1.1825422570877464,0
32.544506431467596,35.392255114047416,2.8477486825798195,0
9.721434189701679,12.028337632476582,2.306903442774903,0
14.007700459210572,14.063506630433064,0.05580617122249265,0
30.677411789080715,30.003091986597052,0.6743198024836623,0
32.58641380444381,32.10820002754642,0.4782137768973911,0
24.203634492641488,24.450222000288953,0.2465875076474653,0
24.863578951202577,22.067722099144312,2.7958568520582645,0
24.533259917556766,23.337274465671765,1.1959854518850008,0
12.071661297701162,12.956613946140537,0.8849526484393753,0
30.586137285399463,28.5701773962073,2.015959889192164,0
34.19972521799414,32.92642656548543,1.2732986525087142,0
12.084773923145901,11.092810369748047,0.9919635533978539,0
33.52262618111724,34.424274536692494,0.9016483555752544,0
12.304153165451716,9.80774680864799,2.4964063568037265,0
6.11019243596153,4.925318825466835,1.1848736104946944,0
10.221256658274921,8.992130348943569,1.2291263093313525,0
11.166839387078598,9.810275293880201,1.356564093198397,0
34.99821529500902,33.58883945989504,1.409375835113977,0
21.974552549900615,16.795754586882342,5.1787979630182726,1
26.319120265379166,25.388365931556496,0.9307543338226694,0
23.123366739738138,23.588750421181256,0.46538368144311804,0
11.212426348924833,12.791591423567814,1.5791650746429813,0
7.257132491508785,8.132278929363194,0.8751464378544087,0
33.384778460161385,33.64845307259652,0.2636746124351319,0
5.849299700321247,5.365017689047394,0.4842820112738524,0
7.006139325899153,5.0115857350146005,1.9945535908845526,0
25.111409759802022,24.022512976791038,1.0888967830109841,0
9.272702788893078,6.613209560682577,2.6594932282105006,0
13.221026226617168,8.709308672737869,4.511717553879299,0
16.31475368747236,18.820850794630545,2.5060971071581832,0
13.573745265608162,11.50978397462892,2.0639612909792415,0
25.46332684006899,26.950810390192075,1.487483550123084,0
7.2042227626844095,6.262450049812954,0.9417727128714555,0
19.693667124591556,19.55455846664567,0.13910865794588645,0
28.46490071959327,26.712303555852667,1.752597163740603,0
16.679208770240912,15.675215487035256,1.0039932832056557,0
14.77491259623911,14.238518880034402,0.5363937162047083,0
10.489746773451365,10.475318290472712,0.014428482978653179,0
12.526513724880402,11.42449430230455,1.102019422575852,0
11.399381013552453,10.473803328905609,0.9255776846468446,0
7.448932025219829,6.707492567017102,0.741439458202727,0
11.681921449267945,13.465671031857104,1.7837495825891594,0
24.872599169504078,22.661211629867445,2.2113875396366325,0
16.87907773110646,16.91511977496363,0.036042043857172246,0
20.028378822158572,21.821818499602678,1.7934396774441055,0
10.908986387466218,14.229673977289805,3.320687589823587,0
25.252192737205515,21.233684274013108,4.018508463192408,0
9.253924500878856,7.147859690352924,2.1060648105259325,0
34.32453082276394,33.36517246836897,0.959358354394972,0
28.878620334841088,28.316451795114915,0.5621685397261729,0
26.12735451987096,27.79393688355431,1.66658236368335,0
25.91032470668054,24.114990823624733,1.7953338830558074,0
31.259872179885075,30.531525256402702,0.7283469234823734,0
7.100857875372991,9.492948855805611,2.39209098043262,0
12.26065329986083,12.245259935212863,0.015393364647968255,0
23.146735592626758,23.6039171521942,0.45718155956744155,0
5.067507996230347,4.768419282818277,0.2990887134120701,0
30.342835503078685,31.179821665714393,0.8369861626357071,0
10.651700791202511,8.412524489604852,2.2391763015976593,0
33.316284658628895,32.795280806941506,0.5210038516873894,0
14.98398879249881,12.079771103056963,2.9042176894418468,0
22.406345331223132,23.788179663439138,1.3818343322160054,0
10.525705545788462,10.276922595166996,0.24878295062146627,0
22.293979123234266,22.46149020969464,0.16751108646037594,0
7.0750077325795875,6.22778658751517,0.8472211450644176,0
9.488879621902619,7.230405091490233,2.2584745304123857,0
17.478246670542003,19.178861647831468,1.7006149772894652,0
22.43163596404546,25.991324409824465,3.559688445779006,0
14.27373283704313,16.049148793611838,1.7754159565687075,0
34.441659663901966,32.11316338798983,2.328496275912137,0
23.94391079510331,24.636384259259234,0.692473464155924,0
14.457276162773613,12.683383202487413,1.7738929602862008,0
16.776335486472075,16.748518819554604,0.0278166669174702,0
32.238586468180515,35.9773036648601,3.7387171966795876,0
30.270930890810906,29.92053097638901,0.3503999144218959,0
27.182105457787294,30.199554047303454,3.0174485895161602,0
22.81580091693025,20.962468183726102,1.853332733204148,0
6.5348003620073065,5.218566938569328,1.3162334234379784,0
34.83873023277867,36.924154082272935,2.085423849494262,0
19.081701103482665,21.214703643098947,2.1330025396162817,0
21.30202888417183,21.770744238558233,0.4687153543864042,0
14.210368452875091,12.676931271047152,1.5334371818279386,0
28.763112316029957,26.239159646593645,2.523952669436312,0
17.996184536215637,15.801423355314725,2.1947611809009118,0
34.91978459266778,34.53979911747846,0.37998547518932213,0
17.63112385352641,17.523841964091446,0.1072818894349652,0
15.326111111347215,14.343936757727944,0.9821743536192713,0
32.728510315978525,33.87850542574876,1.1499951097702379,0
14.08602558150767,15.79349382192667,1.7074682404190007,0
30.72555205011024,31.093053527148264,0.3675014770380223,0
10.179648841244509,12.787769557248845,2.6081207160043363,0
24.005837868958483,20.467785555509565,3.538052313448919,0
20.67113384079738,18.363090193154626,2.308043647642755,0
33.739886770034175,36.94960600160737,3.209719231573196,0
23.790289517670125,24.022659203461778,0.23236968579165307,0
17.17557106324307,14.587415551121936,2.5881555121211335,0
13.900392060655374,13.15626604082731,0.7441260198280641,0
10.317597446375865,10.402821916698228,0.08522447032236258,0
32.04966098087165,33.2866539580143,1.2369929771426484,0
34.25074072273644,34.00304060563405,0.24770011710239004,0
19.225612008310975,17.54106424921833,1.684547759092645,0
22.905796465507255,24.722150947789004,1.8163544822817492,0
16.667609721824228,18.640979960427032,1.9733702386028042,0
29.23912775267767,31.406253492166282,2.167125739488611,0
33.174949299179076,30.271523335839845,2.903425963339231,0
19.521010254720267,20.26010419490017,0.7390939401799024,0
15.673279247324057,12.345168569508797,3.3281106778152605,0
11.521825018945073,12.440372209047784,0.9185471901027107,0
32.90829938245818,34.73230932339852,1.8240099409403356,0
5.927735784110151,8.083150160771632,2.155414376661481,0
30.658013790477895,31.22344260134367,0.5654288108657752,0
14.68235508316463,13.303367223549943,1.3789878596146874,0
20.55406207535851,21.525931409832605,0.9718693344740963,0
6.525574781173143,5.605580565078041,0.9199942160951018,0
21.78418839492022,21.19735590003293,0.5868324948872896,0
21.4789233885328,18.06194098757958,3.41698240095322,0
21.9104035409537,22.266343288674758,0.3559397477210595,0
20.486837242309996,22.085729407887644,1.5988921655776487,0
25.11627576737881,24.952130843976523,0.16414492340228648,0
11.706570787727728,10.035674748971873,1.6708960387558545,0
12.711210674743251,13.441208889412719,0.7299982146694681,0
23.413533139217478,26.350578540296976,2.937045401079498,0
27.478071487747062,28.848428675234484,1.3703571874874214,0
16.298481943267667,15.691611494779934,0.606870448487733,0
19.179831721816214,20.298425613645485,1.1185938918292706,0
29.30795080772684,26.75806932882915,2.5498814788976887,0
12.314246045252606,12.18798388233593,0.12626216291667625,0
11.3740283622401,13.598155707131054,2.224127344890954,0
34.81948756556717,33.24884002704889,1.5706475385182799,0
22.911939575575612,25.396644735425998,2.4847051598503853,0
14.036392551255028,14.600649568102522,0.5642570168474936,0
29.933065843487665,29.231699335559647,0.701366507928018,0
17.28789797457288,16.80912752231037,0.47877045226250914,0
7.914525596930238,11.372686506019546,3.458160909089308,0
12.683071309377052,15.81839887421154,3.1353275648344887,0
12.035408050568915,14.132772769914418,2.097364719345503,0
24.95409330625339,26.868428519654014,1.9143352134006228,0
5.8966002205031405,6.7446433515595015,0.848043131056361,0
24.780655300825977,22.778153433888892,2.0025018669370844,0
18.304499617571935,18.028513031616875,0.2759865859550601,0
23.890110068734806,24.18901592099759,0.2989058522627843,0
8.461654446923731,8.052417050539109,0.4092373963846221,0
15.679704141336302,13.208864025258482,2.47084011607782,0
6.690489287902484,7.0745428268325465,0.3840535389300621,0
19.776696754094278,20.29547864947597,0.518781895381693,0
5.888454422798439,7.725548827934208,1.837094405135769,0
31.59396547594017,29.558995523438686,2.034969952501484,0
15.004519836253568,16.058867570908035,1.054347734654467,0
23.768462874831325,20.94670451556469,2.821758359266635,0
30.2775186495121,29.542003478318765,0.7355151711933345,0
29.06538815123841,25.74184243874329,3.323545712495118,0
34.80680951275882,37.37303348825188,2.5662239754930596,0
14.797503074817127,13.064282223655253,1.7332208511618745,0
32.21517677195742,31.513034124607273,0.7021426473501435,0
32.44688805707831,34.52570594814511,2.078817891066798,0
19.784728939876572,17.642045025450145,2.142683914426428,0
25.980181055116425,24.795962936988044,1.1842181181283813,0
34.5117465733086,29.714841940788283,4.796904632520317,0
34.95694376473813,36.21491263706865,1.2579688723305225,0
21.93193502064191,21.35452411690342,0.5774109037384889,0
29.09083636653274,29.131563622600286,0.04072725606754446,0
24.940544950117687,27.77666328848028,2.836118338362592,0
21.42778772752082,24.042812050626345,2.6150243231055263,0
21.02942519622083,19.919797509339766,1.1096276868810655,0
19.92089061153004,20.56313797307519,0.6422473615451487,0
24.20963425980456,23.158383194566255,1.0512510652383042,0
25.173208530030767,24.25526900318428,0.9179395268464852,0
33.79195012013459,32.24008936632295,1.5518607538116385,0
9.621770037276853,6.007367823210702,3.6144022140661516,0
21.232626684886004,18.763453979384224,2.46917270550178,0
27.862896718682634,26.827464639083153,1.035432079599481,0
25.471626968887552,26.94854924834855,1.4769222794609966,0
9.26973876145566,6.525023872812892,2.7447148886427675,0
30.21234808622072,31.77120747850397,1.5588593922832494,0
25.23243358393399,23.87356092968969,1.3588726542443013,0
24.070302406343334,22.2041446194166,1.8661577869267347,0
9.152137294663364,9.727634775056057,0.5754974803926931,0
10.970969847797107,10.775559658338771,0.195410189458336,0
8.531660530326139,5.815120869345366,2.7165396609807733,0
15.847979087498826,14.944568876811278,0.9034102106875483,0
34.05466919290217,30.357758498131673,3.6969106947704944,0
10.563222424252126,9.166037060978493,1.3971853632736337,0
5.94563469674573,7.289722541071835,1.344087844326105,0
16.142646918206516,17.654124234548743,1.5114773163422264,0
13.272398897326601,15.824911926307411,2.55251302898081,0
25.623898112733002,22.435591034781144,3.1883070779518583,0
28.708478823646736,29.57067724527073,0.8621984216239937,0
13.231588599098533,13.615710616617427,0.3841220175188944,0
33.40552082379923,31.599706732714427,1.8058140910848017,0
22.955874395890426,19.392987075803486,3.56288732008694,0
34.502685253241566,34.3513623408774,0.15132291236416506,0
32.22643201040256,31.242083491173933,0.9843485192286288,0
24.034123006478787,23.26252989331048,0.7715931131683078,0
5.848336958261506,5.717337734859245,0.13099922340226122,0
9.637456160552606,9.710516070431602,0.07305990987899591,0
31.471429655510082,35.69041641565689,4.218986760146809,0
12.948584725320096,11.033836390182772,1.9147483351373236,0
7.762581984648569,10.406100885938146,2.6435189012895774,0
13.08099343411845,14.153864993187259,1.0728715590688083,0
18.25385908170844,18.847453983367284,0.5935949016588431,0
24.617634442075637,23.450912091623415,1.166722350452222,0
14.969345323984948,18.23438856561152,3.2650432416265733,0
23.68918510384038,23.45126779785655,0.23791730598383154,0
9.761359749842484,10.52942681354849,0.7680670637060061,0
32.51854545977844,33.7441549409356,1.2256094811571643,0
10.534038609755859,10.644224769921829,0.11018616016596994,0
34.28966132550009,31.83181770027621,2.4578436252238802,0
13.166763863734213,15.485267085076929,2.3185032213427164,0
20.206791431628478,19.42009098846381,0.7867004431646691,0
21.782047882808953,25.19632283152773,3.414274948718777,0
28.629988445831177,33.45706775625949,4.827079310428314,0
32.462237096653695,33.26809227270177,0.8058551760480768,0
5.82390915602179,7.873331588142847,2.049422432121057,0
20.678263634666315,20.619465622582958,0.058798012083357776,0
19.719123198820405,20.365990929397732,0.6468677305773269,0
26.99494885572775,22.201721432958948,4.793227422768801,0
14.703687259610875,11.271200716801927,3.432486542808949,0
10.739412758482906,11.927473204538673,1.1880604460557667,0
30.453668431920747,28.627651856114614,1.8260165758061326,0
20.93666163515683,22.515930180669912,1.5792685455130808,0
30.662713607001166,29.762039315275473,0.9006742917256929,0
17.646652741267516,15.172454304184068,2.474198437083448,0
28.631403385231643,31.240222202287324,2.608818817055681,0
9.900544260865718,10.939564168120283,1.0390199072545645,0
10.22254665830144,13.003686253335248,2.7811395950338085,0
26.69522300954528,29.110474796778288,2.4152517872330073,0
34.95301031800881,34.69428718537903,0.2587231326297754,0
34.9158663973237,34.13941935057373,0.7764470467499649,0
13.837210839184104,15.241686399606868,1.404475560422764,0
13.650981823941681,14.628012136533648,0.9770303125919675,0
27.125451781090998,28.89572558439429,1.7702738033032936,0
34.8000020081725,38.78535332145696,3.985351313284461,0
23.450564527679088,24.129653027792095,0.6790885001130071,0
33.36514722949431,34.02070545918402,0.65555822968971,0
21.78029369381642,19.351385196736356,2.428908497080066,0
17.124429727501727,15.876709236276042,1.2477204912256852,0
34.356024889558284,35.58491802585776,1.228893136299476,0
26.519094145376446,28.619651988059143,2.100557842682697,0
10.140177335895572,7.7617217524258315,2.3784555834697407,0
26.043215497563686,26.099178148020133,0.055962650456446994,0
13.003214789424694,12.22503103609076,0.7781837533339342,0
33.35203334166184,32.5325818231704,0.8194515184914337,0
16.519560031124257,17.007697880930035,0.4881378498057778,0
22.711462177895218,21.530124676278213,1.181337501617005,0
23.483110251330395,21.677502422110756,1.805607829219639,0
25.108482614816776,27.232640683553665,2.1241580687368895,0
33.02903180619964,32.94125944936351,0.08777235683613327,0
31.618452583261554,29.629696817579262,1.988755765682292,0
5.917314917863871,4.767339333415693,1.1499755844481783,0
10.941130446740324,13.560298992880343,2.6191685461400187,0
21.300339008346388,20.21481058581342,1.0855284225329669,0
28.195853389577387,24.6640464454523,3.531806944125087,0
28.29103816899377,34.42242412070112,6.131385951707355,1
31.88334309034425,30.588361960791286,1.2949811295529656,0
32.19559036204425,31.994642428502463,0.2009479335417872,0
24.71326510672523,25.365573062047993,0.6523079553227618,0
14.459246993714018,13.571258199978315,0.8879887937357029,0
17.492159837547984,13.254127994661214,4.23803184288677,0
10.028501697907792,13.270555281567564,3.2420535836597715,0
24.285470404753973,23.344739927857734,0.9407304768962383,0
31.643501172540606,31.823410910526665,0.17990973798605836,0
12.954303697272394,13.98668663507466,1.0323829378022662,0
14.936387189127618,17.300814168446344,2.3644269793187256,0
9.921088204579261,12.020878182489874,2.0997899779106124,0
5.8264827010146245,3.143239148970501,2.6832435520441233,0
19.257935007128303,20.649271029035685,1.3913360219073816,0
7.04367813226132,7.444950641570392,0.4012725093090719,0
12.862012524329618,13.3574812786871,0.49546875435748206,0
23.13331732519961,23.211318649199743,0.07800132400013382,0
30.335267499935917,32.86763133581392,2.5323638358780016,0
12.441619014725838,11.794575714031835,0.6470433006940031,0
32.3457710132493,31.857520012750054,0.4882510004992433,0
21.02656092140383,20.43950309547287,0.5870578259309625,0
29.67884704309057,31.03022295977938,1.3513759166888093,0
18.19681461985485,16.593872497392674,1.6029421224621778,0
23.06213416880776,22.419850971200027,0.6422831976077319,0
26.238517040267308,25.295621767262716,0.9428952730045914,0
5.1472629624946995,4.18132976287799,0.9659331996167095,0
18.817236334086765,15.901937272968741,2.9152990611180236,0
26.68015194298522,26.20344341452394,0.4767085284612804,0
33.57308398607169,35.06010519037719,1.4870212043055062,0
5.549834618442567,3.3222074655636233,2.2276271528789438,0
29.736290498082166,33.7105516610962,3.974261163014031,0
6.384373970986459,4.295961455597444,2.088412515389015,0
9.828811342544391,10.232612920050633,0.40380157750624157,0
33.026581303949925,33.95399890692027,0.927417602970344,0
11.778149492678832,13.824943104512531,2.0467936118336993,0
14.899515193249751,16.34061197681549,1.4410967835657402,0
33.46887517874443,33.650433278708654,0.1815580999642208,0
31.567965278137795,32.23367206160675,0.6657067834689521,0
7.617415333560002,9.104949004354177,1.4875336707941749,0
6.512193885250442,6.13239069799757,0.37980318725287177,0
21.40805904396933,20.32086481391702,1.0871942300523116,0
25.136946614478596,25.026405029253326,0.11054158522527047,0
12.162877069891024,11.947246768739355,0.2156303011516698,0
19.1216278140889,19.44881341014635,0.32718559605745057,0
23.460877428788052,22.146080079037517,1.3147973497505347,0
6.172402563950748,6.941780893781055,0.7693783298303067,0
24.01550794487313,25.63342798951127,1.61792004463814,0
11.368984292115078,14.06824776576926,2.6992634736541827,0
19.222346871356322,18.598629268667292,0.6237176026890303,0
7.579187464688156,2.3397740526235644,5.239413412064591,1
18.966309632499417,18.671902732712674,0.2944068997867433,0
26.907454286240743,25.22376347841341,1.6836908078273325,0
24.060904256847476,20.95350423594618,3.107400020901295,0
6.189122803340606,5.834593298297689,0.35452950504291714,0
21.124637778690005,22.40526668688503,1.2806289081950268,0
26.21025926776031,23.53547839047571,2.6747808772846007,0
10.194842982193414,11.845870077328366,1.6510270951349515,0
11.934040158817343,11.805952091616609,0.12808806720073385,0
6.561727705459609,6.097422528109519,0.4643051773500906,0
10.155226729357924,12.20793245374088,2.0527057243829567,0
32.77500540329921,34.013466557925476,1.2384611546262647,0
13.617857863323698,7.781790681021324,5.836067182302374,1
29.778151558919767,31.495461392582634,1.717309833662867,0
13.874753953336905,13.770960544778397,0.1037934085585075,0
31.15585301453998,33.290539342699155,2.1346863281591766,0
10.570669563932242,10.125697027715743,0.4449725362164987,0
10.248389563126306,11.554979316258393,1.3065897531320871,0
17.359735358925526,18.337239865086925,0.9775045061613987,0
22.705196587001343,24.507821334608856,1.8026247476075135,0
22.920083981211413,19.268021404501116,3.6520625767102963,0
34.81102930416392,37.30474868925582,2.4937193850919,0
9.617734702537689,9.876094603115504,0.25835990057781544,0
7.38098654166679,9.10701625115661,1.7260297094898203,0
28.52141868695919,29.491419293173145,0.9700006062139543,0
25.145951547476287,28.90857874904391,3.762627201567625,0
34.42309558720576,34.51698261613496,0.09388702892920264,0
20.431358308005475,24.206272789901877,3.7749144818964027,0
14.954583322276614,15.80965377680245,0.855070454525837,0
27.879024228767385,30.357941913990384,2.4789176852229993,0
26.627059954050754,25.38093136717276,1.2461285868779939,0
23.72378815676996,24.49103036679899,0.7672422100290319,0
11.737401721578976,9.411220655566657,2.326181066012319,0
8.70281469267053,2.471027846056539,6.231786846613992,1
22.440693912436945,23.591935642573855,1.1512417301369098,0
11.917707617567203,9.723158436130758,2.194549181436445,0
12.87849273928709,11.241673537659771,1.6368192016273184,0
33.15394094802211,34.81023518764831,1.6562942396261988,0
13.869952943389654,15.162863657455475,1.2929107140658207,0
12.170174521885645,13.62574458115838,1.455570059272734,0
5.552767254764368,6.463148673951041,0.910381419186673,0
11.44767358214877,9.744244891698392,1.7034286904503784,0
11.1064710306098,10.908436655659887,0.19803437494991272,0
30.382456501390994,29.067791040897756,1.314665460493238,0
21.412891802725543,19.490209274915532,1.9226825278100108,0
26.519787949165195,25.312254069089665,1.2075338800755304,0
25.17568242992616,26.800437259809314,1.6247548298831553,0
18.161601583058605,18.3332063158943,0.17160473283569644,0
33.41475211812527,33.34470854089194,0.07004357723332788,0
27.63519685311899,31.607640171142844,3.9724433180238528,0
12.870410162526166,17.83259995923297,4.962189796706802,0
8.868144922628161,9.728734730311086,0.8605898076829241,0
19.155798036072532,20.51414348072363,1.3583454446510963,0
11.707775215365691,9.745725668864111,1.9620495465015804,0
8.088047937436148,10.28727989194232,2.199231954506173,0
24.209729780416136,26.337694530823086,2.1279647504069494,0
12.404538263338814,12.06953781732384,0.33500044601497514,0
10.62194199863864,10.23719895452808,0.38474304411055904,0
6.423542454557436,5.495712880202244,0.9278295743551928,0
6.296208124727892,4.94706173018005,1.3491463945478417,0
28.837090447620593,26.871815925161993,1.9652745224586,0
23.419603222070478,24.38701671206518,0.9674134899947013,0
10.343825742907908,8.48038068089744,1.8634450620104683,0
14.704617128058112,15.204781961347003,0.5001648332888902,0
33.634966137622634,32.14906562084568,1.485900516776951,0
34.41266885405172,35.01144374707704,0.5987748930253218,0
5.5255251717681455,9.514986859159427,3.989461687391281,0
26.648382083057978,25.34867029903175,1.2997117840262291,0
30.83013439820013,30.598126153853595,0.23200824434653455,0
28.09471122806854,26.56723280600063,1.5274784220679116,0
10.391659406941958,9.146650610546265,1.2450087963956928,0
8.036172643587136,7.3862662661465,0.6499063774406357,0
17.478208680789145,17.843456398953897,0.36524771816475265,0
10.563695053208008,13.10855833444691,2.544863281238902,0
6.703424957911675,3.3215078153250683,3.381917142586607,0
31.52174883176594,30.02914637282903,1.4926024589369113,0
29.540800598004967,28.144463708060464,1.3963368899445037,0
8.159831054933612,9.807888184062413,1.6480571291288015,0
26.968889691801973,24.44990311836448,2.518986573437491,0
13.522176708614605,9.7007016385847,3.821475070029905,0
15.838774909486151,17.14429877394124,1.3055238644550897,0
21.400679442701847,21.599650922191316,0.1989714794894688,0
23.067817424594917,23.99015467095841,0.9223372463634938,0
22.940930270027003,24.546799460157978,1.6058691901309743,0
8.16319826627325,10.344942822822775,2.181744556549525,0
24.098879350440942,23.36301217939675,0.7358671710441911,0
30.46389521602358,31.391905728580973,0.9280105125573925,0
32.898841451822825,30.98728440747131,1.9115570443515146,0
7.467723697830587,10.122983501918858,2.6552598040882707,0
13.274878650099048,16.268963838070018,2.9940851879709705,0
32.1402522496203,32.5658937033863,0.4256414537659978,0
33.69866685600026,31.57738719663235,2.1212796593679073,0
21.395633315240165,18.75886445634008,2.6367688589000835,0
12.963582604805978,12.684927872496896,0.2786547323090822,0
8.032712338915756,8.549803427961258,0.5170910890455023,0
16.811258323739125,15.826857426341503,0.9844008973976219,0
25.46898416228089,23.322788048434386,2.1461961138465036,0
18.537727821127696,18.615475281160705,0.07774746003300947,0
32.939568715108486,30.94984279561228,1.9897259194962054,0
15.596262386029721,18.67302550196918,3.0767631159394604,0
33.25312097747086,34.0247136360094,0.7715926585385446,0
27.199848668851082,25.73235519617078,1.467493472680303,0
26.183113339451857,22.618015488151208,3.5650978513006493,0
8.37692994254947,7.1282166311931725,1.2487133113562976,0
30.752620760441882,28.02409285780808,2.728527902633804,0
7.068749025375066,5.050169594608522,2.018579430766544,0
11.924787786080607,11.36894954451034,0.5558382415702674,0
24.176969578971995,25.070008243623242,0.8930386646512467,0
26.311960950364586,24.549717285362018,1.7622436650025683,0
18.562722268297357,21.619011351956377,3.0562890836590206,0
10.624569329353145,10.563162172076517,0.061407157276628155,0
16.681139689562542,17.81412169492489,1.1329820053623472,0
19.916270366669927,20.661218108858822,0.744947742188895,0
24.04429694979581,24.038787045939586,0.005509903856225407,0
22.08699740934844,20.559886795242072,1.5271106141063697,0
31.727575908442287,31.108279451571946,0.619296456870341,0
32.77757108361129,35.666900385088745,2.889329301477453,0
20.268353496582,20.819357606584465,0.551004110002463,0
29.719587187397252,29.054821038730417,0.6647661486668355,0
27.857854407085977,27.663372140918067,0.19448226616790976,0
23.87093369989912,20.69652112516861,3.1744125747305105,0
32.15705697440092,33.48854573408226,1.331488759681335,0
25.71146017981639,28.500346971252743,2.788886791436351,0
26.82985703487375,27.25565015911511,0.42579312424135907,0
31.962943022447963,33.31628002304689,1.3533370005989305,0
27.65953051618929,26.570116180792457,1.0894143353968317,0
13.117822380879321,10.914305960426283,2.203516420453038,0
8.118541778683886,7.277899684826353,0.8406420938575332,0
31.91665579988935,31.81011340236256,0.10654239752679118,0
14.40153961212695,12.206124643674668,2.1954149684522815,0
28.35171390458982,26.13084280279481,2.2208711017950087,0
30.272949798023795,32.86977662865722,2.5968268306334252,0
12.820163169659835,10.374411427999819,2.4457517416600165,0
32.9265049160861,34.685292214262425,1.7587872981763226,0
10.483149859701241,11.272161778336532,0.7890119186352909,0
8.197000929986059,6.600904595085092,1.5960963349009667,0
31.43008143932284,31.318432039655775,0.11164939966706555,0
15.194677431744957,13.736973915927871,1.4577035158170855,0
9.459859175992804,11.590719272471329,2.130860096478525,0
34.109816674052894,37.13605666052223,3.026239986469335,0
33.42833739389023,32.315824508283995,1.112512885606236,0
24.189086082639115,23.532634941675546,0.6564511409635685,0
9.59817749503155,11.245481851558841,1.6473043565272913,0
27.7765458401452,29.719448727226283,1.9429028870810825,0
9.738827690097041,7.845884719857615,1.8929429702394263,0
10.20094949553593,9.60356308422863,0.5973864113072995,0
33.16391771262937,32.39539768335606,0.7685200292733114,0
13.301742670326176,18.067832029280464,4.766089358954288,0
9.566092648106022,7.343026977995219,2.2230656701108025,0
31.92680160727994,29.195647543791242,2.731154063488699,0
14.538092392487206,17.154496344069337,2.6164039515821305,0
25.361331081481172,26.664191958722334,1.3028608772411623,0
13.575583569985753,16.0773682125068,2.5017846425210486,0
13.31756882269428,14.461364367794346,1.1437955451000654,0
31.575626890654064,33.40806372128975,1.832436830635686,0
18.580394960395004,19.748787230789688,1.1683922703946834,0
24.031654561876653,26.336430243539475,2.3047756816628215,0
32.60268934816449,35.61940892197048,3.016719573805993,0
19.22899512958996,17.125155246024562,2.1038398835653993,0
16.795992347489854,19.91272240108599,3.116730053596136,0
29.326444530489177,32.00386623176794,2.6774217012787602,0
13.425882073314538,16.030519446316312,2.604637373001774,0
30.113858269718385,30.727605581020647,0.6137473113022622,0
15.651342487712153,17.918037522637068,2.266695034924915,0
12.40659831649392,14.194678134753731,1.7880798182598117,0
7.005714430526863,5.016559740483439,1.9891546900434243,0
22.813341007933793,26.827178865044537,4.013837857110744,0
29.701785730797678,32.00456535175817,2.3027796209604894,0
7.88778532461898,6.634183075433342,1.2536022491856373,0
23.14289842488417,23.205266068845678,0.06236764396150818,0
5.9004633087199165,3.2830768968901074,2.617386411829809,0
28.768498101961498,28.84878858413415,0.08029048217265355,0
27.22385468586842,26.772644388223174,0.4512102976452468,0
32.80774355742183,34.99677982559377,2.1890362681719395,0
5.115204085978827,5.147136408201427,0.03193232222260001,0
10.982039677348274,11.612905487901934,0.6308658105536598,0
7.511658949233712,2.18897880313446,5.322680146099252,1
32.73103233477094,29.54307105507053,3.1879612797004064,0
25.503359135834568,23.046213039625897,2.457146096208671,0
11.464168107507195,13.70049666426851,2.2363285567613147,0
30.117250394277495,28.181593637958997,1.9356567563184974,0
23.331866661608487,23.545826918645073,0.21396025703658594,0
21.128372388279132,21.96845067146945,0.8400782831903193,0
26.057895372221473,24.286747179566582,1.7711481926548913,0
25.4922809192163,25.502474990259127,0.010194071042828767,0
5.621189422697456,8.230923072911963,2.6097336502145074,0
28.345682454364628,27.749082497875996,0.5965999564886317,0
29.258953787090995,28.07814460586409,1.1808091812269055,0
17.7051674725768,16.80481498889142,0.9003524836853813,0
17.01977101867645,14.22198190313971,2.797789115536741,0
7.214138833027457,9.437248164190244,2.223109331162787,0
13.191529404400509,12.45258498938896,0.7389444150115487,0
32.5805437988629,32.48866708175132,0.09187671711157464,0
19.275516052689476,19.74943765402348,0.4739216013340055,0
20.181201507334286,19.44879084017685,0.7324106671574349,0
28.83731055812412,27.374789297500364,1.462521260623756,0
25.029988330413985,22.997715571783743,2.032272758630242,0
27.19683170273247,27.217449656804387,0.020617954071916245,0
14.572010447050406,16.193123680498413,1.621113233448007,0
18.903229142795215,18.43531393684936,0.4679152059458538,0
24.214675337002348,28.224658351714314,4.009983014711967,0
22.862006718349747,23.846235309032238,0.9842285906824912,0
22.293489718391882,24.53734479391035,2.243855075518468,0
5.6966348622011695,6.371232394000465,0.6745975317992956,0
11.105675267954577,14.40760142389668,3.301926155942102,0
22.825107426315828,24.040714304138884,1.2156068778230562,0
7.0845678252908435,9.672277333177208,2.5877095078863643,0
29.869123906905877,29.114160000594023,0.7549639063118541,0
11.013502521610192,9.270685645353128,1.7428168762570646,0
17.557189338872696,17.272040165513538,0.2851491733591587,0
11.4025079294104,15.13489428354186,3.73238635413146,0
25.46006554521463,23.31414542337577,2.1459201218388593,0
14.95036216565739,15.28473251927132,0.3343703536139291,0
7.179755245903906,8.92112505098917,1.741369805085264,0
26.122842848505663,24.439102361856825,1.683740486648837,0
8.952664724084507,8.804081199920072,0.14858352416443488,0
33.29843811807255,31.909712529363603,1.388725588708951,0
29.028423555592052,26.362952373598006,2.6654711819940466,0
26.80561698113481,24.504488669701715,2.3011283114330965,0
33.20672260979251,31.049878164305355,2.1568444454871525,0
25.052356434778755,27.204168083711473,2.1518116489327177,0
23.90689554373869,24.44574912662625,0.5388535828875618,0
27.473849066248423,24.834362029317102,2.639487036931321,0
26.505640582776028,29.76298256247232,3.2573419796962924,0
20.436405545546123,22.61275995460005,2.1763544090539284,0
6.1231574486424805,8.180203536758892,2.0570460881164117,0
25.71372179357512,22.298632827187607,3.415088966387515,0
17.47421670025544,20.567671754531283,3.093455054275843,0
17.873551498572954,21.52008399655774,3.6465324979847864,0
13.018790267414523,10.45546669901041,2.5633235684041136,0
12.909329496383998,12.146198839614792,0.7631306567692064,0
5.29023009110566,4.525508254073708,0.764721837031952,0
7.896894261486759,6.00896670979029,1.8879275516964693,0
16.741232462214125,15.9852544197471,0.7559780424670244,0
30.644628160555758,26.447710476659612,4.196917683896146,0
13.493561308790369,13.123601854947289,0.36995945384308015,0
30.361941037584096,28.550148746775942,1.8117922908081532,0
30.136418133559005,29.446637574349367,0.6897805592096375,0
5.455542312488513,5.164864874066513,0.29067743842199967,0
16.94158471500527,14.97872994495431,1.96285477005096,0
29.296074820228693,30.72075159067774,1.4246767704490466,0
11.073717712581086,8.12716741263724,2.946550299943846,0
29.50248762032336,28.971083739802385,0.5314038805209762,0
6.957753441469595,10.039817227292131,3.0820637858225357,0
18.102553299112223,18.081741947423048,0.020811351689175694,0
28.531051988201995,28.934255563098173,0.4032035748961782,0
33.63304919363842,34.44766838394249,0.8146191903040716,0
5.833123841794285,4.581811494142614,1.2513123476516705,0
30.044185706274785,30.598442509512726,0.5542568032379407,0
33.72448221832944,32.65685103305249,1.0676311852769516,0
28.63994488664181,29.145689718075083,0.5057448314332724,0
26.818647120101648,25.450848378401204,1.3677987417004438,0
19.329409521223916,19.637034193560353,0.30762467233643775,0
25.20143107008294,20.623084869425035,4.578346200657904,0
7.7734133065987665,8.240217271607047,0.4668039650082809,0
8.359390689188297,6.964666371277729,1.3947243179105682,0
13.496949207973342,16.107865728132914,2.610916520159572,0
22.587842062449155,25.475495941634552,2.8876538791853967,0
11.319922095544808,11.510771576652399,0.19084948110759115,0
19.90136866386698,20.08029745956423,0.1789287956972494,0
31.131090837719153,30.803252547015077,0.3278382907040758,0
21.616262740255294,20.076815229411707,1.539447510843587,0
9.292724707014845,3.849122303590211,5.4436024034246335,1
11.455059412168858,11.620685067401004,0.16562565523214623,0
31.099800837003823,29.11146737527119,1.9883334617326334,0
10.905101165533726,10.799638439427229,0.10546272610649687,0
18.16242807236366,17.264368787872787,0.8980592844908735,0
21.89262668839536,22.763998616508395,0.8713719281130352,0
19.506471311101908,19.520033934585715,0.013562623483807101,0
11.138982119849487,9.741761455935205,1.3972206639142826,0
20.059720525851525,23.618235131253236,3.5585146054017116,0
33.52332940138196,31.436350894167262,2.0869785072146954,0
8.618885660381011,4.564076152278214,4.054809508102797,0
6.794336293457693,9.875969443218287,3.0816331497605933,0
11.532704841273706,7.684964114924441,3.8477407263492642,0
6.9820907986300496,8.589976024609626,1.6078852259795768,0
16.22073399454287,16.06969463881654,0.1510393557263292,0
27.390406429766433,26.4145007793796,0.9759056503868315,0
28.288946376115707,29.224278543633698,0.9353321675179913,0
25.824264750456354,23.759384873652287,2.064879876804067,0
27.093377684183384,32.95780165941346,5.864423975230078,1
7.739419192368292,6.891638834704721,0.847780357663571,0
22.512411392634807,22.9452070253897,0.4327956327548925,0
14.562623665870976,15.526897330449103,0.9642736645781262,0
7.023326130668971,4.445948558921611,2.57737757174736,0
5.796034253234621,5.1040587547903025,0.6919754984443189,0
5.470117127649021,6.184442562020669,0.7143254343716476,0
30.937290861677862,30.612733138259667,0.3245577234181951,0
33.57571056279727,35.61717225798891,2.041461695191643,0
16.442329249038796,18.534062387548264,2.0917331385094684,0
32.74829147431889,36.372373073773616,3.624081599454726,0
24.42929871276255,23.238395907254652,1.1909028055078963,0
19.370751510151536,17.94456819437683,1.4261833157747041,0
33.96827465043643,37.30687930996432,3.3386046595278955,0
12.312298602595048,11.655194843916249,0.6571037586787991,0
13.294804307273212,15.543001478247817,2.2481971709746045,0
21.702523836969128,21.778396848837183,0.07587301186805462,0
19.30069336925135,22.637665020777764,3.336971651526415,0
27.558301078795257,30.056765706239283,2.498464627444026,0
28.76079548992168,28.913841651921743,0.15304616200006294,0
13.126449841004504,11.436711845820696,1.6897379951838083,0
26.74197364652126,27.384428917253683,0.6424552707324231,0
14.561750956023365,14.264645420462573,0.29710553556079233,0
29.46312711731533,29.56803485542424,0.10490773810890985,0
6.615850536350135,5.088129203903023,1.5277213324471122,0
33.95641506458413,36.82041188587946,2.8639968212953306,0
17.44627395476924,15.54700753523965,1.8992664195295887,0
24.667128787451837,22.922305731545578,1.7448230559062594,0
6.176200776720899,5.83698027764732,0.339220499073579,0
21.467783276624775,23.211177757169608,1.7433944805448327,0
11.812976794394547,11.281592167736768,0.5313846266577791,0
33.9733997003471,32.09238983642812,1.8810098639189832,0
7.018261273606191,6.003586055266917,1.0146752183392742,0
27.53005325144074,26.767814031383146,0.7622392200575945,0
5.963094401622959,9.23534020776042,3.2722458061374606,0
33.98575422650865,31.717803035822023,2.267951190686624,0
5.089823869162099,5.248640324997572,0.1588164558354732,0
15.700360102429586,13.361957441683902,2.3384026607456843,0
24.452110221389283,26.698191971150447,2.2460817497611636,0
5.815580228766358,4.454938451143302,1.360641777623056,0
28.037410628644302,32.53465458683854,4.49724395819424,0
5.793051913519606,8.270269383334774,2.4772174698151685,0
27.788177426371053,29.132758194200523,1.34458076782947,0
34.118193814982284,35.303189126917424,1.1849953119351397,0
26.16756687444724,27.44929692444194,1.2817300499946995,0
20.34983087657577,21.816306286014033,1.4664754094382637,0
13.462644256598717,12.770848874058725,0.6917953825399916,0
18.390354244848957,19.703404943100693,1.313050698251736,0
19.040812814852863,20.565637957323233,1.5248251424703696,0
9.023207036360184,9.539600070349953,0.51639303398977,0
7.029302842434709,6.576651567189321,0.45265127524538773,0
11.205438754082708,11.499022262092794,0.2935835080100855,0
13.255839942095797,13.24636879068476,0.00947115141103616,0
14.725556812833293,17.274696627255864,2.5491398144225705,0
34.59065373207957,35.34449962070353,0.7538458886239567,0
19.95091387827761,19.801871116508323,0.14904276176928732,0
22.293769224625866,22.401164897862596,0.10739567323673072,0
34.45020955008002,37.81116689025277,3.360957340172753,0
22.033959681188467,23.30400455868316,1.2700448774946942,0
23.614042371619075,24.879342189432347,1.265299817813272,0
23.658636239154454,21.761908025883233,1.8967282132712207,0
13.837807163599958,14.606477278434307,0.7686701148343484,0
11.189625662351236,10.044122776588273,1.1455028857629639,0
24.662696992266298,24.353577861871145,0.30911913039515326,0
22.463458013572264,19.62933683379316,2.8341211797791033,0
17.87448756702663,14.950185037915313,2.9243025291113174,0
25.110884917037783,26.931162953440058,1.820278036402275,0
13.409590938174201,14.20359972141701,0.7940087832428091,0
7.5098604183649895,8.285971390116538,0.7761109717515486,0
8.74976867146829,9.580676062159112,0.8309073906908218,0
8.28178164032354,9.543505633761981,1.2617239934384408,0
26.721415716970405,25.767192722562676,0.9542229944077292,0
15.698261838225376,15.38049488994726,0.31776694827811625,0
17.677454958513053,19.361402852581882,1.6839478940688295,0
30.795509757740447,29.992787847781667,0.8027219099587803,0
22.24654670183024,20.30840121370764,1.9381454881226006,0
25.98684653471126,27.00918702162455,1.0223404869132935,0
16.903810822566555,18.75795477958035,1.8541439570137932,0
23.49600774897021,23.12067596754692,0.3753317814232915,0
7.581454741287325,8.20135044680847,0.619895705521146,0
22.015010302999226,20.559736288097668,1.4552740149015584,0
13.978543001024754,15.369234751782093,1.3906917507573393,0
16.596918759150405,16.621412811988225,0.024494052837820135,0
32.57214537840589,34.44787935690041,1.875733978494516,0
19.246230038847962,18.344535553864002,0.9016944849839597,0
31.995742475231182,29.88783108273187,2.107911392499311,0
15.357273802394369,16.35790340487261,1.0006296024782397,0
22.333334235175318,21.868135599700224,0.4651986354750939,0
5.766377145486197,3.7575431094023197,2.008834036083877,0
18.995892945387958,17.317597897783855,1.6782950476041023,0
10.358350528570226,10.243391443042125,0.11495908552810086,0
11.862836535656559,9.636462939559589,2.2263735960969697,0
29.803709155256477,24.76101916974114,5.042689985515338,1
22.612830932503385,23.323375593525554,0.7105446610221691,0
27.434507488818596,28.60685118372742,1.1723436949088253,0
34.00317538881506,34.87893019330282,0.8757548044877623,0
23.447734889981895,23.310912001373527,0.13682288860836778,0
27.277146549717404,29.46957511977763,2.192428570060226,0
14.247350271710754,18.965959285703427,4.718609013992673,0
5.655587214596039,5.87405149262986,0.21846427803382085,0
33.58353012040432,35.4304072982488,1.8468771778444832,0
20.112256481947917,19.85619818383753,0.2560582981103856,0
13.048310125465397,12.078346192603927,0.9699639328614698,0
14.906586068542754,14.544727831833248,0.3618582367095069,0
13.71491546650256,9.427392039061267,4.287523427441293,0
13.257202819854541,6.8685317548912845,6.3886710649632565,1
9.019893843588322,6.633450891070863,2.3864429525174593,0
5.248497732062974,4.229422116288202,1.0190756157747725,0
17.472158265623538,17.39799314387314,0.07416512175039713,0
32.915560179719705,32.45527645075472,0.46028372896498837,0
7.0501259161799,5.976792047430462,1.0733338687494385,0
27.55543497576593,31.403810674167207,3.848375698401277,0
18.77192097331784,15.669628420093087,3.1022925532247534,0
29.260980441319454,24.550913173214703,4.710067268104751,0
15.770273438194947,18.050194457630177,2.27992101943523,0
22.97108743807707,23.457572045863415,0.4864846077863447,0
33.68338664683951,35.953967238946106,2.2705805921065974,0
9.376415645508429,9.515684831149965,0.13926918564153645,0
14.625462709071497,15.282208061879317,0.6567453528078193,0
29.43071784543266,29.180444605410393,0.2502732400222669,0
19.29626797485631,19.229594151941047,0.0666738229152628,0
13.799591238427972,11.70555199243196,2.0940392459960115,0
33.07843273450722,33.78120390170494,0.7027711671977244,0
23.500060043767043,25.24340103720191,1.7433409934348667,0
25.347990053936613,26.36374386785731,1.0157538139206963,0
18.781694202589268,19.520042909589588,0.7383487070003198,0
6.7350394827336775,4.727849044936472,2.007190437797205,0
20.2347064904763,22.253432356475507,2.0187258659992082,0
9.27681370835676,8.423940151006885,0.8528735573498754,0
6.054326943248535,8.037340142980423,1.9830131997318876,0
29.77843404677343,29.374437393426366,0.4039966533470647,0
22.421621719848748,22.439754558164292,0.018132838315544575,0
28.15411061236001,27.176359313093755,0.9777512992662558,0
31.300482497237475,28.56841783778586,2.7320646594516163,0
30.421543537002933,30.23586198519709,0.18568155180584256,0
8.2759168858485,6.5351112736666686,1.7408056121818323,0
27.118646025704386,30.157274488249037,3.0386284625446507,0
11.51840846868976,11.934310497671435,0.41590202898167483,0
12.470319082287546,12.632207528341313,0.1618884460537675,0
24.625601203106445,24.449902178196165,0.1756990249102799,0
31.407730887346034,26.674844588192293,4.732886299153741,0
29.605143014431942,27.97362261432523,1.6315204001067123,0
18.020547273220963,18.508325090936225,0.4877778177152621,0
29.175807522353196,27.20598913379864,1.9698183885545575,0
12.29439598968224,11.141737437261254,1.152658552420986,0
18.421507475526553,16.521004387837536,1.9005030876890174,0
28.0383161723814,31.57485207764247,3.5365359052610685,0
5.5011893463243275,5.980877170898804,0.47968782457447645,0
20.52227466602463,19.81073013128169,0.7115445347429379,0
15.634675063519532,13.647317804283835,1.9873572592356972,0
33.99136922544109,34.63095618972597,0.6395869642848808,0
29.49975135229251,28.60715178049074,0.892599571801771,0
17.07185348897592,20.372478042790068,3.300624553814149,0
6.723974545495689,5.339163985583876,1.3848105599118128,0
15.003061020251035,15.79903322388528,0.7959722036342445,0
24.28546279948975,25.365616071693232,1.0801532722034821,0
24.597331524188558,25.82921631475756,1.2318847905690014,0
28.044721660794988,28.71564021599808,0.670918555203091,0
13.518111276770433,13.637640709599475,0.11952943282904194,0
34.90612116026339,33.35059222241865,1.5555289378447412,0
9.033367341227358,5.719359467840041,3.3140078733873164,0
15.216281095151633,15.302285234109167,0.08600413895753434,0
13.778738509184334,11.270063623769667,2.508674885414667,0
25.20548111298613,24.89404840221611,0.31143271077002055,0
25.968429928544367,26.289072485196176,0.3206425566518085,0
21.319122744413363,23.205259428940117,1.886136684526754,0
15.9998070887803,14.322294448262886,1.6775126405174134,0
17.361142979701867,17.713294689744902,0.35215171004303514,0
32.831209171965384,34.14367174473673,1.312462572771345,0
11.506389587670537,11.641287368068165,0.1348977803976279,0
28.70595690551037,32.84746416343254,4.1415072579221714,0
11.473344358675277,10.931342798524685,0.5420015601505916,0
19.324708281261575,18.94856541831573,0.3761428629458443,0
5.823006220769339,9.852433780025212,4.029427559255873,0
34.28896104826124,35.077120795239864,0.7881597469786215,0
7.276116402802413,8.731823567820912,1.4557071650184996,0
20.72305821672019,22.4276163690435,1.7045581523233082,0
15.286360031668355,13.620986016072646,1.6653740155957095,0
14.181739556421395,12.474682351236364,1.7070572051850306,0
18.174075217238958,18.784103035121262,0.6100278178823046,0
34.702581625909446,33.604499386919514,1.0980822389899316,0
26.697249138186855,26.803223978290326,0.10597484010347102,0
32.395449920439326,32.789461502476165,0.39401158203683906,0
28.777433730072804,26.921733033243658,1.855700696829146,0
30.958906100530324,29.517301404959746,1.4416046955705788,0
19.775277085610394,22.982251190001104,3.20697410439071,0
23.296914689390086,24.535047367478384,1.2381326780882986,0
22.11050628358044,20.993154660469177,1.1173516231112615,0
17.61133932259333,20.17489120646315,2.5635518838698204,0
10.557117925098911,12.101990030033555,1.5448721049346439,0
30.16692693993261,31.59115374648364,1.424226806551033,0
33.6768930755318,29.512198558575435,4.1646945169563665,0
12.105574405872474,8.036039741877358,4.069534663995116,0
7.245153954334834,2.3958304462425657,4.849323508092268,0
18.353241707441697,18.77754459962008,0.4243028921783818,0
6.950020862097608,5.6182261172549985,1.3317947448426093,0
33.23173726754763,30.755741724142133,2.475995543405496,0
5.729783168841978,5.715615081935262,0.014168086906716226,0
18.40551998587958,16.88138676392222,1.52413322195736,0
16.098632189823974,15.447990545520287,0.6506416443036862,0
27.989946546374814,28.568704489421457,0.578757943046643,0
15.852555641188435,17.12587949768894,1.2733238565005038,0
26.542841382321416,27.185130445329246,0.64228906300783,0
28.554134058225543,27.37593753791675,1.1781965203087914,0
32.849526189274194,29.580643802911943,3.2688823863622503,0
28.077175432613924,24.099837323376757,3.9773381092371665,0
34.93849910674841,34.27418172167799,0.6643173850704187,0
20.717037737771836,19.57742660353179,1.1396111342400452,0
22.463124543900797,20.58800008989923,1.8751244540015684,0
18.547740137146278,19.4206497559898,0.8729096188435221,0
9.635888106296058,9.529740916824508,0.10614718947154955,0
34.27904596867995,37.97120590501234,3.692159936332388,0
25.416455027068935,25.520683807809796,0.10422878074086128,0
30.42733673622671,31.074491140580427,0.6471544043537172,0
14.680509682404624,14.56508743465992,0.11542224774470355,0
19.522675537157333,16.829516054305124,2.6931594828522094,0
25.376057555890796,26.077200970393978,0.7011434145031821,0
26.740470878397435,30.606914405037244,3.8664435266398094,0
25.60205850844795,25.576964923143215,0.02509358530473449,0
21.225583250949516,18.384211310788686,2.8413719401608297,0
29.05943606591334,32.15545700379405,3.0960209378807093,0
28.895322353517326,27.60736549506062,1.287956858456706,0
21.380124430226918,20.836311002988428,0.54381342723849,0
17.85470963173367,23.549506093444748,5.6947964617110785,1
16.93093232599845,19.45069057461029,2.51975824861184,0
29.737499816908443,28.910719955664916,0.8267798612435264,0
7.817370110448768,8.281694806526811,0.4643246960780436,0
15.341549527378586,12.71589074288263,2.625658784495956,0
32.59255106122272,32.757497245729525,0.1649461845068032,0
16.571694495026822,22.171722447132005,5.600027952105183,1
14.294751043484993,16.425724721267922,2.1309736777829293,0
13.23258489486584,10.501241978941579,2.7313429159242606,0
6.085942938162582,6.292608089572533,0.20666515140995134,0
13.708351672755104,12.311430621129825,1.396921051625279,0
25.016781149179156,29.13641196878241,4.119630819603255,0
25.36180998102528,24.247639145612563,1.1141708354127182,0
9.085709813568515,7.396606202087422,1.6891036114810936,0
8.98750699466741,13.373453132187763,4.385946137520353,0
8.885110562849878,6.171005755295581,2.714104807554297,0
11.638870509941057,8.706104928662603,2.9327655812784545,0
20.461503570611843,21.843279882950853,1.38177631233901,0
14.182618686918953,13.310996414849942,0.8716222720690112,0
23.11250789259672,22.33077284638625,0.7817350462104713,0
32.993618100381696,32.68672782108517,0.3068902792965247,0
18.938029202803516,17.60117059082272,1.336858611980798,0
29.541517528085073,25.39661215536477,4.144905372720302,0
19.732368293786756,17.14882185601279,2.5835464377739648,0
34.294308264365114,32.06987475438642,2.224433509978695,0
20.500500996537383,21.829698673007623,1.3291976764702405,0
26.636644718270876,28.6988903807779,2.0622456625070242,0
27.058086635472,30.50961221599638,3.451525580524379,0
7.366084268767503,6.8475613477330395,0.5185229210344637,0
16.123640316838134,13.857301893975038,2.2663384228630967,0
13.632435661084664,12.595977268543495,1.036458392541169,0
31.392734216184447,33.225449375288136,1.8327151591036888,0
34.98634434769312,36.24959175382037,1.263247406127249,0
29.91824278856323,29.474732307579334,0.4435104809838961,0
11.378164695439473,12.088418732295567,0.7102540368560941,0
5.336445212389594,5.225960120228559,0.11048509216103497,0
25.20921401067544,21.94429683149308,3.2649171791823584,0
5.076680013835043,5.395778055155582,0.3190980413205393,0
31.24520741031128,29.256056980950586,1.989150429360695,0
14.345763209708423,14.893974680668014,0.5482114709595916,0
34.65511201461578,34.04509391539824,0.610018099217541,0
16.364423450881876,18.693406438427594,2.328982987545718,0
27.243674965311094,26.046335199509656,1.1973397658014377,0
20.415876429071503,17.679227755851926,2.7366486732195767,0
20.622252140622376,21.21893895315603,0.5966868125336546,0
24.09874538768444,22.992552219929188,1.1061931677552508,0
30.86401807318038,29.840274169226635,1.0237439039537435,0
24.179682819145278,23.12088335450908,1.0587994646361985,0
19.896286677970565,22.095380327849952,2.199093649879387,0
8.145594144723866,8.124962669797204,0.020631474926661397,0
15.294368050541463,12.939694816132196,2.354673234409267,0
11.71747716181822,11.59344385291749,0.12403330890072972,0
11.446870901389762,11.765741393403383,0.3188704920136214,0
8.908754810337292,8.568966479088655,0.33978833124863783,0
32.33293531393177,31.429158864748715,0.9037764491830558,0
24.47144253411654,23.0963046919739,1.3751378421426423,0
5.604558791094516,6.850256889392424,1.2456980982979076,0
30.370981417340406,33.216504949238406,2.8455235318979994,0
6.839335544418661,7.857950142609316,1.0186145981906547,0
22.292328076774012,21.013467421177992,1.27886065559602,0
13.326417344046893,15.197842268417512,1.8714249243706185,0
19.41119511851184,21.977890464790573,2.566695346278731,0
14.602927062295612,17.213264163602005,2.610337101306394,0
18.077259018822087,18.106377049594258,0.02911803077217101,0
15.091804434942222,17.964199894917453,2.8723954599752304,0
16.08792766793226,15.212542639857377,0.8753850280748825,0
28.521029340467216,33.12235337819621,4.601324037728993,0
32.301089092541716,33.24560179620463,0.944512703662916,0
13.157973114523406,11.957365001614901,1.2006081129085047,0
25.55948690470542,25.497474774757553,0.06201212994786687,0
20.018380063306516,22.49676068461983,2.4783806213133133,0
16.205028893144718,18.560678070421897,2.3556491772771793,0
6.885849213006331,5.803399063412207,1.0824501495941243,0
7.795722176396919,8.4370945903163,0.6413724139193819,0
28.397577450590635,26.75885798896455,1.638719461626085,0
28.151505118782644,27.716603700026656,0.4349014187559881,0
26.142911226892295,27.806093276017844,1.663182049125549,0
12.291829813617696,10.006654357124852,2.285175456492844,0
21.92826062838597,19.06027971549262,2.8679809128933513,0
23.87455957750438,23.557866453870886,0.31669312363349533,0
12.963276045570298,13.537867971214215,0.5745919256439169,0
5.904427022763683,9.803800188114145,3.899373165350463,0
14.170990866396057,15.793947802903581,1.6229569365075243,0
34.747182881542045,32.49261987463196,2.2545630069100824,0
12.463517680374508,12.542720059050042,0.07920237867553404,0
5.534177096648877,3.8553886043306402,1.6787884923182368,0
15.176965447709213,16.414548944815675,1.2375834971064616,0
23.009083890193786,22.2565006629033,0.7525832272904864,0
7.4529958724535454,8.443883214745153,0.9908873422916074,0
7.62365373584273,4.37036322027053,3.2532905155722,0
23.911738082671384,23.002514734008756,0.9092233486626284,0
31.57621038423304,31.69081965844512,0.11460927421207856,0
5.548546422580955,7.229981529737289,1.681435107156334,0
14.441752896645871,14.967180385603468,0.5254274889575967,0
16.231185762876123,17.111085940449506,0.8799001775733828,0
28.210657767836732,26.39009429661577,1.8205634712209608,0
27.5790679349984,31.187166805546003,3.608098870547604,0
10.0731470612278,10.878736793310962,0.8055897320831615,0
22.338587540355345,21.845620141044233,0.49296739931111233,0
19.890897882670338,20.243813583302305,0.35291570063196787,0
7.921471340113041,7.080453864660472,0.8410174754525688,0
23.118377286777037,22.856462881280546,0.2619144054964906,0
8.649019476213507,10.503121628054924,1.854102151841417,0
25.182746501981203,25.578926592832143,0.3961800908509403,0
18.617789278363542,17.60258741236883,1.0152018659947117,0
17.21605106984801,14.90405750334461,2.3119935665034,0
20.647851924753585,19.069629950644128,1.5782219741094572,0
13.809114781400947,15.036333953817236,1.227219172416289,0
6.465753030063497,5.35086522616024,1.1148878039032573,0
17.408766218411586,21.01985437121264,3.611088152801056,0
24.773178388049825,23.369891564809812,1.4032868232400126,0
12.846028890197154,14.522717044969422,1.6766881547722683,0
6.314233585979341,6.950637680798173,0.6364040948188316,0
17.296889331182957,17.777361257475736,0.480471926292779,0
21.10695619865,19.637468476186626,1.4694877224633736,0
6.9605629829118065,7.46463246881325,0.5040694859014438,0
17.54705644565678,19.049571798200624,1.5025153525438455,0
28.814684653992774,28.21056170517752,0.604122948815256,0
5.53128077787745,6.83805914793197,1.30677837005452,0
23.049142932964113,23.583721595102634,0.5345786621385216,0
33.45197684447261,32.42914151319728,1.0228353312753313,0
17.653049078651335,17.20322239531099,0.44982668334034415,0
8.532607684003642,9.432611880652694,0.9000041966490517,0
26.86674315159539,25.24398462029052,1.6227585313048714,0
12.406771405265555,16.651935961893138,4.245164556627582,0
27.676261369854824,29.035470705394317,1.359209335539493,0
21.691656851690333,22.436953851006763,0.7452969993164302,0
19.900096650847814,18.513784752620154,1.3863118982276603,0
8.77099013841041,11.048106100702766,2.2771159622923562,0
22.736192136010676,22.971802476462933,0.23561034045225782,0
11.955555457337287,7.9573243545291295,3.998231102808157,0
20.156977875024317,22.27163002997998,2.114652154955664,0
11.62406654965857,12.223854067216545,0.5997875175579743,0
19.762130889961924,20.138147374754073,0.37601648479214944,0
26.798749365494288,28.60041096581551,1.8016616003212214,0
29.04578924089763,28.474015151442728,0.5717740894549017,0
31.563201691285194,29.403585204509454,2.1596164867757395,0
5.930730281923777,3.110716741338884,2.820013540584893,0
12.573823471564063,14.186827782056673,1.6130043104926095,0
6.137162369847059,5.725352256990429,0.41181011285662983,0
17.699056160466533,19.041850139621012,1.3427939791544787,0
19.514297569571944,16.647619636057602,2.8666779335143424,0
25.930655323542208,28.632170378137786,2.7015150545955784,0
20.90662877759953,20.414478916294417,0.49214986130511207,0
28.517195970092793,28.081135649435552,0.43606032065724065,0
26.422611626398325,26.581063241457368,0.15845161505904315,0
21.011441171134464,21.622855426715,0.6114142555805344,0
9.48191747279153,7.242707624284876,2.239209848506654,0
13.031290717938314,11.312191121308373,1.71909959662994,0
27.483258574286296,27.437781559980866,0.04547701430542972,0
29.035862389706182,28.94160822443778,0.0942541652684028,0
15.53068353862905,17.750701784208157,2.220018245579107,0
16.08763964910374,16.3785118105177,0.29087216141396155,0
16.57679214919235,17.48125403347364,0.9044618842812895,0
11.967321678265737,12.541058712435685,0.5737370341699481,0
24.10395949346295,24.57277888971144,0.46881939624849167,0
20.9759880024027,21.581720331745874,0.6057323293431729,0
8.429941874176993,6.588379719055608,1.8415621551213857,0
19.742119533895156,20.119978286318396,0.37785875242323996,0
31.29920945286022,33.88403804189581,2.5848285890355918,0
21.147480134995817,20.520520551505548,0.6269595834902688,0
14.17453173457448,15.73996051506499,1.5654287804905103,0
19.61122189965728,19.095806611197396,0.5154152884598844,0
20.852377860772165,19.16807995963073,1.6842979011414343,0
5.576434669418915,4.470273394451562,1.106161274967353,0
26.931015000802176,25.36035561620612,1.5706593845960555,0
19.51323545513304,21.38686909070209,1.8736336355690497,0
9.541974849131115,8.399630161397713,1.1423446877334023,0
32.788326738973396,29.968433215351304,2.819893523622092,0
34.636364594554195,34.669519314881605,0.03315472032740985,0
16.12693536249313,18.83608452132852,2.709149158835391,0
33.31518102627328,31.860936424373428,1.4542446018998518,0
20.510782198200552,21.899316530157662,1.3885343319571106,0
28.415537248024645,31.157653369127996,2.7421161211033507,0
24.551238693281032,25.247277127542443,0.6960384342614105,0
18.493822503820944,17.539001119015268,0.9548213848056761,0
21.744139450282855,21.33422201202743,0.4099174382554267,0
33.95860892746076,32.88529351382767,1.0733154136330896,0
6.003286962608802,7.449977909011376,1.4466909464025743,0
6.461056814763932,7.915474708381421,1.4544178936174887,0
13.769997945959885,10.411731994103713,3.358265951856172,0
11.347892307123228,11.394177351522972,0.04628504439974357,0
18.029304696544607,16.698889105268087,1.3304155912765196,0
8.031725752640074,3.576962232963785,4.454763519676289,0
30.43165479606064,31.347223102158082,0.9155683060974411,0
29.732914789686873,31.309951740162703,1.5770369504758293,0
31.192124526129117,29.274757033852435,1.9173674922766821,0
6.302506798990933,9.108486487499153,2.80597968850822,0
28.27600997588956,26.59155032069651,1.6844596551930522,0
17.548336054419977,13.765929545449364,3.782406508970613,0
10.531670178000029,9.400585716888996,1.1310844611110333,0
14.980931407993046,13.82190730280497,1.1590241051880756,0
33.98838586574065,35.80066688546916,1.812281019728509,0
21.9631514985086,21.945452637805065,0.017698860703536212,0
9.165879607728122,9.425568628736098,0.25968902100797564,0
25.328651764682103,22.719019471592205,2.6096322930898985,0
12.460764682667778,16.385544694569393,3.924780011901616,0
17.986369627367004,19.34556771773777,1.3591980903707643,0
6.38505492625677,8.57787485260334,2.19281992634657,0
24.90274347202212,22.101311744546493,2.8014317274756273,0
33.88719540908812,35.161499705694624,1.274304296606502,0
28.865366911500043,27.294698560643333,1.5706683508567103,0
21.273548513683746,21.107532386579443,0.16601612710430302,0
12.675979836636113,11.690682131122667,0.985297705513446,0
16.561707220201143,17.392021982455383,0.8303147622542397,0
29.043772571625755,28.07659570769623,0.9671768639295237,0
19.150671032633404,18.03977260628622,1.110898426347184,0
25.63930135092727,22.023569444862034,3.6157319060652355,0
19.537999883975417,18.409121622386877,1.1288782615885395,0
11.041244189161196,13.71483884830672,2.6735946591455235,0
19.04495889857099,21.83374869396578,2.7887897953947913,0
14.964040124018792,15.371290565622743,0.4072504416039511,0
26.839298827319315,25.89605878985324,0.9432400374660759,0
12.331215808066492,11.905898882605083,0.4253169254614093,0
34.80395233805749,35.721287316669546,0.9173349786120539,0
21.495091547531164,22.272885767665567,0.7777942201344032,0
28.790767472189447,29.892919734409872,1.1021522622204252,0
13.928152837486605,11.627592739622033,2.3005600978645724,0
26.719934331609487,26.890861184412977,0.17092685280348974,0
13.527307001798633,12.186371161789108,1.340935840009525,0
28.32454920961374,32.10267962234572,3.7781304127319792,0
31.543344582786872,29.42027306409508,2.1230715186917912,0
32.19648369383248,31.54879697289619,0.6476867209362851,0
9.541235723796717,8.156476529793698,1.3847591940030188,0
26.847883400789602,25.86105899831947,0.9868244024701305,0
16.13569522747936,17.788768566943425,1.6530733394640649,0
6.1965225778947115,5.062233743905818,1.1342888339888937,0
30.627236638288206,33.43220980460539,2.804973166317186,0
30.132183136400663,30.434241472821437,0.3020583364207745,0
21.313751074941635,19.426016505656033,1.8877345692856018,0
5.1634147396396735,3.2007581831070313,1.9626565565326421,0
16.032252528149478,14.334465874573555,1.697786653575923,0
25.88425469140903,27.10106967946236,1.2168149880533292,0
22.024162176877457,21.795072796743483,0.22908938013397417,0
10.442076077439069,12.25898999816838,1.816913920729311,0
25.811141077998943,26.993735542669768,1.1825944646708244,0
20.10448338823771,19.80192055383977,0.3025628343979392,0
33.237628746703095,31.775760468632253,1.4618682780708419,0
28.43931317768364,29.33618436899251,0.8968711913088683,0
33.427452346783724,34.179533229038675,0.7520808822549512,0
16.038515834767264,16.25646393094536,0.21794809617809463,0
8.267184471793314,5.405694830951414,2.8614896408419,0
10.128254578895243,10.060167490656383,0.06808708823886,0
15.702569886549844,14.707715452441763,0.9948544341080812,0
25.966435182658074,25.360643723360234,0.6057914592978406,0
10.923685240192555,11.95252503905757,1.0288397988650146,0
25.30447305587251,25.855425691048993,0.5509526351764826,0
25.77081142783756,24.369110360986515,1.4017010668510466,0
16.175977242345358,17.351919887929043,1.1759426455836852,0
5.948874165948727,6.823457386318417,0.8745832203696899,0
15.763248870570076,16.57178167003758,0.8085327994675051,0
32.19725984695903,30.95957575408644,1.2376840928725876,0
10.415315756282014,11.449263794708216,1.0339480384262014,0
17.51812058892815,19.26839375125006,1.7502731623219105,0
33.25552541065112,32.703762358138036,0.5517630525130812,0
33.16178341406567,31.987020023208032,1.1747633908576347,0
24.322453817470358,25.024634624160356,0.7021808066899986,0
16.525184995217856,13.162751169713005,3.3624338255048514,0
31.475897202737332,37.899487638041606,6.423590435304273,1
26.77546667805701,27.605374530606714,0.8299078525497023,0
14.38617356869926,10.64994407276765,3.7362294959316102,0
7.147060133681271,6.483988941442917,0.6630711922383545,0
10.68657594538559,11.381629914764375,0.6950539693787849,0
5.884886914841525,8.508471151790857,2.6235842369493323,0
11.408723264789234,11.988892358421381,0.5801690936321471,0
19.94716051796581,21.302025431489582,1.3548649135237731,0
20.383520366485442,18.36025039926653,2.023269967218912,0
31.510835218883273,31.812382330872257,0.30154711198898454,0
16.21854404782936,16.22980067300912,0.011256625179758117,0
34.37355234926991,35.67361652920248,1.3000641799325692,0
27.886529544301023,25.767780369160896,2.1187491751401275,0
20.066640375155657,20.46844910501828,0.4018087298626227,0
12.756848699348604,13.530570676929724,0.7737219775811202,0
21.575083486621356,20.519312304196067,1.0557711824252891,0
33.88419650829859,34.18844867925483,0.30425217095624646,0
6.060789168734731,3.455619207078319,2.605169961656412,0
19.341120204576747,20.338091239837404,0.9969710352606569,0
21.448707354600923,20.411647285990128,1.0370600686107956,0
15.261639824056475,11.466738486441324,3.7949013376151512,0
22.386400312252178,20.57414467309485,1.8122556391573283,0
33.61736100032199,34.00667205229577,0.38931105197377747,0
23.07462522280414,20.99702586787311,2.0775993549310314,0
6.039311763799615,2.0361869101438437,4.0031248536557715,0
19.704727092303713,21.57953861578005,1.8748115234763354,0
31.25993224472023,28.7949132892475,2.465018955472729,0
21.64852839489157,21.731124415586464,0.08259602069489347,0
20.515470880784633,20.157894722621116,0.35757615816351773,0
25.645839522137184,26.12853353696631,0.482694014829125,0
5.017005280122064,7.219375752438404,2.20237047231634,0
10.044329531286913,10.152498434426601,0.10816890313968841,0
28.11708721064815,30.83684692319804,2.7197597125498874,0
14.382509164624173,11.176919557427043,3.2055896071971297,0
27.017169727499656,25.708595753002967,1.3085739744966887,0
6.689363922658229,4.977489040638048,1.7118748820201812,0
17.551399176594426,18.023443582715064,0.4720444061206379,0
24.284597368195307,23.958899762885842,0.3256976053094647,0
30.0785110190845,29.25156559211081,0.8269454269736904,0
25.780751753110316,24.96689831734797,0.813853435762347,0
11.61186063248852,11.677361860294775,0.065501227806255,0
33.41926133003973,34.67832376722879,1.2590624371890584,0
15.92824005783634,17.22808515912452,1.2998451012881809,0
16.795578759652486,14.737836073952684,2.057742685699802,0
20.532406554119927,23.416097510233076,2.883690956113149,0
34.947496220935506,35.78483478681459,0.8373385658790866,0
34.014483358784304,34.56930153200279,0.5548181732184858,0
32.72038797014028,32.25497968887959,0.465408281260693,0
33.56381448221703,31.792095559663043,1.7717189225539904,0
17.749896864890637,15.528598505535737,2.2212983593549005,0
31.547139913136075,30.811917920258047,0.7352219928780279,0
5.724258916751276,6.121450061483757,0.3971911447324814,0
24.60652460600142,26.786328763229942,2.1798041572285207,0
16.56170404133681,14.000047483972615,2.561656557364195,0
34.00217392777356,34.903121996685314,0.9009480689117524,0
9.516747168933016,9.44881246998507,0.0679346989479459,0
7.631513482389415,9.014680896118291,1.3831674137288763,0
23.486040838495622,20.53644279896105,2.949598039534571,0
20.81333886250573,19.7582212074691,1.0551176550366321,0
24.22830838719814,24.834966155248004,0.6066577680498639,0
8.044091867605438,3.4082888553414223,4.635803012264016,0
5.081956841165032,7.4002110353349,2.318254194169868,0
15.613373851830554,12.910458268129947,2.702915583700607,0
6.196933303437088,2.846739105352741,3.3501941980843473,0
20.740511822792435,22.070705118118635,1.3301932953262003,0
16.029089179468826,16.386440796687594,0.35735161721876807,0
19.46930689534838,21.786341815446885,2.3170349200985036,0
33.63145372825107,33.15086196854672,0.4805917597043461,0
23.130746900158904,21.753296799472317,1.3774501006865876,0
23.73556991385158,23.96614653475941,0.23057662090782927,0
15.562039937984759,13.876715262828375,1.6853246751563837,0
11.491932942735904,10.311031746280742,1.180901196455162,0
32.49655458868453,30.05401751329682,2.442537075387712,0
5.2523133365127155,2.8641857555333448,2.3881275809793707,0
24.092920262758632,24.621132308948,0.5282120461893669,0
19.485031349788564,17.378751408182517,2.106279941606047,0
27.10259495343601,27.48741387816606,0.3848189247300482,0
19.0700561107528,18.480726880685076,0.589329230067726,0
7.729167122152726,9.2144160179403,1.4852488957875742,0
13.003975419480017,12.351758751025562,0.6522166684544555,0
25.448199700404196,25.638892381935644,0.19069268153144847,0
30.958359175302277,31.68043932002986,0.7220801447275811,0
11.942053228219017,9.420856937293326,2.5211962909256904,0
11.97471454789606,12.785649088405282,0.8109345405092228,0
27.014194156101375,27.86008387070321,0.8458897146018352,0
28.275288929346456,26.83548185733913,1.4398070720073264,0
32.268735391937916,35.14989095126864,2.881155559330722,0
14.90757983692667,13.653680812153658,1.2538990247730126,0
25.876699455363607,26.930518553308694,1.0538190979450874,0
29.663880778660538,31.15203465835736,1.4881538796968208,0
7.235472436036652,5.477711475808276,1.7577609602283761,0
26.841110150361697,28.881599833045122,2.0404896826834253,0
13.72451972001154,12.70126217782856,1.0232575421829786,0
26.61558114435226,27.660112602812255,1.0445314584599963,0
30.41081853861321,29.51344655048081,0.8973719881323987,0
29.3422250603308,29.702367699570175,0.36014263923937406,0
24.748520318939946,26.09851402811733,1.349993709177383,0
12.349869239377563,9.760192358439953,2.58967688093761,0
5.921780183728094,6.289573900344658,0.3677937166165641,0
26.83913391994721,27.001079996339183,0.161946076391974,0
14.072459557133051,12.941083885514985,1.1313756716180663,0
16.618986264167525,17.81121871297552,1.1922324488079958,0
33.130534573829394,30.746352824479654,2.3841817493497395,0
10.53092878026182,11.072755490504104,0.5418267102422831,0
11.114619314186337,9.580180294085483,1.5344390201008533,0
25.69048626284519,25.776303963975288,0.08581770113009668,0
5.061376665504174,3.7947600834553414,1.2666165820488322,0
18.286184495310604,14.650691833567972,3.6354926617426315,0
16.638433487203855,13.48238729548544,3.1560461917184153,0
29.251430478862645,28.47771846049731,0.7737120183653339,0
28.1784660103624,24.043764131957133,4.1347018784052665,0
28.00102703206494,27.95324999846485,0.047777033600088004,0
30.101978091182442,30.06165711583276,0.04032097534968315,0
13.294924850197441,11.154049674174676,2.1408751760227656,0
16.872567533785833,15.910835387016556,0.9617321467692772,0
16.282766427885775,15.3101130025357,0.9726534253500745,0
7.3522617100781895,6.9416392173937025,0.41062249268448703,0
16.520712049264972,15.86600803322482,0.6547040160401529,0
26.03883614556664,27.58715420856299,1.5483180629963478,0
15.110520251222681,15.49434015010039,0.38381989887770906,0
14.969133252953133,17.615670057663333,2.6465368047102,0
31.962760165577848,33.582572525253156,1.6198123596753078,0
13.425901622099484,15.15881837443981,1.7329167523403264,0
11.736784183842966,10.666104603611323,1.0706795802316424,0
31.65916149773622,32.518153270329165,0.8589917725929439,0
6.426696218413021,6.446398896187891,0.01970267777487056,0
24.022034201423946,25.500175632223577,1.4781414307996315,0
30.458723093877484,26.123308620426748,4.3354144734507365,0
29.808745098638955,28.867278115786654,0.941466982852301,0
34.9267949362061,34.52066716027704,0.4061277759290576,0
26.737260488150433,28.516000727969494,1.7787402398190615,0
23.79736265778562,25.37254196228788,1.5751793045022602,0
7.23235138370974,1.7293017068115821,5.503049676898158,1
16.922559010505836,15.176924204499745,1.745634806006091,0
6.70279023577829,7.912783042548045,1.2099928067697556,0
27.276804248863503,27.779906129173547,0.5031018803100444,0
31.937921269023605,33.28743666502232,1.349515395998715,0
5.757395966458092,7.443242175202485,1.685846208744393,0
20.15834836355849,20.731679903785672,0.5733315402271835,0
18.9544915215578,20.770302053463084,1.815810531905285,0
32.18652835471846,31.592168457689958,0.5943598970285038,0
29.631130031716232,29.020615974263393,0.6105140574528392,0
15.483826892178367,15.598423874457712,0.11459698227934467,0
5.998225075268796,4.54804974170767,1.450175333561126,0
22.757024639057953,24.82264493849419,2.0656202994362367,0
21.73097310956387,19.8123108031317,1.918662306432168,0
34.537785270188294,33.3155052046853,1.2222800655029928,0
29.228825882939688,24.37823230703644,4.850593575903247,0
24.282458588953556,23.069717153742424,1.2127414352111323,0
7.2449746277474105,7.444070208787385,0.19909558103997416,0
18.68099112910783,17.47335427454218,1.2076368545656493,0
15.966939373863623,16.2471220471867,0.2801826733230772,0
12.555145482586049,14.696806262122152,2.141660779536103,0
24.48331086454645,22.460943998879134,2.0223668656673155,0
19.74288865048638,18.202044129615572,1.540844520870806,0
14.697327712425295,16.813298600204867,2.1159708877795715,0
34.27022350973843,34.779976686707485,0.5097531769690562,0
9.315914006899696,7.773709140052924,1.542204866846772,0
23.541225506889717,24.246276178291286,0.705050671401569,0
21.57321223560044,20.30138107201549,1.2718311635849489,0
13.811908105145143,10.764274480696095,3.0476336244490483,0
21.46920661897223,20.93604462849704,0.5331619904751896,0
32.51717708207607,31.287197814532195,1.2299792675438717,0
29.190126492299584,29.74913480532215,0.5590083130225665,0
22.643447056696978,21.346504137666876,1.2969429190301014,0
22.86148299101963,21.63560095792348,1.225882033096152,0
34.487250991821746,36.51072506375874,2.0234740719369952,0
30.460063079598275,31.785109193063377,1.3250461134651026,0
25.72593292545896,22.385183067523858,3.3407498579351014,0
5.477736304299512,7.795788083768855,2.318051779469343,0
14.534451309550393,15.464645824108885,0.930194514558492,0
11.227258255239772,11.910926543405,0.6836682881652276,0
10.088953793838751,6.963315553682443,3.1256382401563085,0
24.113383817905913,23.673613102961063,0.4397707149448493,0
12.214114131305045,12.039642249655493,0.17447188164955207,0
28.330311931707357,31.72197584433792,3.3916639126305625,0
33.256530691841576,33.02482759982869,0.23170309201288575,0
16.386280622834157,16.049799219359542,0.33648140347461464,0
26.833788750887745,27.563106761887248,0.7293180109995028,0
33.76266559163509,36.92489791811444,3.162232326479348,0
9.054059370768709,8.811780805342927,0.24227856542578152,0
14.586940995461282,11.781743516713439,2.805197478747843,0
23.140726291785064,22.03985876201799,1.1008675297670756,0
9.714790341355648,13.012473196639714,3.297682855284066,0
22.089211988079676,22.743223144375147,0.6540111562954714,0
33.21683202012532,32.0566810705199,1.1601509496054163,0
15.037621369823185,14.999993918884334,0.037627450938851226,0
21.152860182517642,21.48653094252769,0.3336707600100475,0
7.032179217055605,8.672919637311868,1.6407404202562628,0
27.194397427141112,29.27139401325646,2.0769965861153494,0
21.262122477641796,20.467343224439432,0.7947792532023641,0
28.5757764203399,29.893610330841756,1.3178339105018573,0
9.888113100280538,6.886530532841787,3.001582567438751,0
12.331728777707903,10.318971586502418,2.012757191205486,0
32.01086173256203,30.320484444595404,1.6903772879666228,0
16.231522334797702,16.54706656341626,0.31554422861855613,0
15.82122055392147,15.693381336973676,0.12783921694779465,0
5.264399936335167,5.523062188363947,0.25866225202878024,0
33.86033252640199,33.98742991570352,0.12709738930153236,0
20.903023886476984,17.76997022517415,3.133053661302835,0
15.945159666072493,15.383557077620639,0.561602588451855,0
33.76732013324836,37.39549487677801,3.628174743529648,0
25.530263036368293,25.848828966556983,0.31856593018869006,0
11.864593167533865,11.80637636538673,0.05821680214713432,0
33.158408836293866,32.456111081265185,0.7022977550286811,0
6.0885529508651555,5.570331038333593,0.5182219125315628,0
7.152541515212127,2.2821868006707655,4.870354714541362,0
24.147370540202566,22.880471982978523,1.2668985572240423,0
14.031170932085717,14.033832563337821,0.0026616312521046126,0
32.610434956190076,35.70169586495485,3.0912609087647738,0
29.293454711722383,27.673802964768726,1.6196517469536573,0
11.577193495852269,11.592295828297388,0.01510233244511916,0
8.498398411345915,8.311224713727828,0.18717369761808733,0
26.4565915761171,24.467090377685366,1.9895011984317321,0
9.862510423770757,6.148378767591667,3.7141316561790907,0
25.44721411854908,28.815695885126786,3.3684817665777054,0
15.431465233303332,14.479739637921371,0.9517255953819603,0
8.705245667262531,10.555550757016254,1.8503050897537232,0
34.960721692398394,34.34617612234081,0.6145455700575866,0
19.619216070000952,22.703924905164197,3.0847088351632443,0
21.343436231718567,19.36504543184769,1.9783907998708763,0
28.973126384025427,27.99668359720097,0.9764427868244567,0
17.260511525309962,15.287183319575137,1.9733282057348251,0
13.156523478849472,11.4263004845648,1.7302229942846719,0
12.64959020467547,11.281152445298757,1.3684377593767127,0
17.512580433709857,18.24215462683566,0.7295741931258029,0
26.938327596456155,28.797275708121376,1.858948111665221,0
15.738918855016786,14.19627944676508,1.5426394082517056,0
27.06952322780353,24.062917330068345,3.0066058977351844,0
25.740053042104226,25.665026375463,0.07502666664122515,0
18.783858339759185,18.810248312946463,0.026389973187278315,0
28.848073705502767,26.834220059766896,2.013853645735871,0
28.261025999520648,30.52279496810339,2.261768968582743,0
30.850707799724958,35.015672287989034,4.164964488264076,0
30.55057596105432,30.61855044855477,0.06797448750045021,0
18.04847719187419,17.064426506597993,0.9840506852761983,0
18.872347573293272,17.548147007612755,1.324200565680517,0
8.560303703918944,10.840925745008779,2.280622041089835,0
12.006074259450326,8.808675544487802,3.1973987149625245,0
30.37677389660941,29.759225419503384,0.6175484771060269,0
19.75323246219354,20.663577284287292,0.9103448220937516,0
13.561916887790183,11.643178008512306,1.9187388792778766,0
20.920551177783302,20.38131609811912,0.5392350796641807,0
22.781123146596634,22.478371819479637,0.30275132711699726,0
31.598968127693954,32.521056154143416,0.9220880264494618,0
33.265355805570536,33.34452065240262,0.0791648468320858,0
31.47230744916152,33.582486709010325,2.110179259848806,0
17.170410011013,19.14675981446087,1.9763498034478708,0
33.61231226011543,37.69654927847611,4.084237018360682,0
6.848005786760897,10.090115257586808,3.242109470825911,0
21.897412442848374,20.542385490963312,1.355026951885062,0
15.566779644737032,13.973386626596868,1.5933930181401639,0
27.412100906289734,24.518187252743953,2.8939136535457806,0
21.688451680842704,19.564716690292496,2.123734990550208,0
10.94722007644313,11.772595158450706,0.8253750820075751,0
34.64588843650127,34.544656750746285,0.10123168575498198,0
12.20346695964591,13.55806152423705,1.3545945645911406,0
24.439438305176935,23.881836421685733,0.557601883491202,0
29.280017317351888,28.986388556644084,0.2936287607078043,0
27.858927000745503,27.296392474262856,0.5625345264826471,0
20.478375016166247,20.493624882280272,0.015249866114025679,0
10.192131680932722,9.50804190375859,0.6840897771741314,0
33.916322032232614,35.18396192058866,1.2676398883560438,0
32.802053852876014,31.553479926827848,1.2485739260481665,0
14.05577525669813,11.679298366992908,2.3764768897052218,0
27.54951710012566,29.72078244952295,2.1712653493972915,0
31.55821672339898,32.887419509312814,1.3292027859138322,0
11.080568645897516,12.407382814113094,1.3268141682155772,0
15.009206680837679,11.32484467418757,3.684362006650108,0
32.542434387152696,31.02804554628314,1.5143888408695574,0
27.67251698267247,27.598589653345904,0.07392732932656543,0
32.01483496813749,34.397753554386355,2.382918586248863,0
31.946751177225885,31.496746751589235,0.45000442563664933,0
19.534904036163923,17.020584271138393,2.5143197650255296,0
8.269388331624027,4.366662873588201,3.9027254580358264,0
5.578139896174008,5.050891832333394,0.5272480638406138,0
34.40030036880238,35.04409239548955,0.6437920266871728,0
14.19245519583453,18.958372265054205,4.765917069219675,0
10.711447184035734,9.573936812560246,1.1375103714754875,0
6.970571803646262,4.361341738394532,2.6092300652517304,0
21.569806861089447,20.567239162840306,1.0025676982491412,0
30.56097168951262,27.6533116431998,2.90766004631282,0
20.34751972511683,16.00730354542296,4.3402161796938685,0
19.239478146128256,17.704315293447813,1.5351628526804433,0
6.730283065782383,5.507465761685763,1.22281730409662,0
5.5416565321499185,4.469066492114571,1.0725900400353474,0
24.101563310395772,23.48119509651412,0.6203682138816511,0
24.24366841446852,23.54170791170733,0.7019605027611888,0
34.64881269738966,29.897000529652523,4.751812167737135,0
11.781881947432947,13.251367869861378,1.4694859224284311,0
7.433049525906908,6.845693592256558,0.5873559336503495,0
33.324501599337594,32.07518850513817,1.2493130941994224,0
21.927022485729978,22.952210017943656,1.0251875322136783,0
5.899520071957268,7.854397328787117,1.9548772568298496,0
22.74532663887572,25.14972059480587,2.40439395593015,0
22.785790268250768,24.176756425384546,1.3909661571337786,0
5.069122612944317,5.766121178444927,0.6969985655006106,0
22.27747846615845,20.656431832557228,1.621046633601221,0
27.374869193753895,26.695919157387717,0.678950036366178,0
9.95752548894587,12.36913619162129,2.4116107026754197,0
11.54951690924803,12.079020499087024,0.5295035898389937,0
5.409018193002043,7.143641210450475,1.734623017448432,0
5.550009600904032,4.523279503881639,1.0267300970223925,0
8.089482562851412,9.11206170594702,1.0225791430956086,0
12.66644233532475,13.975904372984841,1.3094620376600918,0
9.969997110171489,6.2703003024369925,3.6996968077344965,0
23.949277754590334,24.999471640291613,1.0501938857012796,0
10.139118184592483,10.060642368824606,0.07847581576787732,0
34.679086645622505,32.37086575620359,2.3082208894189122,0
6.930366638991491,9.11629243196953,2.185925792978039,0
20.102779304150324,20.997527547266497,0.8947482431161724,0
14.768340774342745,13.07635351038644,1.691987263956305,0
29.666091025930402,26.7763067611856,2.889784264744801,0
25.873435534763857,29.48299027727694,3.609554742513083,0
8.647804923144468,7.908348098857626,0.739456824286842,0
26.823027143082392,24.24762186664886,2.575405276433532,0
27.530082391468195,26.0821190663199,1.4479633251482937,0
31.13903150765881,33.01265354781794,1.8736220401591304,0
12.119711700727446,11.928281660723034,0.19143004000441266,0
13.00052507346303,16.02415594562656,3.0236308721635297,0
20.47438623226121,18.760918980311587,1.7134672519496235,0
31.423379521535544,30.714500290277595,0.7088792312579493,0
6.470461601698975,6.678210446961001,0.2077488452620253,0
21.108501516346784,27.31297741087807,6.204475894531285,1
19.56296174988207,21.31105174786549,1.7480899979834206,0
9.203200075274506,10.407506354880883,1.204306279606378,0
11.420220382840515,8.300440190782805,3.1197801920577106,0
13.769722050276346,7.6679663878233955,6.101755662452951,1
9.936441125356179,9.35050976549103,0.5859313598651497,0
33.074448653231535,33.01278807729647,0.0616605759350648,0
23.866596667915204,24.378130009190247,0.5115333412750438,0
8.298526818428714,7.491488419648966,0.8070383987797483,0
33.55432661515715,34.22573350305802,0.671406887900865,0
7.847854332237011,10.484876351932774,2.637022019695763,0
17.439540916172355,20.638347018949315,3.1988061027769596,0
7.063249059575733,9.84762875169734,2.7843796921216066,0
27.743518026992454,27.545194878198092,0.19832314879436197,0
17.31919665434132,14.952349191606755,2.3668474627345635,0
31.697235222946766,35.749778422735,4.052543199788232,0
25.897989309508095,23.65039608754196,2.2475932219661345,0
29.854647598270187,29.568219767490927,0.28642783077926026,0
33.18184931686217,33.05666414875806,0.1251851681041103,0
12.79701099813134,8.382216822457583,4.414794175673757,0
20.585627063508475,16.838430856988744,3.7471962065197317,0
28.61882260090831,26.458675060246428,2.1601475406618817,0
14.4503475749627,14.876357987710318,0.4260104127476172,0
21.956348263400475,24.107785224149445,2.1514369607489705,0
27.2864307383937,26.005508406636203,1.2809223317574983,0
13.104731608516152,12.050008537953007,1.0547230705631456,0
24.976488476079783,25.40329052355731,0.42680204747752626,0
18.96409423356886,19.02128699874441,0.057192765175550164,0
24.96161277938511,26.22738305296459,1.2657702735794807,0
16.081877001926287,15.810568137403493,0.2713088645227941,0
22.286584535842554,22.820514132854687,0.5339295970121327,0
16.674628154680853,14.201214038947523,2.4734141157333305,0
8.802912214473064,10.055828337109713,1.2529161226366483,0
23.267796474763824,26.189210323203326,2.921413848439503,0
19.929567305172263,21.32050800616532,1.3909407009930561,0
7.690966980092801,7.3971832083849485,0.29378377170785264,0
6.21904788839762,7.354220739085755,1.135172850688135,0
12.695035262426728,12.559140051562476,0.13589521086425194,0
6.0693918859574065,4.062668379149629,2.006723506807777,0
30.924785356700863,34.95243741986819,4.027652063167327,0
29.21730761290491,30.846419746217023,1.6291121333121126,0
27.744904921312486,29.968326726466934,2.223421805154448,0
8.826289133882014,7.432878557368721,1.3934105765132934,0
12.631924905711962,6.823562048260514,5.808362857451448,1
16.816352560331914,15.894093247790233,0.9222593125416818,0
31.675001200932655,32.42295216872049,0.7479509677878369,0
7.55173172587137,6.5713002918611965,0.9804314340101739,0
6.062521690562566,7.772297368242273,1.7097756776797075,0
13.628643724675127,11.802988132770016,1.825655591905111,0
7.8169722608758185,8.130293529323792,0.31332126844797337,0
32.73466293624872,34.60118253496299,1.8665195987142695,0
25.55574150420927,27.884309287286115,2.3285677830768456,0
6.50615064380243,3.9260094662588605,2.5801411775435694,0
15.489290006996185,11.827014017570752,3.6622759894254333,0
23.51400045754528,21.76877115767152,1.7452292998737597,0
10.647953220628228,11.227441689331075,0.5794884687028468,0
13.655510043370704,12.865837160826231,0.7896728825444725,0
5.008824584807881,2.478625230525863,2.530199354282018,0
16.5879405631789,14.87575042116303,1.7121901420158707,0
11.795445171945843,11.812581018215056,0.017135846269212607,0
34.41531115315553,34.030713369111055,0.3845977840444732,0
22.709956296464227,21.159897237499493,1.5500590589647345,0
13.614955983791772,11.208028605977633,2.4069273778141387,0
31.387762829081996,32.294605609996374,0.9068427809143778,0
17.359292053656393,16.456472965957627,0.9028190876987665,0
32.33002156877109,32.08061695037253,0.24940461839855743,0
19.156483293062564,21.199494863015605,2.043011569953041,0
20.952369533318105,19.461119368334856,1.4912501649832492,0
18.354863947309923,16.492110227847913,1.8627537194620096,0
14.54084130123897,12.867474710551015,1.6733665906879551,0
20.912213069951306,20.246472769251845,0.6657403006994613,0
26.366176963581296,29.0316005009027,2.6654235373214057,0
27.660843832988736,29.11829660266244,1.4574527696737043,0
31.014361219344416,28.2346729098506,2.779688309493814,0
20.51691282084306,21.77399874921396,1.2570859283708984,0
16.087628304676286,18.834351296411327,2.746722991735041,0
10.211866353619797,7.351628796566205,2.8602375570535923,0
12.76280362540474,14.50552392701522,1.7427203016104809,0
23.217795936934742,22.767134811536703,0.4506611253980388,0
33.16649027700209,33.03522717437141,0.1312631026306832,0
20.999253484565315,19.656000170289698,1.3432533142756178,0
14.313960621684522,12.164300753118859,2.1496598685656636,0
17.293470389569606,18.55489664897961,1.2614262594100047,0
34.602416365205485,36.036815997644744,1.4343996324392592,0
29.238721817510076,30.58233569859359,1.3436138810835132,0
5.5446173665010345,8.054423154683862,2.5098057881828275,0
33.09971799732438,32.5258085001012,0.573909497223184,0
21.81987497410452,24.88181090800503,3.0619359339005108,0
31.322926913824702,31.89543093366065,0.5725040198359466,0
21.77438765865482,18.711649075399784,3.0627385832550367,0
23.696894855052115,23.877234319397967,0.18033946434585246,0
33.00349386623316,33.48703047634936,0.48353661011620375,0
34.84583855276405,39.366449868566335,4.5206113158022845,0
32.46228305920799,30.923914096494634,1.5383689627133563,0
15.9216064652846,17.937387648371896,2.015781183087295,0
23.811091018147113,21.697819434392727,2.1132715837543863,0
6.837464917479412,8.158042336704248,1.3205774192248363,0
17.410180740395404,23.127219401170247,5.717038660774843,1
20.47681192192082,17.952704841132324,2.5241070807884967,0
5.781093206182856,6.631218220837674,0.850125014654818,0
22.835616427119977,21.404867490981534,1.4307489361384427,0
23.025710878038012,24.704225771783783,1.6785148937457706,0
26.82343221628689,27.579552294624662,0.7561200783377728,0
19.924069934423585,21.39451968307157,1.4704497486479866,0
13.33470382838677,17.33918933453911,4.00448550615234,0
13.072055603199376,9.27128358237185,3.800772020827525,0
17.561866012868663,19.965623515959933,2.4037575030912706,0
16.300624139161734,17.48512519965401,1.184501060492277,0
13.204285826342966,12.342662422710678,0.8616234036322883,0
29.29631007826153,28.82877191883945,0.4675381594220802,0
9.99586095203513,8.558430408118484,1.437430543916646,0
10.553864639766473,12.014657384489933,1.4607927447234594,0
15.60223420744756,15.139069552487378,0.4631646549601829,0
5.3822308578549976,4.002243226085885,1.3799876317691124,0
32.32214155209117,32.65058068984097,0.32843913774980393,0
33.783923630749655,33.777289459969886,0.006634170779769022,0
33.39283180109099,33.965410735744456,0.572578934653464,0
7.994586220283822,11.45564031605483,3.461054095771007,0
33.02767779612944,33.66152439538425,0.6338465992548095,0
24.703415310632003,25.274682448130868,0.5712671374988645,0
13.79529976858239,13.945744325269697,0.15044455668730627,0
9.582866078734428,10.348975627713312,0.7661095489788838,0
10.468011485005144,10.454679542230823,0.013331942774321703,0
9.552270542122379,15.052281328402284,5.500010786279905,1
10.591542384862063,11.966531583148095,1.3749891982860323,0
10.309752958799862,10.267518524293498,0.04223443450636388,0
13.792458050157025,12.998627251522047,0.7938307986349784,0
20.652832627936842,21.53037580105808,0.8775431731212393,0
23.072097540436918,19.670920082320173,3.401177458116745,0
12.552629089490019,16.726987882361847,4.174358792871828,0
32.524253785919996,31.77945391892154,0.7447998669984557,0
32.881916036055536,32.798449514899474,0.0834665211560619,0
19.70791781471511,16.621420292940662,3.0864975217744473,0
32.24217424693012,35.509214066250074,3.2670398193199546,0
31.858481337452147,32.9422867116299,1.08380537417775,0
22.572786934924622,24.57076914649694,1.9979822115723174,0
15.782467592966995,15.524989608192667,0.2574779847743276,0
5.176727283687192,7.255628709921219,2.0789014262340277,0
10.333800500510973,13.297608526179783,2.9638080256688095,0
25.011461503253376,22.399775125827972,2.6116863774254035,0
11.795137222793546,9.479796633128162,2.315340589665384,0
21.60909441844467,21.92418406153759,0.31508964309292153,0
29.415389749580328,34.54113825419188,5.1257485046115505,1
29.711062092195213,31.123082078633175,1.4120199864379614,0
31.021514055589275,30.584082250397092,0.4374318051921833,0
27.16153845267914,24.03024569932393,3.1312927533552077,0
28.17774170793951,28.745658361903075,0.5679166539635645,0
32.101270946039804,34.562343263200205,2.4610723171604008,0
26.3860808194357,25.157087778149467,1.228993041286234,0
12.41329856723561,11.890573790132182,0.5227247771034289,0
19.877724644870465,20.653648116877555,0.77592347200709,0
14.409525862108021,12.72579822397985,1.68372763812817,0
13.170000883942791,13.988439581543348,0.8184386976005573,0
28.935694890035435,31.81153832397399,2.875843433938556,0
16.208314740633813,16.861840951783602,0.6535262111497886,0
31.779258428652444,30.155481620260304,1.6237768083921402,0
27.646560114818765,28.28817397501762,0.6416138601988557,0
13.979909384350426,11.930499290787619,2.0494100935628072,0
29.483507361016336,26.27722231685121,3.206285044165128,0
13.398011839965859,12.971561838284888,0.4264500016809709,0
14.582840280680314,17.611569189125696,3.028728908445382,0
24.339200801094208,24.313360751998324,0.025840049095883444,0
7.386661615459346,7.234404651308302,0.15225696415104384,0
5.959568921026181,6.9570760909496885,0.9975071699235079,0
22.44321830897337,20.147545228686106,2.2956730802872656,0
13.311884482931081,15.253210094958469,1.9413256120273878,0
29.57521735547331,29.548827354735515,0.02639000073779485,0
5.180558521430438,8.393131896551376,3.2125733751209378,0
29.177150496267842,32.07875950564149,2.901609009373651,0
6.178823286792456,3.9988080898296965,2.1800151969627595,0
21.42818860916646,20.009313253892447,1.4188753552740145,0
23.38265307973999,23.377181215055042,0.005471864684945871,0
11.804109526919078,8.066033339859525,3.738076187059553,0
10.692225636097746,11.210272136735853,0.518046500638107,0
7.625697495994759,5.835067360555149,1.79063013543961,0
21.35136932737838,19.99484562037347,1.3565237070049072,0
8.308470402551922,8.550417952682833,0.24194755013091118,0
17.90963737889644,18.40327828436853,0.4936409054720876,0
32.9420876116058,32.60017881992318,0.34190879168262,0
30.80608907567369,31.621219036135408,0.8151299604617179,0
33.68162095338516,31.691840706112252,1.9897802472729111,0
30.053569483852016,32.58176231946114,2.5281928356091257,0
7.729179844621421,7.556020843884018,0.1731590007374031,0
10.428916413317939,7.997376924113395,2.4315394892045443,0
27.736957265026454,34.09233726412494,6.3553799990984885,1
28.31044496402285,31.273872718663803,2.9634277546409535,0
18.009793782474606,22.07763132501647,4.067837542541863,0
9.503290033726365,12.623255176435894,3.1199651427095283,0
5.21684532745578,7.185268900169175,1.9684235727133954,0
11.937596765157975,14.611621058447097,2.674024293289122,0
26.42196380788054,23.786343258415314,2.6356205494652265,0
29.3776179792249,28.194693983372694,1.1829239958522066,0
22.109299737482463,25.032953357956718,2.923653620474255,0
11.199397087465936,16.112065860756026,4.91266877329009,0
29.237620194381268,28.570118045379946,0.6675021490013222,0
27.187913570030243,28.378789250607678,1.1908756805774345,0
25.515798232342995,22.692769559284482,2.823028673058513,0
5.919783288282014,6.005808863150829,0.08602557486881501,0
20.6042990666801,22.07912691747382,1.4748278507937194,0
17.97324012924111,17.854548752368373,0.11869137687273579,0
29.55584248255644,28.745592633359554,0.8102498491968859,0
12.33010177071721,11.92907050499048,0.4010312657267292,0
27.69986743925984,23.89280514664405,3.8070622926157895,0
7.665887207484908,8.387626499904034,0.7217392924191257,0
19.405520073599302,17.81041228765682,1.5951077859424814,0
17.325910544725808,18.980897244057324,1.6549866993315163,0
10.639582905922946,7.552146560730041,3.0874363451929057,0
18.01034754747039,13.859424469965088,4.1509230775053005,0
23.592568981337298,20.855961543224506,2.7366074381127916,0
5.44450294293533,1.0682990118735223,4.3762039310618075,0
18.448323336458788,19.283258724484575,0.8349353880257873,0
22.63548631249497,23.061316494994227,0.42583018249925786,0
24.475501677386173,24.64478301690914,0.16928133952296776,0
5.99286647105835,7.12411320046192,1.1312467294035704,0
21.31525760784221,21.139997299589528,0.1752603082526818,0
20.3211946098971,22.86074155137158,2.5395469414744802,0
7.7555652236873645,6.7752935742612435,0.980271649426121,0
17.82527490975365,17.835911905441172,0.01063699568752341,0
26.51316980493115,25.63964740019341,0.8735224047377379,0
26.82982612589407,26.4505473849005,0.37927874099356984,0
26.15947152795875,25.869203157673365,0.29026837028538566,0
29.055326171535306,26.176170502038943,2.879155669496363,0
16.538245780088523,21.180480919220305,4.642235139131781,0
12.863560309132975,12.729983311419485,0.1335769977134902,0
7.919850144615257,8.200229899064848,0.28037975444959073,0
13.73235125997706,14.429103685211372,0.6967524252343118,0
19.784678462386978,22.510057916608275,2.7253794542212972,0
31.80853353531497,31.46335695385716,0.34517658145781027,0
10.632631139511513,9.685754112434621,0.9468770270768925,0
19.713346772630526,21.487401575128978,1.7740548024984513,0
19.00594091453106,16.90464405002315,2.1012968645079084,0
30.665865409322606,30.73148695366095,0.06562154433834522,0
12.342564367829734,15.599385273676209,3.2568209058464745,0
9.960252358607304,7.555018749965555,2.4052336086417494,0
6.317243265262496,6.741375016248976,0.42413175098648015,0
29.73717110046491,27.81859673852825,1.9185743619366598,0
34.34704886898453,30.01547623184458,4.331572637139949,0
30.44319053603724,29.710658036769587,0.7325324992676521,0
29.12538659810577,30.064598272204645,0.9392116740988747,0
22.7135220686908,22.617984228542717,0.09553784014808286,0
33.311566663971064,31.47167075672806,1.8398959072430046,0
6.2336229174156,7.566379450627469,1.3327565332118692,0
8.689205048971175,8.272439650283474,0.41676539868770135,0
19.786046333088752,22.525223935586435,2.7391776024976835,0
15.490858554231952,11.634386306508727,3.856472247723225,0
28.10023018467922,33.3356377861099,5.23540760143068,1
34.65499102654864,36.84133920260129,2.186348176052647,0
5.4658846751904395,6.273095244802107,0.8072105696116676,0
28.595526719596393,29.135187763411032,0.5396610438146396,0
20.36481442005932,23.150851778067754,2.786037358008432,0
28.32570825909818,27.199915766644867,1.1257924924533143,0
26.61741668321037,24.55497995233531,2.06243673087506,0
13.732245251350905,16.826302275830773,3.094057024479868,0
30.068712466249735,28.368773763175675,1.6999387030740607,0
24.24615348784808,25.431834835608726,1.1856813477606458,0
13.230095344442297,12.620150005967705,0.6099453384745921,0
24.096638778554617,20.821536354732153,3.2751024238224637,0
16.115038820001253,14.724909474857144,1.3901293451441088,0
20.256591494834332,21.123569542726983,0.8669780478926512,0
19.43383664979884,21.455604455882657,2.0217678060838153,0
17.82952378488652,22.520018299746457,4.690494514859939,0
7.240515325127877,10.189434733733226,2.9489194086053487,0
25.755062895017588,25.199849755161544,0.5552131398560434,0
19.963809845343743,18.33721274652044,1.6265970988233036,0
34.045707484860344,33.867799484876784,0.17790799998356022,0
18.1311166711656,18.792618963998134,0.6615022928325338,0
32.53976956443929,33.39910832099647,0.8593387565571788,0
27.429052081514147,28.48395920915116,1.054907127637012,0
20.27815670695633,22.095641595691394,1.8174848887350628,0
10.80220113393338,13.060172854889043,2.2579717209556627,0
26.972092965575147,25.82908609602745,1.1430068695476976,0
26.253015723954192,28.69758979728853,2.444574073334337,0
13.071599298885388,13.70873833392388,0.6371390350384925,0
11.024765725527045,12.213366189471962,1.1886004639449173,0
22.196530009723713,22.550731990356486,0.354201980632773,0
30.20474535400703,27.106942617372127,3.097802736634904,0
12.056794017763368,11.47782838039337,0.578965637369997,0
23.750213634989493,24.724914904232776,0.9747012692432833,0
15.343753548619027,17.351792695407376,2.0080391467883487,0
15.80147873564429,16.583378446445625,0.7818997108013352,0
27.404437478402727,27.823593577633154,0.4191560992304275,0
18.446309462830364,17.780692124235433,0.6656173385949309,0
26.07740756892543,28.13365981767807,2.0562522487526387,0
12.899431614887243,8.343052523986596,4.556379090900647,0
20.98042799858952,22.46120667326931,1.4807786746797902,0
12.437246074945474,10.461962290308875,1.9752837846365985,0
14.91153278378125,13.039976653345029,1.8715561304362218,0
19.150077532193627,21.678708460545963,2.528630928352335,0
21.283596912139593,19.67336099590784,1.6102359162317548,0
33.23096237664434,33.427054536520274,0.19609215987593132,0
33.76112626208109,34.54247238259331,0.7813461205122181,0
32.89992670576801,32.58883295959694,0.31109374617106766,0
33.409687051941624,29.44994048293097,3.9597465690106546,0
20.666461298099406,22.228903003379006,1.5624417052795998,0
29.73108133534601,27.63327706533573,2.097804270010279,0
27.886258234480316,27.781072368499974,0.10518586598034219,0
12.476106320701348,11.61917258957264,0.8569337311287075,0
12.065909128467066,11.348211482015316,0.7176976464517502,0
17.816331090914254,13.96061482929668,3.855716261617573,0
21.59121399404099,19.497827661128834,2.093386332912157,0
29.159847917639624,32.38993153203642,3.230083614396797,0
6.118008293285152,5.972932435989015,0.14507585729613748,0
13.104720527521032,11.7807903881228,1.3239301393982323,0
26.91181549744372,27.180740956711887,0.2689254592681678,0
6.445802907829506,3.2285633526488313,3.217239555180675,0
31.460652249820026,33.39181000976981,1.9311577599497873,0
28.80288515793057,28.07683093268742,0.7260542252431499,0
29.282668142638737,28.449792274964597,0.8328758676741401,0
23.841541667450787,24.65378217632298,0.8122405088721933,0
17.37623721075325,20.321134932675584,2.9448977219223345,0
29.051326333053492,29.07902551554352,0.027699182490028562,0
33.92409593711556,36.19790199496069,2.2738060578451282,0
16.95895723630774,15.742973405695588,1.215983830612151,0
33.014058760970514,34.15934228265122,1.1452835216807031,0
18.13356477323442,17.704954762773013,0.428610010461405,0
13.021095946707009,12.095481071454179,0.9256148752528297,0
28.726523561592742,28.775209036124057,0.048685474531314554,0
31.976874775018963,29.443635535498164,2.5332392395207997,0
12.212655531988224,11.724185946839405,0.48846958514881855,0
22.06247558859406,20.66839103994688,1.3940845486471822,0
26.39345808279103,30.347549748785514,3.9540916659944827,0
34.43920525437255,38.5744796268291,4.13527437245655,0
31.194269498331483,33.96655129201755,2.7722817936860658,0
9.204052793981646,8.291494604614115,0.9125581893675303,0
5.173703412425011,3.770016822927344,1.4036865894976671,0
27.591532576130135,27.921349176507405,0.3298166003772707,0
5.169335790171696,2.7875492890561024,2.381786501115594,0
34.14965444385267,35.014873398217645,0.8652189543649769,0
23.928580721271302,25.364208510028313,1.4356277887570101,0
32.08232202797147,33.22962903849304,1.1473070105215655,0
28.086528058383788,25.16320207308371,2.923325985300078,0
17.32734963404719,16.9448706882381,0.3824789458090905,0
6.034293609915126,3.9959230360558595,2.038370573859267,0
22.636898187475847,19.645954476420012,2.9909437110558343,0
20.319037169497644,19.858036278474476,0.46100089102316844,0
26.678504410083796,28.69296687483057,2.0144624647467744,0
12.525905727963483,8.597869577289181,3.928036150674302,0
9.354785845007687,8.4815065731393,0.8732792718683875,0
14.486767822979106,15.452018731071997,0.9652509080928908,0
6.366153732869291,8.154616448927412,1.7884627160581203,0
25.04635801443172,25.14233537121812,0.09597735678639907,0
14.937119046346282,14.168166303448992,0.7689527428972909,0
25.886716772735145,29.237230142665386,3.3505133699302405,0
19.648928932942376,19.857538985687864,0.20861005274548816,0
18.38642634891925,19.032232495928156,0.6458061470089049,0
12.347267481050226,12.648001627763184,0.3007341467129585,0
28.856376719920313,28.285195007168905,0.5711817127514074,0
26.74919299624326,31.11974304098951,4.370550044746249,0
12.767252052102016,11.890707553723983,0.876544498378033,0
15.896450681542948,11.721531487923468,4.1749191936194805,0
28.68567240416669,29.63998673658954,0.9543143324228502,0
12.546101175348412,14.605842691421485,2.059741516073073,0
23.05498760978954,18.04393610410486,5.01105150568468,1
30.84975022627978,24.301912805043493,6.547837421236288,1
5.649723406149741,5.33270263864603,0.31702076750371155,0
14.171202178498083,12.041355897562775,2.1298462809353076,0
18.475589470992112,17.217639989516986,1.2579494814751264,0
8.844121680752897,7.472937856691586,1.371183824061311,0
30.57735351642639,31.029144916044523,0.4517913996181342,0
9.121962710048422,9.724043582374373,0.602080872325951,0
11.795798426218237,15.332220756346945,3.5364223301287083,0
32.96999912090368,34.316316102805246,1.3463169819015661,0
7.533255000125626,5.687916647282506,1.84533835284312,0
11.772165939750248,10.578502491716861,1.1936634480333872,0
28.28190926189078,33.231914323153234,4.950005061262452,0
30.94386500713208,31.74950511312196,0.8056401059898803,0
6.8783808200211904,8.460830253538294,1.5824494335171035,0
14.246114200875207,12.319351322492162,1.9267628783830446,0
12.783578886216006,14.670225050681207,1.8866461644652013,0
26.366101976150837,25.252952339776456,1.1131496363743807,0
30.77117026560351,32.60873888752546,1.8375686219219531,0
30.200082120257385,30.88838111167483,0.6882989914174438,0
34.23966220753775,35.458390671286736,1.2187284637489881,0
6.890753422176239,7.687167732160342,0.7964143099841028,0
21.558862905910694,18.512956951521982,3.0459059543887115,0
13.092998766114814,10.826793990497794,2.2662047756170196,0
11.318715284765235,12.962512317038207,1.643797032272973,0
6.747628293561265,9.428265561671212,2.6806372681099475,0
27.869287300238504,25.36611052877039,2.503176771468116,0
18.561708024159866,20.801038742312578,2.2393307181527113,0
26.936708955415366,28.920940592327337,1.9842316369119715,0
22.38583840844547,20.77896024484016,1.6068781636053089,0
22.960917901561487,20.9591192303952,2.001798671166288,0
19.75250124841615,21.161614103717582,1.4091128553014336,0
16.65102970351466,19.13129079630339,2.48026109278873,0
28.919291984988945,30.60506741826267,1.6857754332737258,0
14.974397913614402,17.194343899782325,2.2199459861679234,0
8.133891908866337,7.380904929538873,0.7529869793274644,0
26.653482860089813,26.936656455952384,0.2831735958625714,0
27.612631676789228,25.586732088686947,2.0258995881022805,0
18.64043257839748,18.46524519848808,0.17518737990939925,0
30.0071544040643,29.41744491202294,0.5897094920413579,0
27.161088956780407,26.23440321967544,0.9266857371049682,0
26.302761447657783,27.746431858729828,1.4436704110720449,0
8.7478716994025,7.299736940068108,1.4481347593343923,0
24.392946144936236,24.891018762085945,0.49807261714970963,0
20.22148243940177,21.710492252271628,1.4890098128698597,0
20.002268952718087,22.4981275829506,2.4958586302325116,0
16.591524619906846,16.980382073742717,0.3888574538358718,0
13.14881547312296,11.246058156545466,1.9027573165774943,0
21.914133138017696,21.871224317164287,0.04290882085340897,0
19.69359115114991,19.50946319993386,0.1841279512160483,0
27.190135745379003,26.036524147666306,1.1536115977126968,0
28.808308899431438,30.015962489317918,1.2076535898864798,0
17.608169058155966,19.54190804956894,1.933738991412973,0
23.7092520066455,25.68915023634741,1.9798982297019094,0
32.41847344145948,29.734753627003524,2.6837198144559586,0
14.10908321416996,13.539244427742675,0.5698387864272849,0
9.627425270900378,8.802660314545456,0.8247649563549224,0
10.593931690390221,6.447366764259373,4.146564926130848,0
21.90590295700589,20.07761048809855,1.828292468907339,0
32.41711022171404,31.787681056490754,0.6294291652232857,0
14.454587568760179,13.69166573730802,0.7629218314521591,0
29.587880046660704,30.836252861498856,1.2483728148381523,0
14.13196173132848,17.366224383965463,3.234262652636982,0
12.395094448024206,12.314941787941274,0.08015266008293231,0
15.325358446963978,19.59092091251534,4.265562465551362,0
34.79627032994986,32.35400932310873,2.442261006841136,0
22.929859239598986,24.212916766269398,1.2830575266704116,0
30.08757386622513,30.235052925916538,0.14747905969140618,0
28.635376193157906,25.856710119355235,2.778666073802672,0
32.35183511511248,33.79186129583849,1.440026180726008,0
15.76117392566264,17.56295672669437,1.801782801031731,0
32.84988579195607,32.31995069020013,0.5299351017559388,0
29.865311272460165,31.060988795976286,1.195677523516121,0
16.9577280594443,16.173544021904576,0.784184037539724,0
29.796377593925065,29.067622715658676,0.7287548782663897,0
5.265837638152497,2.6514871694603848,2.6143504686921126,0
15.914194901396119,13.355043127600371,2.5591517737957474,0
30.423446775183056,32.52463502428181,2.101188249098751,0
26.05594451605254,26.068705687517316,0.01276117146477418,0
14.211846095254353,13.903320621025369,0.30852547422898446,0
23.726935537256477,21.814292477762542,1.9126430594939343,0
29.339833532811255,30.69088112204879,1.3510475892375347,0
12.433453660808084,12.71428880307796,0.2808351422698756,0
13.476175708688904,12.230588092808363,1.2455876158805417,0
10.449653095769294,13.89378112586103,3.4441280300917363,0
16.95777220714264,18.32212706411111,1.3643548569684718,0
19.929521415710543,22.223862559045756,2.294341143335213,0
33.04465392960129,33.76637882367015,0.7217248940688634,0
18.16873819345288,16.332734342230182,1.8360038512226993,0
24.604014937935187,23.11662665816963,1.4873882797655575,0
25.32167625810586,23.734169878614267,1.5875063794915931,0
25.373387347503314,21.548936631727237,3.824450715776077,0
13.553585195576847,14.365118672128627,0.8115334765517801,0
11.326065615513336,11.198721005626687,0.12734460988664864,0
19.246545767730815,16.441744521654666,2.804801246076149,0
18.06549662283981,19.602350881012047,1.5368542581722373,0
26.966884064999448,23.382189099725025,3.584694965274423,0
7.916261197906459,4.566547419959785,3.3497137779466737,0
31.102593220825696,32.04284920730917,0.9402559864834714,0
28.470460750522708,26.446956263941896,2.023504486580812,0
18.400129555099195,17.657854757465426,0.7422747976337689,0
27.259480979871938,26.877059062662575,0.38242191720936347,0
5.230835422697115,5.138321275315718,0.0925141473813973,0
16.527286848503756,16.537611053567016,0.010324205063259484,0
16.939120273498723,11.9208174024877,5.018302871011024,1
26.322875512555676,23.141816927679507,3.181058584876169,0
8.180957683591812,6.319252540096556,1.8617051434952563,0
11.204609419567873,9.205224146468266,1.9993852730996071,0
16.558981072161274,16.644245336641852,0.08526426448057833,0
11.852720008782557,15.584110375357819,3.731390366575262,0
24.84828284928411,26.249871243186654,1.4015883939025429,0
10.932107170771706,9.751179714280457,1.1809274564912489,0
6.449134848414019,6.680535982354361,0.23140113394034234,0
26.012213207880258,25.240975822043374,0.7712373858368835,0
5.6543742142279765,5.326220998223745,0.32815321600423175,0
28.166871655866117,29.35249841662171,1.1856267607555928,0
23.79956354129475,22.072572489862047,1.7269910514327016,0
15.747502902087026,13.915787387090466,1.83171551499656,0
15.841682260767794,12.850034633941936,2.9916476268258574,0
28.088437376237717,25.918266687952848,2.1701706882848697,0
14.16792854219146,13.055540686753595,1.1123878554378646,0
12.96017035231511,12.538126350583576,0.42204400173153367,0
9.503472109231236,9.391215828434287,0.11225628079694872,0
7.611417056562081,4.635998916673904,2.975418139888177,0
30.112075378012992,28.751982961225917,1.3600924167870758,0
29.781033025115498,29.87473608035712,0.09370305524162248,0
12.963438505634777,11.903666547559116,1.059771958075661,0
26.55156533133844,25.80341263126002,0.7481527000784212,0
24.069854562464318,24.180420088899858,0.11056552643553985,0
15.654130376889004,16.543037300380693,0.8889069234916889,0
16.191953661760003,15.887872497212305,0.3040811645476982,0
34.63367764328499,33.56636134598998,1.067316297295008,0
24.95949830085123,21.619312011479263,3.3401862893719674,0
6.575987622930573,8.273412446781043,1.6974248238504694,0
32.70511379359342,31.253540947789975,1.4515728458034438,0
14.523829658940576,13.449102000906421,1.0747276580341545,0
25.7508236418744,27.071448096397603,1.3206244545232018,0
10.62517150299697,12.201962859165283,1.5767913561683127,0
32.84063863154156,34.87833096135185,2.037692329810291,0
15.330554469238791,14.043697312904417,1.2868571563343743,0
20.652638887855797,20.632121966373653,0.020516921482144568,0
30.128191278202642,31.183734631966267,1.0555433537636247,0
8.512517529658325,7.574375961768054,0.9381415678902707,0
18.608045985687973,17.30033557624055,1.3077104094474237,0
32.76828227036337,30.67120257674851,2.0970796936148624,0
34.49929449712575,32.34378177465422,2.155512722471535,0
8.767995730170334,7.239943380685317,1.5280523494850167,0
15.848597795181856,14.121783084794846,1.7268147103870106,0
14.438781572557216,12.422323349120642,2.016458223436574,0
34.51245165400614,33.649416975832885,0.863034678173257,0
13.592900297758703,9.887193754321197,3.705706543437506,0
25.78260816336531,23.973934751602446,1.8086734117628644,0
15.317251665318562,13.48900786296522,1.8282438023533416,0
7.575486401858347,7.5362887423916005,0.03919765946674669,0
26.890607031681768,26.901751993340795,0.011144961659027786,0
21.923849482597316,22.650118141577263,0.7262686589799472,0
6.719847205791841,8.667691341904337,1.9478441361124963,0
9.497424523231249,8.011774304200156,1.4856502190310934,0
32.14462568737824,32.77656832562122,0.6319426382429825,0
24.82190520843038,24.78895660414025,0.032948604290130135,0
24.8170848991013,20.68859844511364,4.128486453987659,0
24.930824424214077,24.461008771992443,0.4698156522216337,0
32.47255725290119,34.67399540984555,2.201438156944363,0
24.93876962555834,24.48802753472103,0.4507420908373092,0
26.067009608563485,23.340363760594315,2.72664584796917,0
31.29506328086298,31.91347505206578,0.6184117712028012,0
30.65286374655377,30.73196377638616,0.0791000298323894,0
34.45855852842813,36.533587471734464,2.075028943306336,0
9.90069505001104,9.323155239841837,0.5775398101692026,0
19.77930874188864,19.021718147346487,0.7575905945421546,0
12.512240481812626,13.351951300430116,0.8397108186174904,0
12.555965718635509,10.190269698719144,2.3656960199163652,0
34.58224958412078,34.83496430835414,0.25271472423335695,0
13.284242574933726,13.746132398893835,0.46188982396010836,0
10.306492234158934,9.617856981575773,0.6886352525831612,0
16.60025592287659,16.61539843864842,0.015142515771831455,0
21.859465922195668,23.71812616050723,1.8586602383115611,0
17.393066360469984,16.54020979882951,0.8528565616404755,0
27.64157241254455,29.579450203497633,1.937877790953081,0
16.620932500874563,17.93653710343466,1.3156046025600965,0
10.562886716233809,8.85151956527456,1.7113671509592496,0
17.795737413026018,18.833105836784377,1.037368423758359,0
21.619947309278725,25.844037454039594,4.2240901447608685,0
24.80676209631549,23.23190814404069,1.5748539522748004,0
23.178996878889667,25.03401613904648,1.855019260156812,0
32.445913058909106,32.76355706405174,0.3176440051426326,0
8.220284719730325,10.95533580257522,2.7350510828448957,0
6.0951605164267395,5.723752838803565,0.37140767762317495,0
22.345750139377188,21.082181998878497,1.2635681404986912,0
16.13742568071045,14.83614699906881,1.3012786816416408,0
21.19305857396276,21.285459290354904,0.0924007163921452,0
21.004975977643262,20.64203548267111,0.36294049497215397,0
19.207894272622102,19.474463746666665,0.2665694740445623,0
30.76389928877265,30.409840812620978,0.3540584761516712,0
14.436810032001459,17.740447817384005,3.3036377853825467,0
7.543857238419412,5.68658916050184,1.8572680779175723,0
10.524603646929506,12.646634424722714,2.122030777793208,0
23.652667486418068,21.95611264434397,1.6965548420740966,0
33.85510941392277,32.805966833872084,1.0491425800506846,0
18.806606970653036,17.44059406575262,1.3660129049004155,0
22.38600605619199,19.81502081164178,2.5709852445502115,0
5.497905497591843,5.01299273245402,0.4849127651378229,0
18.485903486577214,19.38986649196047,0.9039630053832539,0
25.77952170668514,21.76222087974344,4.0173008269417,0
31.054717248881435,34.09108571589532,3.036368467013883,0
19.11063875342552,20.598227805311673,1.4875890518861539,0
25.284550396094534,24.102875708796795,1.1816746872977397,0
27.558987506273745,29.028952819647273,1.4699653133735282,0
26.37489422995803,29.640943665981002,3.2660494360229713,0
32.62431920478386,34.328128829546976,1.7038096247631174,0
20.684817459307617,20.087277813816133,0.5975396454914836,0
30.24293465275156,27.05200955027307,3.1909251024784915,0
28.444906761482002,29.159941765187202,0.7150350037052,0
33.297629542420154,33.45828787335011,0.16065833092995518,0
16.186359582727963,13.737669958044307,2.448689624683656,0
17.869575224635405,14.072817094699342,3.7967581299360624,0
5.810108004867747,5.635891945670579,0.17421605919716754,0
12.192201138180078,11.866495709031037,0.3257054291490409,0
9.704071704439272,12.13772744177238,2.4336557373331082,0
19.4680334386107,20.702115562538474,1.2340821239277737,0
26.656543300989185,22.615473844173305,4.04106945681588,0
31.048348176763877,33.328978304475626,2.280630127711749,0
28.709793058152,29.150835320725534,0.44104226257353574,0
10.733555140694689,10.29469128460689,0.4388638560877993,0
5.566768262848366,6.834026159023486,1.2672578961751197,0
32.784731046127106,35.59292490436817,2.8081938582410615,0
28.30503473312655,26.924679532095226,1.3803552010313247,0
17.257519305797132,20.103614897872447,2.846095592075315,0
23.059902336119002,24.41119639849948,1.3512940623804788,0
16.983107973650572,17.03198627017229,0.0488782965217176,0
19.057151863662455,22.53098719883944,3.473835335176986,0
28.396766200704608,28.98024139725538,0.5834751965507721,0
32.26980836641425,33.09135583701191,0.8215474705976575,0
8.375061025534853,8.88352640653354,0.5084653809986879,0
7.831960707658487,9.311486745359108,1.4795260377006212,0
9.855683584758626,10.075306507420416,0.21962292266178984,0
29.615496025816526,26.482071509644058,3.133424516172468,0
29.40503577876404,32.65332866970015,3.24829289093611,0
30.087020376412617,31.558474654807913,1.4714542783952957,0
21.465735400410352,18.23576575481723,3.2299696455931226,0
33.956212591341284,32.55108169129638,1.4051309000449024,0
19.641674752070887,15.663074824244728,3.97859992782616,0
26.640598662650916,28.538276734782634,1.8976780721317184,0
27.380510725748543,27.354220092632442,0.026290633116101247,0
12.54385188498299,9.571804133143731,2.972047751839259,0
20.56979434713252,20.71544512807843,0.1456507809459069,0
25.7214914604376,30.11934071921798,4.397849258780379,0
28.651804689102537,29.30804406820622,0.6562393791036847,0
24.59879915093695,24.728348520896105,0.1295493699591539,0
16.496039754281856,13.215921625648985,3.2801181286328713,0
7.435440887611671,6.5371953905764535,0.8982454970352176,0
7.701924998732582,7.412239621017098,0.2896853777154842,0
30.188941104448272,32.87723434541395,2.688293240965681,0
14.19179628366007,11.65432925392315,2.53746702973692,0
25.225694115442955,24.573322814898088,0.6523713005448677,0
24.641953365668897,20.001023838500874,4.640929527168023,0
7.893622844523901,9.393177473554138,1.4995546290302366,0
18.92478031862691,18.637083339198643,0.28769697942826866,0
30.042217081733373,29.674397139171028,0.3678199425623454,0
18.089542171844066,19.17719609914368,1.0876539272996126,0
29.612721436145634,32.830849211716234,3.2181277755706006,0
22.277234648651024,20.321605039090702,1.9556296095603223,0
21.18026629440953,24.507337693247177,3.3270713988376457,0
17.66962451621579,20.38123145470908,2.71160693849329,0
28.387324014518427,25.515002651393118,2.872321363125309,0
9.873383149502125,8.562449242359387,1.3109339071427382,0
8.288012098208952,10.779710128386045,2.4916980301770923,0
11.538040168642395,9.474249872933111,2.0637902957092837,0
23.705051505263967,23.574379208618414,0.13067229664555313,0
21.88478280227574,20.50620184932747,1.378580952948269,0
15.577959704307498,14.435493671770063,1.1424660325374347,0
6.22901429382651,3.1064651327455732,3.122549161080937,0
9.086586937974115,9.7215982291235,0.6350112911493859,0
13.067399721953826,12.36893342884064,0.6984662931131869,0
15.461542268664129,14.387514804909813,1.074027463754316,0
12.339865509562767,10.161162261314521,2.1787032482482456,0
10.719581058682277,15.070262497104533,4.3506814384222565,0
23.06414244026523,21.1772320328788,1.8869104073864307,0
25.414720310356596,24.483051542631276,0.9316687677253199,0
10.835722924678336,11.971033338101666,1.1353104134233298,0
13.248785772060497,13.863284705637248,0.6144989335767512,0
11.985680440684668,13.437141038259393,1.4514605975747248,0
12.66992567211263,12.182102380677478,0.48782329143515213,0
26.71056447619414,26.675725547474855,0.03483892871928518,0
18.10500087756355,18.98474592224454,0.8797450446809876,0
9.54024480521872,6.893291559958419,2.646953245260301,0
9.171920444850146,7.066368287556453,2.105552157293693,0
29.05864556197292,30.910056028585977,1.851410466613057,0
5.86346285847005,3.990792131451311,1.8726707270187388,0
30.774479529810616,31.16565584308182,0.3911763132712025,0
21.78517922355224,18.768186248409172,3.0169929751430686,0
7.116247337010899,9.970618360719062,2.854371023708163,0
21.337104885518542,23.10747251642703,1.7703676309084884,0
30.889183653717236,30.98820581692491,0.09902216320767465,0
20.116767058723493,16.854405927867962,3.262361130855531,0
7.380457795156488,8.066232038252732,0.6857742430962439,0
17.760665325087224,18.837937713066133,1.0772723879789083,0
11.086494636254802,14.899357574866308,3.812862938611506,0
29.600826968508414,30.690640485972597,1.089813517464183,0
30.723079375070096,29.326251686383667,1.3968276886864288,0
28.338776501594054,29.908227367179403,1.569450865585349,0
17.034825714965358,23.9751138228828,6.940288107917443,1
12.98194500086213,15.655932925202269,2.673987924340139,0
17.07535720021118,12.889930014265316,4.185427185945864,0
23.278949402523658,25.861104883172402,2.582155480648744,0
22.282396851422597,24.442125082331103,2.159728230908506,0
19.876374940572937,24.2860724344741,4.409697493901163,0
28.719077991469415,28.00956317408291,0.7095148173865056,0
9.9047634335295,9.004461940055714,0.9003014934737852,0
28.44463855916747,28.219912152432556,0.22472640673491284,0
26.21147423891218,25.965888635763452,0.24558560314872935,0
16.407966230995065,14.406041857200986,2.001924373794079,0
32.56143380150786,33.08580640431968,0.5243726028118232,0
18.67395852947231,17.498291892496823,1.1756666369754853,0
12.116195208430502,13.79380033514655,1.6776051267160472,0
26.006645232132982,21.65118643427195,4.355458797861033,0
28.12829379717831,26.994569335173054,1.1337244620052545,0
19.71035464889191,17.674122260978667,2.0362323879132447,0
22.923181218603773,23.72637379499194,0.8031925763881667,0
29.99286794489448,28.245324257282526,1.7475436876119552,0
34.055862583032805,38.3146121448308,4.258749561797991,0
8.77817245615618,9.344229973245538,0.5660575170893587,0
11.583645669960536,13.188032554073256,1.6043868841127207,0
28.976397410692723,29.225048965263994,0.2486515545712713,0
28.096587297308464,26.85564466691065,1.2409426303978144,0
34.73205865366309,38.86641030822152,4.134351654558429,0
20.738532485226294,19.203988122033497,1.534544363192797,0
31.31865566145597,33.336111870957204,2.0174562095012334,0
14.16499042258629,14.088851542357663,0.07613888022862803,0
7.287611270388145,7.110839694763545,0.1767715756246,0
34.6415556629951,34.12597491214187,0.515580750853232,0
30.507959246287097,32.87683139556806,2.368872149280964,0
7.515343001178,3.457651896371801,4.0576911048061985,0
26.87044967132712,28.0831182387073,1.212668567380181,0
25.65516643210533,23.23122201741518,2.4239444146901477,0
16.704083288732477,18.019473771281355,1.315390482548878,0
12.697832768586467,13.885086698312143,1.1872539297256761,0
8.741425152704922,8.687183956427594,0.05424119627732793,0
7.179615161380575,3.198774831525143,3.9808403298554316,0
16.257867747261464,18.05460475887875,1.7967370116172852,0
26.89629318696884,28.32450348578356,1.4282102988147187,0
22.977074284812478,22.368612161827272,0.6084621229852054,0
31.374183338076598,33.00164277899846,1.6274594409218608,0
16.373125007666825,12.816880016528138,3.556244991138687,0
13.959160127058253,14.107950888211612,0.14879076115335899,0
30.277106627016263,34.331398892146204,4.054292265129941,0
14.06497981712077,11.137561645748276,2.9274181713724943,0
25.33308309107415,29.06095111871377,3.7278680276396194,0
30.365328211698625,32.73635510338544,2.3710268916868174,0
27.323780295895464,23.81166843669253,3.5121118592029354,0
31.226256102534787,23.96095051940809,7.265305583126697,1
8.26511210368731,5.147282404720288,3.1178296989670216,0
24.12380363638609,26.98172406284418,2.85792042645809,0
11.010859014986561,10.734197962146022,0.27666105284053977,0
28.01206361721776,29.477114177911318,1.4650505606935589,0
17.423172515411434,18.63468028558544,1.2115077701740056,0
10.133474014188325,13.247096254031174,3.113622239842849,0
26.986950912485455,26.12949044225104,0.8574604702344146,0
16.94283864851807,12.98543333423623,3.9574053142818393,0
23.008713055757237,20.552863989865344,2.4558490658918934,0
7.040070131531603,6.953893467208898,0.08617666432270532,0
15.387207260240634,18.961851391713452,3.5746441314728177,0
33.325283569626414,33.8624011144356,0.5371175448091847,0
11.28471528698825,7.8929867775799085,3.391728509408342,0
11.28022181904492,9.047687680290123,2.2325341387547972,0
21.444227115013007,20.246328255951305,1.1978988590617021,0
9.900190889507858,8.147377478844172,1.752813410663686,0
34.09659970971976,35.85999644621869,1.763396736498926,0
11.28074541895714,10.63478169606405,0.6459637228930912,0
9.901210991417795,11.79857016312419,1.8973591717063947,0
21.75020049738602,24.13467480431678,2.384474306930759,0
33.09462633087487,34.9195303377707,1.824904006895835,0
13.608675793938854,14.103734214794208,0.49505842085535434,0
30.40450101375123,34.53675936514188,4.132258351390654,0
24.024029548206396,25.538030486205187,1.5140009379987909,0
31.8083414310225,32.94578983776846,1.137448406745957,0
23.60230179153088,20.845870874986897,2.7564309165439838,0
27.70343791425374,28.723085715369653,1.0196478011159122,0
23.08849272638821,22.879100452623778,0.2093922737644327,0
21.27600955933743,20.795994304661093,0.48001525467633854,0
5.071946584492931,4.019223705480836,1.0527228790120953,0
13.017545049264536,12.311822041848597,0.7057230074159389,0
24.332190037511563,23.291993061790837,1.0401969757207254,0
5.15574629255072,3.9593068002632847,1.1964394922874355,0
23.174383796888296,24.583706291014483,1.4093224941261866,0
22.76230386801805,23.91703553063856,1.1547316626205095,0
9.311435537621692,9.598421528375345,0.28698599075365294,0
6.79144856824193,9.00196289693777,2.2105143286958393,0
22.38801658728325,21.522800689313385,0.8652158979698648,0
22.90919998646997,23.15436692682272,0.24516694035274966,0
29.449522887569838,28.08171582237433,1.3678070651955068,0
5.783353877982678,7.602956126171213,1.8196022481885352,0
25.308784936441196,24.90584287167047,0.4029420647707269,0
20.63245659827745,17.243410910346164,3.3890456879312865,0
24.3721464203607,27.88828051915434,3.516134098793639,0
18.37132107928455,23.321442401283196,4.9501213219986475,0
16.512588891309854,17.240792344897372,0.7282034535875184,0
11.34238394917882,12.45368917679853,1.1113052276197095,0
19.7570860325936,19.614426119088403,0.1426599135051987,0
8.580319615147424,9.494586088532934,0.9142664733855099,0
33.88464322062596,32.52805424784725,1.3565889727787095,0
29.282257394203768,27.26589478879052,2.0163626054132493,0
12.218136026290793,13.585137380709638,1.3670013544188446,0
16.004989045346917,16.133258154644867,0.12826910929794977,0
34.179411901569786,37.79940565015966,3.619993748589877,0
5.060599591632937,3.940198922322282,1.120400669310655,0
23.555790703880135,25.436279608726192,1.8804889048460574,0
14.477609640195311,13.689296816921374,0.7883128232739374,0
21.038009392324835,20.807060703247398,0.2309486890774366,0
8.300950523951085,7.414397286441654,0.8865532375094318,0
17.136166113114243,20.62959566251207,3.4934295493978276,0
28.75947926579993,31.54649967165639,2.787020405856463,0
32.12150854258597,32.881932548664686,0.7604240060787149,0
12.147867614603136,14.861239234606451,2.713371620003315,0
26.495710391506666,28.11940364700819,1.623693255501525,0
31.42895175319839,34.237313231035,2.8083614778366126,0
12.504330756501481,13.878331552855824,1.374000796354343,0
10.770260258837219,10.626207076736208,0.14405318210101115,0
28.200984804431638,26.838877434920136,1.3621073695115022,0
27.207970601463032,23.6680360920863,3.5399345093767316,0
8.227166345368987,8.328576240223445,0.1014098948544575,0
17.598976642843354,15.490498118346892,2.108478524496462,0
29.633874969341246,27.58707166887253,2.046803300468717,0
26.23526744290851,28.584678655404563,2.3494112124960544,0
24.67210534212179,23.959091229761242,0.7130141123605469,0
27.529003081416526,28.887587140618198,1.3585840592016716,0
27.638266274711896,26.307740591654664,1.3305256830572318,0
28.629883145674132,29.80468086500104,1.1747977193269072,0
18.469826973633523,18.718270655951287,0.24844368231776315,0
17.16814053112453,19.24117377853974,2.0730332474152107,0
7.413596705480624,6.839485774036875,0.5741109314437489,0
34.30577671708738,34.69429801981676,0.3885213027293801,0
29.0635487832721,29.587119118648886,0.5235703353767853,0
31.43297211354625,31.53271632674224,0.09974421319599003,0
7.996056854813264,11.027888224544077,3.0318313697308126,0
10.688547402505257,10.486719554241006,0.20182784826425149,0
9.575433397108057,10.85546346013287,1.2800300630248138,0
34.961223254207496,36.958162033502425,1.9969387792949291,0
34.979173848937634,33.50445603307593,1.4747178158617018,0
32.400839842374324,33.163623047898376,0.7627832055240518,0
11.596793535481604,9.611840853230957,1.984952682250647,0
11.232142673022656,12.009029023902322,0.776886350879666,0
19.208488794972872,18.881628255880955,0.3268605390919177,0
6.409165589530502,7.041039334231332,0.6318737447008296,0
34.1370301622081,31.365612058131838,2.771418104076261,0
14.041321744871794,15.337451540280176,1.2961297954083815,0
21.516140433709666,23.728282338910844,2.212141905201179,0
19.98709830516599,16.642885507216413,3.3442127979495773,0
11.46279001748416,12.626788845575303,1.1639988280911435,0
31.847781958358624,29.77275830178372,2.0750236565749027,0
8.781656483155693,8.929279892483317,0.14762340932762363,0
27.92886091326951,27.5413722597371,0.3874886535324116,0
9.726797620825163,7.417670039723576,2.3091275811015874,0
19.84559517372117,19.502514786849158,0.3430803868720105,0
12.596173156574116,12.549395779723726,0.04677737685038963,0
21.63834310559362,22.68182253390065,1.0434794283070303,0
21.328566158349098,20.3955482186612,0.9330179396878968,0
17.474189019076004,20.2379963113417,2.763807292265696,0
10.812942087068595,11.740140789517282,0.9271987024486865,0
22.081542203380206,26.06724923911698,3.985707035736773,0
29.121971927660358,34.29573495242196,5.173763024761602,1
12.028466642385304,15.505284519883809,3.4768178774985046,0
13.645376780215354,18.102211866816013,4.456835086600659,0
5.000368410696393,5.885217166689279,0.8848487559928859,0
12.457820848739377,14.569043941048513,2.1112230923091353,0
14.97498344707089,11.826905506575391,3.148077940495499,0
11.172532294942213,10.042502572918194,1.1300297220240196,0
19.98014544995997,20.12452373236855,0.14437828240858153,0
30.719385063759347,30.894663981457427,0.1752789176980798,0
13.153421455444562,9.900089438595556,3.253332016849006,0
28.575716306392604,27.835323000045005,0.7403933063475989,0
19.93168808482654,25.206391805889403,5.274703721062863,1
29.020729853231327,30.220720484548153,1.199990631316826,0
12.689529490286512,16.345988718573626,3.6564592282871136,0
20.960410582820334,20.823270803351733,0.13713977946860112,0
20.190603609539295,21.2864035096286,1.095799900089304,0
21.376549194580544,20.49842818464967,0.8781210099308758,0
28.200155505083604,29.704984090049233,1.5048285849656295,0
30.80260524845529,27.44730221800273,3.3553030304525606,0
20.785114490385585,21.261076859703348,0.47596236931776303,0
8.121430127229843,7.274517686677602,0.8469124405522406,0
15.415959628523513,13.306989228853059,2.1089703996704543,0
19.198439489304093,18.98394536052945,0.2144941287746427,0
32.01967305331712,35.15817959043455,3.138506537117429,0
23.833871159978116,28.931007053712996,5.09713589373488,1
9.79173503252192,8.345701853330072,1.4460331791918488,0
6.359165895977805,7.339003922762727,0.9798380267849218,0
33.38030876425208,35.807712062192394,2.427403297940316,0
10.524657682312752,8.607162151352009,1.9174955309607427,0
8.777867807403279,7.602902201252345,1.1749656061509341,0
29.884594077536885,29.479494963988216,0.405099113548669,0
8.570547920949476,10.530341100569398,1.959793179619922,0
13.413910200292053,13.379650472620147,0.03425972767190544,0
20.675433850218816,17.620129277255163,3.055304572963653,0
21.23938364599967,20.43989449514684,0.7994891508528283,0
7.953747750291573,11.027807507845296,3.074059757553723,0
25.26108895467182,23.431868884712152,1.8292200699596677,0
15.838251135807532,18.545015135498037,2.706763999690505,0
25.35201713276343,24.234865840445472,1.1171512923179563,0
16.07372298413076,21.107115190987997,5.033392206857236,1
17.870905309878182,16.766192187419257,1.104713122458925,0
13.68287047873894,11.740892509744059,1.9419779689948804,0
17.922038503784705,18.738696976666816,0.8166584728821107,0
21.957694255912624,22.59316347109341,0.6354692151807839,0
12.778837820846132,12.826579412808393,0.0477415919622608,0
25.822213644710313,22.973469436398993,2.84874420831132,0
12.749159407019,8.82977046624966,3.919388940769341,0
27.76178791553839,29.1929862846697,1.4311983691313088,0
19.453060009984984,15.383399033014836,4.069660976970148,0
32.26234316049559,36.33233886652113,4.069995706025537,0
29.72107924411993,30.710103223908515,0.989023979788584,0
21.45241356429159,22.117830488529528,0.6654169242379382,0
33.01494585287336,30.728205158706462,2.286740694166898,0
11.844313059607293,12.951448095123983,1.1071350355166896,0
28.029072846289587,27.969530619967486,0.059542226322101044,0
27.400016164379167,32.65531255057286,5.255296386193692,1
28.56209796486406,27.85699130373497,0.7051066611290899,0
20.955487565137403,24.056507686256065,3.101020121118662,0
14.773102568272272,14.39276403499936,0.3803385332729121,0
5.081078703258828,6.2959196138473015,1.2148409105884737,0
18.855046242488164,18.264217426441448,0.5908288160467166,0
15.55364500013802,12.96186593647033,2.5917790636676905,0
15.995067357853006,17.18245231351838,1.1873849556653724,0
34.665858279361544,31.910434879947488,2.755423399414056,0
13.8477347178011,14.144925148230932,0.29719043042983273,0
26.165796935869075,26.480099431240255,0.31430249537118016,0
17.394588114187705,17.079783704467236,0.31480440972046964,0
12.888294400118678,12.507937198830902,0.38035720128777584,0
15.278682755105862,16.562204130257992,1.2835213751521302,0
8.253406864087545,12.58933666656022,4.335929802472675,0
15.826575486040221,10.389078179715334,5.437497306324888,1
14.038193342786178,15.167907263731532,1.1297139209453544,0
18.283513551458938,21.520756558022992,3.2372430065640536,0
25.720798999438557,27.33572479866667,1.6149257992281143,0
5.444398247220386,3.9727736684064396,1.4716245788139464,0
16.420977714843822,14.63711207926287,1.783865635580952,0
34.735309352637195,32.70918667554325,2.0261226770939444,0
24.65539409791796,24.821932423729198,0.1665383258112385,0
14.947789681564164,13.069677798700324,1.8781118828638395,0
32.61100960496648,34.76515604098184,2.1541464360153597,0
25.201234956877123,23.166956706060905,2.034278250816218,0
25.8684236929397,24.479815509628136,1.3886081833115647,0
14.691850925270048,16.358213278436978,1.6663623531669298,0
7.872023577630218,9.499841469177735,1.627817891547517,0
8.67395043736823,5.557768580189551,3.1161818571786792,0
18.72784170096104,20.587902204330643,1.8600605033696027,0
12.588624279613255,8.747256387529783,3.841367892083472,0
6.31805441558862,5.020744636879507,1.2973097787091126,0
5.868196382633073,7.55790399936541,1.6897076167323366,0
30.37593088763696,31.662003482985675,1.2860725953487133,0
20.413930205600742,20.66846342428151,0.2545332186807663,0
33.65796322728421,34.24134919854233,0.5833859712581173,0
24.256202872670166,25.904797771730216,1.6485948990600505,0
10.088267436730394,11.468048365430967,1.3797809287005727,0
16.306709547227577,15.034934167776289,1.271775379451288,0
34.62881694220669,34.7546862895138,0.12586934730710908,0
11.298431821668588,11.927504157070565,0.6290723354019772,0
34.718009437460026,35.714936281057724,0.9969268435976986,0
24.56145505518134,24.115972572432437,0.4454824827489041,0
29.9392959334428,28.995782154611824,0.943513778830976,0
5.211274041878959,4.104879451105852,1.1063945907731076,0
30.432209434874782,29.193628438440992,1.2385809964337895,0
12.455359946951916,10.962413759174668,1.4929461877772479,0
19.949881860135125,19.563940915247446,0.38594094488767894,0
18.76867796003385,21.718770326014482,2.950092365980634,0
29.187383303678345,32.27065075557074,3.0832674518923966,0
33.151517954932665,32.66911034970814,0.4824076052245232,0
16.555212732723586,18.66204399785222,2.1068312651286334,0
18.862358499788797,19.24052120164349,0.37816270185469136,0
29.132461052360668,28.966241025562887,0.16622002679778092,0
33.2568740051385,34.85809717265432,1.601223167515819,0
21.037451010803547,22.23950227793716,1.202051267133612,0
5.907678326453,6.115576350715225,0.20789802426222437,0
34.00962765985001,34.86077916030231,0.8511515004522963,0
23.541075324265204,26.38377762220986,2.842702297944655,0
9.204940468413943,7.080315466383865,2.1246250020300774,0
11.29240887992431,12.431794408435241,1.1393855285109318,0
30.404267152800983,30.50498456435126,0.1007174115502778,0
32.21143295878649,35.687568567089734,3.4761356083032453,0
16.0282689902996,11.685439903607783,4.342829086691818,0
33.16327927012903,36.400132741561265,3.2368534714322337,0
26.70118464122853,23.08121725071588,3.619967390512649,0
6.066909934707326,5.9423487411260885,0.12456119358123718,0
31.514197294293858,34.55201848762887,3.037821193335013,0
16.49325572929216,12.829215196309166,3.664040532982993,0
25.1588967711831,25.202410597372193,0.043513826189091276,0
25.711600072220453,27.25842868199508,1.5468286097746287,0
9.151953767155193,7.377939471270918,1.7740142958842755,0
10.300255240742342,11.41545409968359,1.1151988589412483,0
18.629975963391296,18.070374088368855,0.559601875022441,0
10.742681037047177,12.036413422756164,1.2937323857089869,0
29.701420086127435,28.96602663924892,0.7353934468785148,0
16.41032201942935,16.330264930623024,0.08005708880632767,0
15.96718670933383,14.213562609720608,1.7536240996132229,0
9.380453626620751,12.554682252941102,3.1742286263203514,0
30.390360676186994,33.023276355416805,2.6329156792298107,0
19.18804124871147,20.786844453305893,1.5988032045944216,0
27.657436614915817,31.68322641142405,4.025789796508235,0
27.93390578815447,27.14664661220115,0.7872591759533201,0
28.471386380727484,28.70844553029828,0.237059149570797,0
20.548164256304865,18.293827616911855,2.25433663939301,0
19.63780831873388,17.946667914926515,1.691140403807367,0
25.421563813945195,24.08821985023094,1.3333439637142561,0
18.34811789463903,16.82557092772546,1.5225469669135698,0
33.835897369711745,32.514132420651286,1.3217649490604586,0
32.114870806867096,30.90012231315015,1.2147484937169466,0
15.775805395305104,16.14586029274261,0.3700548974375071,0
19.44555970989007,16.087315429115964,3.3582442807741053,0
28.86741137251293,30.10466235825061,1.2372509857376812,0
12.489921700253008,14.393255363196154,1.9033336629431457,0
15.178802848967825,15.397549841888106,0.21874699292028055,0
33.76723906461447,32.497954897730565,1.2692841668839066,0
32.00606153600658,36.63537860355365,4.6293170675470705,0
23.092743763599703,27.662962937652992,4.570219174053289,0
32.360812805382906,28.176497631775156,4.18431517360775,0
22.917892948753476,23.83019903959011,0.9123060908366334,0
12.997070864358356,15.48145168785743,2.484380823499073,0
29.38008273518059,32.27593270703996,2.8958499718593735,0
29.609200790508545,26.210644345248973,3.3985564452595725,0
11.484646345739842,7.3751195521589406,4.109526793580901,0
8.884701004079218,5.8224267489229256,3.062274255156293,0
31.6353657200237,34.50955692377511,2.8741912037514084,0
26.63704062619459,26.271627378603615,0.3654132475909755,0
24.80897975481617,23.44458975178255,1.3643900030336198,0
17.33414287595552,15.282056055856323,2.0520868200991984,0
16.28871432085867,19.444579987287188,3.155865666428518,0
21.206705669264153,18.259081253394708,2.947624415869445,0
17.653931347175597,16.935253218725347,0.7186781284502501,0
34.26907039932604,33.10743017169558,1.161640227630457,0
6.09609362635662,7.380536136779524,1.2844425104229042,0
15.65946214528785,18.211989372848244,2.552527227560393,0
19.926815749014736,18.90448010021836,1.0223356487963748,0
20.421757429154475,20.984152604767687,0.5623951756132115,0
19.365636182418683,22.70603553670785,3.3403993542891683,0
15.581092544681402,16.04876193522956,0.46766939054815815,0
23.690054367879664,25.085709032337714,1.3956546644580499,0
12.629120395218807,13.54452873990886,0.9154083446900518,0
14.468741103144222,15.474888032096137,1.0061469289519156,0
13.100695507892862,12.201630086143348,0.8990654217495138,0
27.30949994981146,27.373435655501552,0.06393570569009199,0
13.440241140200957,12.604589379104743,0.835651761096214,0
14.524494289349677,11.523512157889112,3.0009821314605656,0
20.33894342744169,17.646990190772414,2.6919532366692778,0
25.69232377503083,25.641974287471026,0.05034948755980295,0
33.40065710167792,31.40427425764385,1.9963828440340734,0
18.677354317085346,20.044172104608982,1.3668177875236367,0
30.00444475896367,32.20564739245063,2.201202633486961,0
11.735196852171484,12.505868960455802,0.7706721082843178,0
18.212814404037857,14.938917003136796,3.2738974009010615,0
30.758245497203735,31.774924683646578,1.0166791864428433,0
16.326038028591373,14.659346977548681,1.666691051042692,0
30.023127616958977,35.32683433289013,5.303706715931153,1
7.619139749426052,8.113427219609637,0.49428747018358443,0
12.56476807815222,12.091861370596712,0.47290670755550757,0
6.490211110565115,6.625468940279782,0.13525782971466693,0
17.43610298679298,21.818153942706765,4.382050955913783,0
20.539149519749568,22.287170407443114,1.7480208876935457,0
33.28349422765951,33.54813347745214,0.26463924979263,0
28.598257098443256,25.765390321236534,2.8328667772067213,0
34.927647101923505,33.48062376657006,1.4470233353534425,0
33.333604189208486,31.82554712981475,1.5080570593937352,0
31.859112586962716,34.070024142732436,2.2109115557697194,0
29.656205042198213,30.85463768678084,1.1984326445826277,0
31.894034544783207,33.43338114780854,1.5393466030253329,0
21.5469959526618,16.679846958828456,4.867148993833343,0
15.897841922990171,18.978198957915488,3.080357034925317,0
10.376596949331404,12.959793862763009,2.583196913431605,0
14.114676440159897,14.093232458939436,0.021443981220460984,0
9.917586822895593,9.858391950263865,0.0591948726317284,0
25.72163140473698,26.608392953937383,0.8867615492004042,0
24.43316820428077,26.853184077837483,2.4200158735567143,0
20.585402578575668,17.51048525618448,3.0749173223911868,0
24.074607608422777,27.42774298531406,3.3531353768912844,0
29.633450546539567,25.4975638506085,4.135886695931067,0
28.74843135684789,27.79312298989401,0.9553083669538829,0
7.14646597030702,10.859033204133622,3.7125672338266025,0
9.387363697384059,9.484689875985303,0.0973261786012447,0
14.694457329651128,15.527426179155214,0.8329688495040859,0
19.97032103064523,24.520831346630057,4.550510315984827,0
34.5234813071543,31.48440062610877,3.0390806810455295,0
10.447716427871079,13.568502338404269,3.12078591053319,0
27.139399085141246,24.580386422254293,2.5590126628869534,0
7.616736574654305,6.592497663824125,1.0242389108301797,0
33.582521849561886,35.14697536437779,1.5644535148159022,0
26.112592678918613,24.88678431119915,1.2258083677194627,0
16.181595645619517,17.192149545367847,1.0105538997483308,0
5.849137065906595,6.289613301131648,0.4404762352250531,0
25.065193052612873,22.59838281599386,2.4668102366190148,0
19.389967611670578,19.364360253419406,0.025607358251171775,0
18.337557498260374,18.69238792745311,0.354830429192738,0
24.34065746147137,27.819214582470522,3.4785571209991524,0
12.26666447486204,13.104373572244715,0.8377090973826746,0
19.863056847583543,20.34078234180707,0.4777254942235274,0
27.96092102358397,25.481088958980987,2.4798320646029843,0
14.053406739743489,16.113610272484017,2.0602035327405286,0
22.955577486114493,22.871023383781548,0.08455410233294458,0
31.34378365638048,31.914042689326777,0.5702590329462964,0
20.918201542656497,23.102663784778755,2.184462242122258,0
8.067546776326736,8.979119734773224,0.911572958446488,0
24.949470073691543,23.383362416593478,1.5661076570980654,0
6.83359442350355,8.331785627897707,1.498191204394157,0
30.65480169472478,31.95260182484447,1.2978001301196898,0
18.775666514917596,21.58186505197125,2.8061985370536533,0
29.624571818073665,33.4014062425975,3.7768344245238374,0
26.385253138276553,25.2398768359003,1.1453763023762527,0
27.27630894499475,27.52585494297624,0.2495459979814889,0
33.60315189990905,32.91894309485847,0.6842088050505808,0
5.472290853283532,7.8345007204953045,2.3622098672117726,0
21.401996689551783,17.640817749374488,3.7611789401772953,0
10.079684002228607,11.593820097258199,1.514136095029592,0
19.48482664379698,20.986838920014147,1.5020122762171688,0
13.353226747449236,14.793691857756277,1.4404651103070414,0
9.090042879199041,11.027380086607542,1.9373372074085005,0
13.512070751601886,8.590928727225126,4.92114202437676,0
33.885640389015016,31.524305813659605,2.3613345753554107,0
33.7510188863259,36.04097037881556,2.2899514924896565,0
28.474664435398882,30.360106661798284,1.8854422263994017,0
9.293983463130932,10.105865205765554,0.8118817426346219,0
15.376192132343128,14.937175073004347,0.43901705933878077,0
25.290753584737857,25.02801940898361,0.26273417575424673,0
20.179900904159595,19.968739703895707,0.21116120026388785,0
19.09071249944718,18.370735769563325,0.7199767298838537,0
25.414850897533313,22.10389052388408,3.310960373649234,0
32.4442219482753,30.647523771606647,1.7966981766686523,0
26.38375643912296,28.37119003258712,1.9874335934641607,0
34.405808045937846,30.716483079908393,3.689324966029453,0
26.130815572197534,25.505811718657636,0.6250038535398978,0
15.738889722417756,18.9113176715089,3.1724279490911442,0
28.344693209974444,30.029601765111117,1.6849085551366727,0
32.4701861979125,34.05335190349725,1.5831657055847543,0
5.255238398042838,6.73708535907508,1.4818469610322422,0
34.80051516086769,32.595673088433514,2.2048420724341753,0
20.627309449132966,21.278392906995606,0.6510834578626401,0
5.433278850930688,8.640965138929177,3.207686287998489,0
6.03782799921605,4.480157151903924,1.5576708473121261,0
8.780944044529946,5.245576771977719,3.535367272552227,0
23.783545295413123,25.32571887879116,1.5421735833780374,0
22.702926389065315,22.848159255536743,0.14523286647142797,0
30.088172969339645,24.55054603760252,5.537626931737126,1
26.40530718758527,28.486583482993314,2.0812762954080455,0
13.244986722286889,12.32213334596347,0.9228533763234186,0
20.99328906340177,20.18436690185073,0.8089221615510418,0
24.261805588065155,23.268466763787877,0.9933388242772772,0
13.090122593925873,10.925886698365499,2.164235895560374,0
18.314005226355082,24.727484799698974,6.413479573343892,1
27.68985271306271,28.274415685026714,0.5845629719640044,0
19.957833719994213,21.854717355460963,1.8968836354667502,0
22.71758595285705,23.49118587963859,0.7735999267815394,0
9.6566732140471,9.920052101361456,0.26337888731435655,0
27.045390828780427,28.10341880701785,1.0580279782374227,0
13.411241452001551,12.136873899133938,1.2743675528676128,0
18.144387208826565,21.832483284064793,3.688096075238228,0
22.439608578646542,20.749126491780313,1.6904820868662291,0
21.53843306422594,18.053400969056582,3.485032095169359,0
5.630276996312574,7.104474181498961,1.4741971851863873,0
19.906238371174197,19.139382367219614,0.7668560039545831,0
32.66342821466513,32.166432793960375,0.49699542070475644,0
26.78156599202743,24.908044492229166,1.8735214997982652,0
24.81969321411739,26.773866857609853,1.9541736434924637,0
6.43506480242248,5.740235829178722,0.6948289732437578,0
23.630891481862772,25.39093411083984,1.760042628977068,0
30.308850587459265,29.638072174938657,0.6707784125206082,0
19.39202872011622,21.284087956516462,1.892059236400243,0
7.520360516257982,8.031234611003741,0.5108740947457591,0
6.412303126408625,8.424050171113588,2.011747044704963,0
17.0706896631942,15.95595101646488,1.1147386467293217,0
11.357353073569275,12.694969472473241,1.3376163989039664,0
16.2152334611859,16.333573816514434,0.11834035532853449,0
8.495587382088825,7.291457246389587,1.2041301356992378,0
27.175256918893222,26.504108055136985,0.6711488637562368,0
25.512843368949934,25.76306277891162,0.25021940996168723,0
33.62830221844238,36.8505900769618,3.2222878585194223,0
13.27080699908025,9.41616414537647,3.85464285370378,0
8.45214631605314,9.963088240304526,1.5109419242513855,0
8.269627386428825,7.1968581125718005,1.0727692738570243,0
8.566920665790475,8.102745289486487,0.464175376303988,0
30.08916850583733,27.644583196517054,2.4445853093202743,0
11.79716908878678,10.713773104270071,1.0833959845167094,0
9.357475176257399,6.738593130521815,2.6188820457355835,0
32.46846206783363,34.43854270071486,1.9700806328812348,0
15.340593423314026,17.45317939808092,2.112585974766894,0
28.268298412679993,28.941847226128772,0.6735488134487788,0
25.450255406507974,29.01190121175948,3.561645805251505,0
26.067545941679317,24.621943892443387,1.44560204923593,0
13.01230773789895,12.19385767682611,0.8184500610728414,0
21.29036599262067,17.722731087289123,3.5676349053315484,0
30.338834009523232,28.469801246354745,1.8690327631684873,0
33.67653562407518,31.754551733325016,1.9219838907501625,0
13.237329074038055,12.304967772025355,0.9323613020126995,0
24.087437322152702,24.948444863006962,0.8610075408542599,0
31.6414806015676,33.68770790727625,2.0462273057086477,0
31.23234993349775,30.645943150252116,0.5864067832456357,0
25.357708005584147,23.04558149419713,2.3121265113870173,0
19.547801213479254,17.62312848696567,1.9246727265135846,0
19.754738723222857,17.017660563213653,2.7370781600092045,0
31.091899926833026,29.565440941282056,1.5264589855509705,0
30.267479499923365,28.623189049110678,1.6442904508126865,0
13.12895347565886,13.921855800374708,0.7929023247158469,0
21.071170328331657,21.452650450016932,0.381480121685275,0
29.360765481270697,27.439548728885843,1.9212167523848542,0
19.362366783825415,19.679480399406486,0.31711361558107143,0
20.266559903222884,22.308169095725066,2.0416091925021824,0
9.689349686708542,7.4816708437283,2.2076788429802425,0
32.46550795117946,32.2337386573289,0.23176929385056155,0
18.093865936644168,21.50324994476425,3.4093840081200817,0
22.042734519116607,20.025278384722796,2.017456134393811,0
23.22348898378604,22.380796141083202,0.8426928427028386,0
15.117951131581917,17.43671873820445,2.3187676066225347,0
29.78794315726579,31.706055872029015,1.9181127147632253,0
8.556390999297054,10.47932146358794,1.9229304642908858,0
10.486665903510325,11.059935783941697,0.5732698804313721,0
23.07965750846314,19.848215588206827,3.2314419202563123,0
20.611028552620596,22.57482578933861,1.9637972367180154,0
26.396414080549846,28.82605809106048,2.4296440105106356,0
23.4104506815427,25.57595620885971,2.1655055273170127,0
31.238222856342077,31.643326438477697,0.40510358213562014,0
7.8795237888560345,8.461740836444607,0.5822170475885722,0
24.53368421463053,21.15733873901641,3.3763454756141194,0
7.081426398325009,3.898815993299647,3.182610405025362,0
8.395277705617088,8.200189359696637,0.19508834592045154,0
19.941055507977552,19.03927773655621,0.9017777714213437,0
27.385518423555702,30.101843957494985,2.7163255339392833,0
30.707646625994172,29.18211870614479,1.525527919849381,0
17.391633951435637,16.135660829107373,1.255973122328264,0
10.08421284619373,10.358694163504886,0.27448131731115666,0
17.414917435815255,15.370102544628391,2.0448148911868635,0
18.555762707582414,22.1655049570898,3.609742249507388,0
9.060263720338387,9.554714483996253,0.49445076365786633,0
8.794417658952531,10.976666785539928,2.182249126587397,0
23.188095261222028,21.832134356452464,1.3559609047695638,0
8.961614932868187,11.729049592112446,2.767434659244259,0
30.690914412283647,30.20882419509125,0.48209021719239686,0
10.320215890913543,11.049242809722875,0.7290269188093319,0
33.52209506027569,30.090653129080344,3.4314419311953444,0
16.938265412649322,15.694556845257232,1.2437085673920905,0
31.22378623797918,32.65970107855879,1.4359148405796098,0
34.70165628176681,32.73142043470852,1.9702358470582908,0
16.79030311638416,18.221053299133647,1.4307501827494882,0
23.118484034821037,21.13866785725037,1.9798161775706689,0
8.505160548921797,4.313087365583316,4.192073183338481,0
8.643538310068699,7.059735596419482,1.5838027136492174,0
15.72699117908691,15.517927815571941,0.20906336351496968,0
19.65597879252477,19.73010541033988,0.07412661781511076,0
11.969488523018835,11.542006401584299,0.42748212143453657,0
18.46373763531718,14.078508143218977,4.385229492098203,0
8.27214028640378,5.949430304481428,2.322709981922351,0
34.17698816704955,34.59885371455431,0.42186554750475835,0
28.974764337187175,28.707082378679402,0.2676819585077723,0
20.333318685545617,22.838365345747558,2.5050466602019412,0
34.40050455835427,34.10415224237093,0.29635231598334144,0
11.024371264682372,9.283338984035428,1.7410322806469445,0
6.835177246220755,9.641260442683805,2.8060831964630504,0
13.739076869294006,15.364629752906309,1.6255528836123023,0
23.644507612426857,24.743339336832225,1.0988317244053682,0
6.078243054501266,3.689853773760445,2.3883892807408214,0
8.955667470047231,11.368438249007585,2.412770778960354,0
9.398804677556619,7.527012541130566,1.8717921364260528,0
9.09195220933568,10.645199438186173,1.553247228850493,0
18.377195909902632,20.291690293559626,1.9144943836569936,0
32.96480534619017,32.231256944745034,0.7335484014451339,0
9.146796963674593,6.543366917124718,2.6034300465498745,0
19.684547095030005,19.59451141609102,0.09003567893898534,0
16.214296318824662,17.20956124062945,0.9952649218047895,0
25.619200032397195,24.42721502827729,1.191985004119907,0
19.093526650749588,17.064010992830433,2.0295156579191556,0
7.737822406194267,4.791645873935855,2.946176532258412,0
10.085097775044927,9.715084674313742,0.3700131007311853,0
27.284819681054692,26.450546018127042,0.8342736629276502,0
7.43321455936111,7.2164208024115615,0.2167937569495484,0
27.10854058351424,28.122295491813926,1.0137549082996848,0
12.457190372608165,14.972528078398783,2.5153377057906177,0
26.448387334522696,28.979115217144454,2.5307278826217576,0
30.289168596304485,33.88122154896208,3.592052952657596,0
34.03275777769731,34.64121633795174,0.6084585602544266,0
16.957483325356684,16.992073963912755,0.034590638556071696,0
33.114235305401856,31.181217087911442,1.9330182174904138,0
16.717007001812405,14.218254371696327,2.498752630116078,0
27.442564886158564,27.821065903974674,0.37850101781610945,0
24.050374417959787,26.017405874966677,1.9670314570068896,0
22.13647662505121,19.85689258545003,2.279584039601179,0
30.32937164390226,29.10022645788938,1.2291451860128788,0
26.751323254384882,30.60845285125909,3.857129596874209,0
9.008622649399346,6.928913991218396,2.07970865818095,0
21.0400666485526,18.57171550127622,2.4683511472763797,0
19.213053769875174,19.925047956108866,0.7119941862336923,0
33.4959932751257,32.769621216129266,0.7263720589964322,0
28.77016198703209,29.118318375460966,0.3481563884288761,0
5.99497315459622,5.750882327975089,0.24409082662113146,0
22.582226723161803,29.041178430068218,6.458951706906415,1
17.75148036977648,19.304547051953705,1.5530666821772243,0
14.743124577827171,10.579046075353116,4.164078502474055,0
7.882955950719146,5.701546778057194,2.181409172661952,0
26.405971793311263,28.794675692267887,2.3887038989566243,0
30.220761645386503,29.768215348215758,0.4525462971707448,0
25.408055459199346,25.849124077838717,0.4410686186393704,0
20.7165582061739,22.056867932199438,1.3403097260255379,0
29.63496677278688,28.338161583585887,1.2968051892009917,0
13.716277386009974,12.66851648989002,1.0477608961199536,0
31.970645458808523,30.363828765117493,1.6068166936910302,0
24.31976566203893,25.982720619833717,1.6629549577947884,0
16.90669114198466,14.037331131134518,2.8693600108501407,0
23.525384013724125,24.438031996358784,0.9126479826346596,0
10.789362766210665,11.840880764357077,1.0515179981464122,0
28.066261666830737,27.412473911447954,0.6537877553827833,0
9.311366682763481,8.605297705299236,0.7060689774642448,0
13.787217491078446,16.127349912868766,2.3401324217903205,0
5.000665237039641,2.2432268887547506,2.7574383482848903,0
14.29190811980493,13.469479701278303,0.8224284185266271,0
18.468851446898164,17.66868450324714,0.8001669436510248,0
19.891458279398808,21.609673669002472,1.7182153896036638,0
29.23643449504914,28.39580768343962,0.8406268116095177,0
22.302066281793007,22.993176929384802,0.6911106475917954,0
30.45039495863562,33.485863588793066,3.035468630157446,0
22.977520004916176,23.95268726767274,0.975167262756564,0
33.921895322812475,29.46506259615324,4.456832726659236,0
13.415599851960822,15.32522961940806,1.9096297674472371,0
14.711671090109226,14.575188361157934,0.13648272895129132,0
33.52316658833757,34.12674925837745,0.6035826700398843,0
12.3314402953789,13.506970143118552,1.1755298477396519,0
12.763012187628258,12.590697558412275,0.1723146292159825,0
7.372934388113541,4.737276242131748,2.635658145981793,0
17.036316985447556,18.105897291394886,1.06958030594733,0
33.03641796885624,31.235154598087302,1.8012633707689396,0
17.976419042662478,19.091326888235358,1.1149078455728798,0
10.578740922858639,9.73006495924885,0.8486759636097894,0
5.376530102684647,4.229818399996734,1.146711702687913,0
8.802591842331502,10.025830601412782,1.2232387590812799,0
28.20283234989338,25.79636502623528,2.4064673236581022,0
34.45935971284905,32.06842075537874,2.3909389574703113,0
8.834383624433531,6.564750911136018,2.269632713297513,0
15.853124463479254,14.643785365502092,1.2093390979771623,0
27.577462792787095,29.341800362713233,1.7643375699261377,0
27.826127900835935,26.615394771492088,1.210733129343847,0
21.56685341130941,21.54883416427059,0.01801924703881852,0
23.448030928710537,22.53300957500183,0.9150213537087062,0
5.4030293330215144,5.645082637424124,0.2420533044026092,0
26.177801351111658,27.290142852426545,1.1123415013148872,0
32.572964125096675,32.48134860038003,0.09161552471664436,0
26.220625611465408,27.97335334288721,1.7527277314218033,0
10.950906243263745,7.646489570557079,3.304416672706666,0
8.162572612910186,8.518059968686561,0.3554873557763756,0
25.52340977381447,27.916490631450895,2.3930808576364235,0
20.072294816505377,20.903967259381687,0.8316724428763109,0
30.43324995449531,30.300795143244663,0.1324548112506463,0
10.668117295968326,8.694383408517137,1.9737338874511892,0
25.035315075223917,26.03951432238396,1.0041992471600416,0
14.634201328513445,11.439563239860066,3.194638088653379,0
5.064914238341045,6.7523011205334935,1.687386882192449,0
33.807065903254355,36.19996128622417,2.3928953829698187,0
18.714287676154843,18.965828245536393,0.2515405693815502,0
23.906185553383356,22.354083643315136,1.5521019100682203,0
34.313406626399285,35.98509893631639,1.6716923099171055,0
29.264205716287496,30.520278694712957,1.2560729784254612,0
34.99727709222242,32.54675439928652,2.4505226929358983,0
27.00683223791617,25.46818041556119,1.538651822354982,0
9.92428433020805,7.8643523746673605,2.059931955540689,0
33.14613554028699,32.08554081215742,1.0605947281295727,0
21.58264194153815,21.87451922461476,0.2918772830766123,0
5.45599988132894,2.9807065084772004,2.4752933728517394,0
5.433186197141308,7.141119419159696,1.7079332220183883,0
22.68809226430216,22.97619779240999,0.2881055281078311,0
30.895044455113993,30.05560180561001,0.8394426495039831,0
23.49110039020499,22.784495891152538,0.7066044990524531,0
21.67214106597383,21.271850508663384,0.40029055731044494,0
12.311954444901243,10.899507774811697,1.4124466700895457,0
32.960880551939596,31.356854916527386,1.60402563541221,0
28.01004056886022,29.97438565980674,1.9643450909465194,0
21.397153797912914,21.891867423700006,0.4947136257870923,0
22.039756434070455,24.25813254257626,2.2183761085058045,0
19.240722318442877,20.298279430102923,1.0575571116600457,0
29.25958134768575,28.312736956806994,0.9468443908787556,0
29.532982411129407,27.296716880772784,2.236265530356622,0
7.482843598294659,6.90996965423402,0.572873944060639,0
34.60958351935828,36.43906120944052,1.8294776900822356,0
30.51762168477748,28.90573003565274,1.6118916491247397,0
21.40543729513309,24.910964075123456,3.5055267799903653,0
13.040336397178876,12.184426673228677,0.8559097239501998,0
11.202962815503344,9.670402597217207,1.5325602182861378,0
14.361263226166535,14.35811958007608,0.0031436460904554764,0
13.326853584742201,16.111294942783882,2.784441358041681,0
27.856412163608507,30.04188573309485,2.1854735694863443,0
6.71669300116506,5.6429753195860295,1.0737176815790308,0
7.897441247723087,6.675128239345655,1.2223130083774318,0
22.195212802254492,22.10332200813599,0.09189079411850187,0
25.534025554519836,29.298300584307906,3.7642750297880703,0
8.163044368267292,10.586141291761415,2.423096923494123,0
27.84475156416956,31.734409892645743,3.889658328476184,0
34.28867897080225,33.502129704785865,0.7865492660163866,0
20.233875118318586,21.40002020109342,1.1661450827748325,0
17.475511881289425,17.970744004414243,0.49523212312481846,0
26.81288201181751,27.244913390990625,0.4320313791731145,0
22.12562591072926,20.281044373404605,1.844581537324654,0
31.331385275496245,28.58016887959396,2.7512163959022864,0
16.28949955759865,14.5920381475345,1.6974614100641485,0
34.1844022146135,34.36274623204891,0.17834401743541406,0
18.350151011363728,17.401135873636523,0.9490151377272049,0
6.795022000423804,8.63325226469542,1.8382302642716155,0
10.77216010233732,11.596484755123631,0.8243246527863111,0
20.673649726465534,18.805331836340923,1.8683178901246116,0
31.46651086964792,31.653617749291296,0.1871068796433768,0
10.342495299259738,12.713384957968234,2.3708896587084958,0
22.517286908971148,19.362328552291814,3.1549583566793338,0
33.408225848596274,37.15158385383436,3.743358005238086,0
17.615933191079083,20.77364407480714,3.1577108837280576,0
34.210692811397294,35.28860237139307,1.0779095599957742,0
15.20866704241761,16.98332242356404,1.774655381146431,0
19.216046471327118,20.448885156524334,1.2328386851972155,0
15.715625037513869,13.793767942978898,1.921857094534971,0
9.85750700696031,11.451214656684755,1.5937076497244451,0
28.987190693476418,27.451137621430675,1.5360530720457426,0
17.884306922032266,16.469422152520405,1.4148847695118612,0
10.494463611661836,8.514466442948775,1.9799971687130604,0
8.27135448381349,7.543302938554906,0.728051545258583,0
32.75659519548035,32.02317533397991,0.7334198615004439,0
29.103329377220273,30.598732963393193,1.4954035861729196,0
18.591875049764255,20.626579231211167,2.0347041814469122,0
26.968346072711057,24.72496321961062,2.2433828531004387,0
7.8376009956041965,5.15046500738855,2.6871359882156467,0
16.34984352892701,16.066414020520448,0.283429508406563,0
33.660570557968896,33.14126130474732,0.5193092532215786,0
14.323830216210421,8.87014500532536,5.453685210885061,1
23.48063744548319,19.97101362789312,3.509623817590068,0
24.778341600041745,29.459722466637793,4.681380866596047,0
22.260741953973653,23.35335058200136,1.0926086280277083,0
20.681322488665202,17.858618479683294,2.8227040089819084,0
11.877518326553114,15.277525411015805,3.4000070844626915,0
5.3472934172474975,3.5915542202069686,1.755739197040529,0
27.88587308876805,24.591236866921275,3.294636221846776,0
18.01773669232526,20.318851153901203,2.301114461575942,0
30.17975891200541,31.857414617230145,1.6776557052247334,0
25.383534789133655,26.026763043073952,0.6432282539402969,0
21.346926765998546,23.624778052858503,2.2778512868599563,0
9.887215439632932,6.549144525103473,3.3380709145294594,0
8.857623548531784,8.083498284145191,0.7741252643865923,0
17.079720955533347,16.31158161644465,0.7681393390886981,0
20.7153562158578,17.459550645980062,3.2558055698777366,0
19.298585752075216,18.74531514100989,0.5532706110653258,0
23.138068876482237,24.607082503153194,1.4690136266709573,0
29.81684456218477,29.936121065526642,0.11927650334187234,0
13.971248912238286,12.847969178000902,1.123279734237384,0
9.728754820435249,10.057562859764989,0.3288080393297399,0
32.37766607063381,34.94805536077398,2.57038929014017,0
16.403639721401113,15.690629307538977,0.7130104138621363,0
29.834804590742856,29.62296820185574,0.21183638888711442,0
6.334898208405249,5.359161991228893,0.9757362171763564,0
21.920407350112644,22.30839074863188,0.3879833985192356,0
7.892060338221308,8.820419141417785,0.9283588031964776,0
5.346149966775403,8.085083009197007,2.7389330424216034,0
7.514497427846965,4.459828959537647,3.054668468309319,0
29.923837658040018,29.84431266329377,0.0795249947462473,0
21.332800075422227,23.215528816755107,1.8827287413328797,0
14.148855033093039,14.329564480333115,0.18070944724007632,0
9.690353856775134,13.08819910383238,3.397845247057246,0
13.904144293291601,16.11347287878717,2.2093285854955695,0
11.513915218010986,13.337926122512432,1.8240109045014457,0
12.519857126064043,13.278206288713704,0.7583491626496617,0
21.53850702068701,23.38698283293924,1.8484758122522287,0
34.95400021875205,32.191646550570084,2.762353668181966,0
13.60410812918725,12.623589373547956,0.9805187556392934,0
8.744612165618975,9.323684751103078,0.5790725854841039,0
28.124683703861546,24.872603077814478,3.252080626047068,0
31.708480254216273,31.89860924222964,0.19012898801336675,0
16.764312150651122,17.126240318880214,0.3619281682290918,0
29.34727535558958,31.167941690637495,1.820666335047914,0
26.261030334717947,24.584152721612494,1.6768776131054537,0
27.528512962131177,26.000564024829437,1.5279489373017405,0
19.110510227669714,20.293908212772457,1.1833979851027436,0
31.760379477468913,30.403107505319266,1.357271972149647,0
30.712499050348097,31.65735890477382,0.9448598544257223,0
8.858325549258796,9.385306808234585,0.5269812589757894,0
27.03458214103473,23.48528211680018,3.5493000242345474,0
5.772671156454984,5.92771542486081,0.15504426840582575,0
19.072215143262433,17.017882931628577,2.054332211633856,0
28.025111427849804,26.731198319350014,1.2939131084997904,0
26.18522764778645,31.198427759272207,5.013200111485755,1
16.055218168044558,16.58405219716318,0.5288340291186238,0
25.048366734181815,25.78733127220202,0.7389645380202055,0
24.395353917207142,25.783540692626197,1.3881867754190544,0
16.16681454953901,17.18739205042471,1.0205775008857003,0
14.370218572314595,13.009042539135072,1.3611760331795235,0
28.254430766725743,25.87219247624217,2.382238290483574,0
17.5166499585841,18.137791008240896,0.6211410496567957,0
14.241793847597789,14.220262093752496,0.021531753845293267,0
5.8400372081143335,5.806920619264642,0.033116588849691375,0
27.433975309040232,25.52147482054954,1.9125004884906929,0
28.66809865298354,27.470693227584817,1.197405425398724,0
23.934885280387086,23.009771102014547,0.9251141783725387,0
33.488177200486746,34.466903800597066,0.9787266001103205,0
11.800019558181681,12.426764819910645,0.6267452617289635,0
24.907882939229943,24.329936092507555,0.5779468467223872,0
6.972204919327909,7.48322221193108,0.5110172926031709,0
33.1949779195394,30.77611585096908,2.4188620685703164,0
34.23056297116333,31.51569326726333,2.7148697039,0
11.56017540598705,15.91792734909493,4.35775194310788,0
11.217980825857424,12.352842445524228,1.134861619666804,0
30.066812854859432,30.005449738157143,0.06136311670228878,0
14.041713837449079,10.38452225214674,3.657191585302339,0
17.407887209285008,16.42244510187376,0.9854421074112487,0
32.85583121668892,31.220839018655976,1.6349921980329434,0
26.211759878530852,28.502976986829353,2.2912171082985004,0
10.20391055690842,9.318636510148895,0.885274046759525,0
24.456040612143262,23.359575811780942,1.0964648003623196,0
15.356947183923982,12.130148817184894,3.2267983667390876,0
14.11421342441551,15.937574550933302,1.823361126517792,0
27.84734935797408,24.347414744988622,3.499934612985456,0
9.293680060645926,8.974542658347508,0.31913740229841814,0
9.439774973916753,8.277565444952153,1.1622095289646008,0
23.41091440808357,24.573071293163995,1.1621568850804245,0
26.95014664572582,29.38150937521593,2.431362729490111,0
25.944558373214942,28.80298514377231,2.8584267705573687,0
22.823349198878866,24.27316426544503,1.4498150665661633,0
17.871328719407657,21.11996734415237,3.2486386247447143,0
9.31575194980054,9.089697166868895,0.22605478293164438,0
32.11982809733709,31.4026673117112,0.717160785625893,0
5.283009335884511,3.51599733745748,1.767011998427031,0
5.220352175781836,7.458234787474222,2.2378826116923856,0
17.71288838026866,14.935116054973163,2.777772325295496,0
33.36043994305136,34.71268757339692,1.352247630345559,0
12.244383935302984,10.868894798170208,1.3754891371327762,0
6.6878407252853105,4.899285821483431,1.788554903801879,0
19.987679228436633,21.447671580982586,1.459992352545953,0
19.173787412217855,19.650554716622658,0.4767673044048024,0
5.658053807842426,9.383084565133995,3.7250307572915693,0
17.930433920478784,15.63997931130585,2.290454609172933,0
24.11037998755591,26.843311643482455,2.7329316559265457,0
16.095103274755473,13.623114240966718,2.4719890337887556,0
19.490566819154544,19.991444097261045,0.5008772781065005,0
15.553293713133522,15.35094817196588,0.20234554116764158,0
29.54881183375127,29.14574968575261,0.4030621479986607,0
25.964173921557446,27.170352551464187,1.2061786299067414,0
21.39360461812038,20.958048385209906,0.43555623291047496,0
29.362849707273107,27.439149965949866,1.9236997413232402,0
29.472875555399753,27.894951397305565,1.5779241580941878,0
31.900295057886286,34.99395570025051,3.093660642364224,0
29.781930675793678,26.537551277605818,3.24437939818786,0
17.633531690163128,19.44913405116442,1.815602361001293,0
22.0611728651734,21.455094849483125,0.6060780156902759,0
28.400855801740885,29.42743375948292,1.0265779577420346,0
17.068120559810637,17.393374163374283,0.3252536035636453,0
25.92628108760165,26.443702722480385,0.5174216348787333,0
33.010966413581585,32.98304051550716,0.027925898074421696,0
5.414636662115232,5.194353959625397,0.2202827024898344,0
7.475118458850992,9.093758533663081,1.618640074812089,0
26.271684780984398,24.581548675827175,1.6901361051572223,0
5.324572629567561,4.741949773378714,0.5826228561888467,0
11.513528198569075,12.562410559313284,1.0488823607442086,0
22.681795755009738,23.80143645257267,1.1196406975629323,0
8.288348748607543,8.539005870506344,0.25065712189880074,0
33.74393200468698,34.457381273384435,0.7134492686974525,0
33.47091765519079,33.4008828446252,0.07003481056558769,0
19.953057517574507,21.45443547256895,1.5013779549944424,0
13.723680478126791,14.464736530928892,0.7410560528021009,0
19.241612756521654,19.247762894382046,0.006150137860391425,0
33.458169655735105,34.75530608574355,1.2971364300084431,0
27.150209313011555,25.86494232544616,1.285266987565393,0
27.24374252920545,28.148950085794272,0.9052075565888238,0
27.973773780090582,29.1190786087293,1.145304828638718,0
26.91395763563414,25.995027040027857,0.9189305956062839,0
34.326186891263106,36.888834943697496,2.5626480524343904,0
18.806355903454744,17.415062493079986,1.3912934103747574,0
7.513012457591321,7.788308466535373,0.2752960089440517,0
10.854415047958936,15.293115056170848,4.438700008211912,0
24.425244130933503,25.5783972686525,1.153153137718995,0
22.303722014582373,22.388956862007937,0.0852348474255642,0
16.57482785454144,15.482044829468034,1.0927830250734054,0
23.45781873201707,21.41004780852194,2.047770923495129,0
27.0837941694157,24.39163679082896,2.6921573785867388,0
13.176839102336876,10.694681460700835,2.482157641636041,0
21.254685274789775,22.55045043387211,1.295765159082336,0
13.390885274770994,15.132881746908355,1.7419964721373606,0
31.198058887144878,34.10494466142433,2.9068857742794485,0
12.197225904894875,14.876997442449145,2.67977153755427,0
6.549106969581545,4.155463354999295,2.39364361458225,0
13.347270110378064,17.690427696875652,4.343157586497588,0
26.247780555830786,26.0911563437033,0.15662421212748612,0
8.495578965404302,8.396374523457744,0.09920444194655786,0
21.366728730638506,22.40766275869638,1.0409340280578725,0
5.41290217303405,4.985825735559146,0.42707643747490387,0
31.200124443820716,32.30603158153145,1.1059071377107337,0
20.151957730744712,16.876824360196196,3.2751333705485166,0
31.555504947004426,33.36672301561118,1.8112180686067525,0
33.14357563400016,36.227598563199216,3.084022929199058,0
10.727532121757942,13.072386288055576,2.344854166297633,0
10.312112823194395,13.803144162345019,3.4910313391506236,0
17.891359273551462,17.97505692388645,0.08369765033498666,0
21.00275829878232,22.714997846052334,1.7122395472700127,0
34.528640482614556,37.50157025635402,2.972929773739466,0
27.811592970028983,28.9353844744988,1.1237915044698177,0
18.198556053689202,18.196596700909968,0.0019593527792345355,0
32.561775414819806,31.53522590406659,1.0265495107532168,0
26.068190177319202,29.14077610809672,3.0725859307775174,0
14.39517954995518,16.29053257984188,1.8953530298866994,0
25.152422156607727,26.43286104393848,1.280438887330753,0
33.38934643461082,32.41248935061338,0.9768570839974444,0
28.15516053803846,27.76006234150837,0.39509819653008904,0
15.85421043670323,16.708984409453887,0.8547739727506567,0
18.801282184394854,16.101760857603157,2.6995213267916967,0
17.644806159498252,16.812604843501607,0.8322013159966453,0
7.20371366261216,8.268680910315581,1.0649672477034207,0
7.577398412217903,5.676330382147327,1.9010680300705758,0
29.89962636101561,28.048119616376006,1.8515067446396039,0
12.502120125299927,10.422473790276506,2.079646335023421,0
23.99972449824803,25.87132242645035,1.8715979282023234,0
28.612092153384506,27.107237548282015,1.5048546051024907,0
7.021134331541061,4.43104646618537,2.5900878653556916,0
15.072564855083213,15.103080198287211,0.030515343203997958,0
22.993743438639015,22.84866830766675,0.1450751309722662,0
6.671170644692273,8.537942444770511,1.8667718000782383,0
31.90069594409697,33.861082778022,1.9603868339250319,0
26.651727354633096,27.642687051992464,0.9909596973593686,0
22.75773897015714,23.022512935318133,0.2647739651609946,0
5.510298475684651,4.5059241127378975,1.0043743629467539,0
14.362993569246882,12.68760105772923,1.6753925115176518,0
33.015739852571684,33.253525238324556,0.237785385752872,0
33.41184073226154,35.483819572378756,2.071978840117218,0
9.351552753666159,11.006083044099501,1.6545302904333425,0
25.731254600994017,23.909806722148787,1.8214478788452304,0
26.879902926008118,27.069308310854108,0.18940538484599045,0
31.973882845947667,31.304237725436163,0.6696451205115039,0
9.25202657084158,10.138658675585214,0.8866321047436347,0
19.24375694967671,21.40398707440776,2.1602301247310507,0
16.799448436491325,17.67882704469652,0.8793786082051938,0
16.500087922713433,14.844961926219668,1.6551259964937657,0
30.15729145259366,29.213102255541987,0.9441891970516743,0
33.28290068043481,33.19247763297493,0.09042304745987906,0
18.612223739225026,15.94168574090921,2.670537998315817,0
10.358378302346958,15.100965148489271,4.742586846142313,0
33.97306191719483,34.42823502704081,0.4551731098459797,0
33.61348082412809,33.74528492974097,0.13180410561287914,0
28.33758296277875,30.077302704333924,1.7397197415551737,0
6.430974520225485,6.267198967022513,0.16377555320297166,0
21.65830771238409,23.28209462776643,1.6237869153823397,0
14.45363774363753,12.347371609766022,2.106266133871509,0
9.927264889673353,8.792360507014498,1.1349043826588545,0
29.72381196842885,30.579182650234472,0.8553706818056206,0
22.268307963119494,27.804871798541086,5.5365638354215925,1
32.874508820053585,32.82066875241684,0.05384006763674165,0
21.27449373193938,19.627110164679944,1.6473835672594355,0
25.011663025552288,27.905151596875772,2.893488571323484,0
33.490819918884235,29.68597430954146,3.804845609342774,0
20.446281818926025,18.603871836159023,1.842409982767002,0
23.650768993730626,23.34364261616982,0.30712637756080596,0
17.695776284030103,21.09184222959716,3.396065945567056,0
22.673837898043388,21.128376130150734,1.5454617678926539,0
10.615013539087439,15.05523488091199,4.44022134182455,0
26.315997356623974,25.655616760710465,0.6603805959135087,0
5.488782587713636,2.2767679945642914,3.2120145931493442,0
14.881005151268209,15.204260505098217,0.3232553538300085,0
6.588144060108943,4.242187806443435,2.3459562536655083,0
5.814841107886441,7.605928237772499,1.7910871298860584,0
8.141273608120134,6.231756353860174,1.9095172542599599,0
17.433992775179206,15.809796536083262,1.6241962390959443,0
29.58127249628867,27.102784121738726,2.4784883745499435,0
13.373240192738656,11.604659595875532,1.7685805968631243,0
14.69602867253291,15.313225614810325,0.6171969422774151,0
6.566902906921047,6.500841806508708,0.06606110041233926,0
21.41635795019888,21.53905574961829,0.12269779941940939,0
24.885549073224837,25.669121989022315,0.7835729157974782,0
12.084926862369594,15.07183265960725,2.9869057972376556,0
25.834188969407688,23.95800386504978,1.8761851043579085,0
19.950661343069957,21.154062258825313,1.2034009157553562,0
33.41704286876247,33.27046983449653,0.14657303426594126,0
12.79661475608332,14.927875407360446,2.1312606512771257,0
33.084926430688974,28.885517045305253,4.199409385383721,0
15.506105747949908,13.100120094918761,2.4059856530311468,0
14.965985143279234,13.751556642788877,1.2144285004903566,0
9.699169072507926,8.426230932793176,1.27293813971475,0
11.87310449578689,12.110811930897722,0.23770743511083126,0
26.117025364999467,28.89604219820012,2.7790168332006537,0
5.03192159412621,7.9569856204197595,2.9250640262935494,0
7.889294348831194,6.735448599797998,1.153845749033196,0
8.928457947324976,11.613037700040831,2.6845797527158552,0
29.449886900347366,29.394598098929944,0.055288801417422206,0
15.271315647023506,15.107066261210118,0.16424938581338822,0
18.58667423770684,21.598778393250228,3.012104155543387,0
17.114015296378728,17.301021287001554,0.18700599062282564,0
30.891309024654813,30.903250322810294,0.01194129815548095,0
33.15659098070594,35.522014671552625,2.365423690846683,0
20.9523163111308,20.692686366176844,0.2596299449539572,0
27.386240488801338,26.05929862279594,1.3269418660053987,0
12.851194647104002,14.17182397768191,1.3206293305779084,0
7.2994965848540705,7.3480505363347834,0.048553951480712954,0
33.324675435504105,32.99951720823207,0.32515822727203414,0
23.716927626684708,22.978292567375153,0.738635059309555,0
34.3142438675495,33.3893249508798,0.9249189166697036,0
18.894818857399688,17.787973794334317,1.1068450630653714,0
24.895270385363553,24.451310089477655,0.4439602958858977,0
27.909697016272823,25.415653897003065,2.494043119269758,0
12.128416645210327,13.790945919320178,1.6625292741098505,0
11.251156859763919,10.778671873839308,0.47248498592461097,0
5.804863825320233,3.316736432367948,2.488127392952285,0
25.94569489371387,26.91915977015234,0.9734648764384701,0
18.48123255325379,17.64946474199434,0.83176781125945,0
21.346783363253902,21.662122015684776,0.31533865243087433,0
34.031403777139914,35.34989750832817,1.318493731188255,0
23.585351128778484,22.513705485490817,1.0716456432876669,0
33.246287390749366,28.42915193643999,4.817135454309376,0
15.49363569472215,13.194892730371002,2.2987429643511472,0
24.763844961246228,25.632082832910353,0.8682378716641246,0
18.534336498979833,18.037326298825022,0.49701020015481134,0
18.675253897489828,17.625439897279453,1.0498140002103753,0
12.510409891655229,12.34287719381379,0.16753269784143932,0
31.920331699816188,31.980756540422036,0.06042484060584741,0
26.901649040498935,26.586517446183183,0.31513159431575133,0
29.126712963237015,26.977307686216857,2.1494052770201577,0
23.994206712691465,29.92498472803194,5.930778015340476,1
15.017953762050324,16.845453570640338,1.827499808590014,0
5.926166579472241,8.648799380037735,2.722632800565494,0
15.694819328862893,16.535617044847704,0.8407977159848112,0
12.159482427348674,11.08887951468479,1.070602912663885,0
21.103181752362826,20.99883873609811,0.1043430162647141,0
20.050700292251,18.951536327416445,1.0991639648345561,0
11.637632819328175,15.933527846426879,4.2958950270987035,0
16.851646645344772,15.183612144587501,1.6680345007572708,0
14.20778563331367,11.625073418641751,2.5827122146719184,0
28.873664698940534,29.858233955207346,0.9845692562668127,0
23.822904092969388,23.368977051543443,0.45392704142594553,0
31.818273362735454,31.22953587979975,0.5887374829357022,0
18.95481645860485,16.962071801281002,1.992744657323847,0
32.6238841577412,33.79513335978686,1.171249202045658,0
15.346983254799364,11.652180181459233,3.6948030733401307,0
12.28961572767442,9.928864284283753,2.360751443390667,0
10.101036285666217,10.693925036089722,0.592888750423505,0
26.51635800227114,29.567524540009494,3.0511665377383537,0
26.542534561585647,22.911698366663828,3.6308361949218195,0
31.39563223139208,31.157225217187737,0.23840701420434485,0
9.439932591180348,8.04256957848119,1.3973630126991576,0
8.439172788205987,8.806744187654521,0.36757139944853456,0
8.21531670136708,7.036672376264241,1.1786443251028382,0
12.308869305983603,15.782627290415617,3.473757984432014,0
29.027789589215928,29.00677766396743,0.02101192524849793,0
10.335856797000297,12.054305644131658,1.718448847131361,0
11.090218933671634,13.545806808184274,2.4555878745126396,0
13.881865113189995,10.439636550219054,3.442228562970941,0
12.999440275350116,15.378675279983192,2.3792350046330757,0
25.418654777552923,26.739662044402426,1.3210072668495023,0
33.484658794942234,32.73092604782954,0.7537327471126929,0
25.411915184015665,26.40247628772555,0.9905611037098829,0
10.49517543128474,14.13956971295074,3.644394281666001,0
28.036656697073806,24.016220992023815,4.020435705049991,0
32.69100007684016,33.2527888362937,0.5617887594535418,0
17.563965649109257,16.765264668894705,0.7987009802145515,0
25.215696671233843,27.94704130690631,2.7313446356724675,0
22.569514909856025,23.04839508802436,0.4788801781683354,0
34.23995811043642,35.715130710773515,1.4751726003370962,0
13.213531204199816,16.81185157993981,3.598320375739993,0
8.839954107085717,10.126286257399572,1.2863321503138554,0
34.499808668179554,35.14401774329986,0.6442090751203082,0
26.842206615990257,30.28364041812662,3.4414338021363626,0
18.213777351861246,16.64253779735214,1.5712395545091056,0
9.326048567320331,9.787955903718085,0.46190733639775416,0
31.192476846253793,31.72115025103595,0.5286734047821575,0
5.976524251884263,5.845169925593906,0.13135432629035737,0
8.213895615494037,10.325623851413356,2.111728235919319,0
26.48991646567221,22.668211840618056,3.821704625054153,0
19.742219194922114,22.874088056048198,3.131868861126083,0
7.242214308823154,4.601654785313882,2.640559523509272,0
7.887117573877779,8.964171794751806,1.077054220874027,0
29.370110197803967,29.045645101776817,0.3244650960271507,0
28.50711267359177,28.047437755807767,0.45967491778400316,0
18.454394102721007,14.262472147639313,4.191921955081694,0
30.315258105658092,32.73199817953824,2.4167400738801454,0
14.467326639933537,15.504649270864657,1.0373226309311203,0
5.227739432634607,1.9135812380605168,3.31415819457409,0
15.324926100306824,17.73670898050188,2.411782880195057,0
29.844580582756272,29.305155040281832,0.5394255424744401,0
32.29232221051697,29.64990833729328,2.642413873223692,0
23.84226229308595,23.4895658163749,0.3526964767110492,0
20.6615016680835,20.349578541099376,0.31192312698412294,0
8.744401857661899,9.06927748568071,0.32487562801881076,0
24.225099431794543,25.13105930052343,0.9059598687288855,0
10.016745030945554,10.989369346644265,0.9726243156987113,0
31.34215046083993,30.117716379407454,1.2244340814324772,0
24.560589715271252,25.064823427305726,0.5042337120344733,0
8.928806841490001,7.6204221524454745,1.3083846890445265,0
27.43651399926708,25.122866796250083,2.3136472030169983,0
29.916807864087584,30.103423603798213,0.1866157397106285,0
10.168661420069522,9.11688785699678,1.051773563072743,0
24.520429754833543,24.734420498698636,0.21399074386509298,0
19.134237162284066,20.336561464201434,1.2023243019173684,0
27.637047310904133,28.930545388715036,1.2934980778109022,0
5.220241160228376,5.930313852501233,0.7100726922728571,0
9.205818134142838,9.007283837511546,0.1985342966312924,0
32.30426539666448,35.58742038626971,3.2831549896052294,0
28.220107564908204,26.71957220820722,1.5005353567009827,0
12.112519391860847,10.435286991380973,1.6772324004798733,0
31.9899514522957,32.77586520092293,0.7859137486272303,0
22.147793216419874,22.57881817705017,0.43102496063029605,0
7.246189115811664,4.202531759718847,3.043657356092816,0
5.5407443805471255,6.713414056299186,1.1726696757520605,0
5.118551682423858,5.371085860112668,0.25253417768881015,0
25.593866976259605,26.915140981612378,1.3212740053527732,0
23.989677570250375,26.608271328639166,2.6185937583887906,0
13.795285884599593,15.022624313044744,1.227338428445151,0
7.577589409526202,4.701691883090101,2.875897526436101,0
25.1989928266571,26.31592027475848,1.1169274481013787,0
23.682399784497264,21.191764853578054,2.49063493091921,0
27.776557239865497,24.49904716387142,3.2775100759940763,0
9.24714690821312,4.870802128135929,4.376344780077191,0
34.36519261851702,34.19257974350085,0.17261287501617062,0
17.47890491674896,16.192793690163832,1.2861112265851276,0
24.357514327228476,25.513566183088635,1.1560518558601593,0
5.334651037637853,3.074080198701378,2.260570838936475,0
18.926554008518274,16.033368833014702,2.8931851755035716,0
23.35371839323817,23.160407615594654,0.1933107776435179,0
28.071202778570225,24.690878583280526,3.380324195289699,0
25.055559256474744,24.420110955842535,0.6354483006322091,0
20.79947274802879,18.544615385871655,2.2548573621571357,0
15.3247666856537,15.735509560320564,0.4107428746668642,0
16.819238732654963,20.729953249052215,3.9107145163972525,0
30.10546744840558,32.442628530746596,2.337161082341016,0
24.35840983567608,25.337829653896996,0.9794198182209151,0
11.631566907154752,12.17215107736,0.5405841702052481,0
34.12536458125754,36.53193724426333,2.4065726630057895,0
9.147579761388574,10.696479884645575,1.5489001232570008,0
11.468654504915268,11.577234198722364,0.10857969380709598,0
23.26820826767371,21.80704267503484,1.4611655926388707,0
16.6429209778745,15.352985053255308,1.2899359246191917,0
12.495384999140882,12.210836536977098,0.2845484621637837,0
19.038538690434226,18.658180650401885,0.3803580400323412,0
25.371780747992855,24.097997548307603,1.2737831996852513,0
5.08163845356993,6.931287577848771,1.8496491242788409,0
32.986814443853554,28.80459089505364,4.182223548799914,0
18.28319169106965,16.82082251286417,1.4623691782054813,0
31.389826797095584,31.68545766745145,0.29563087035586477,0
17.186364146244053,18.096512774569746,0.9101486283256932,0
13.252995961955975,16.16494966765823,2.911953705702256,0
30.32230173196561,32.18991147418153,1.8676097422159188,0
24.977887862900108,24.965800372457203,0.012087490442905136,0
21.78112997632615,23.095901999745188,1.3147720234190388,0
21.281943064228468,18.254606655096183,3.0273364091322854,0
6.260173361928437,6.988521516452293,0.7283481545238555,0
34.094978693118165,33.950680941437476,0.14429775168068915,0
32.133526469802675,33.84114616169421,1.7076196918915372,0
7.178397107632337,7.747570404944376,0.5691732973120391,0
11.881050237659974,10.946190322592138,0.9348599150678361,0
5.516847714175555,7.034828051142022,1.5179803369664668,0
24.455209447021915,26.306841618816815,1.8516321717949005,0
6.220454707791172,8.645995678455606,2.425540970664434,0
15.610207260764549,15.912639779199406,0.3024325184348573,0
24.16849055925834,25.259499526391657,1.091008967133316,0
31.379296446054123,31.35150062976959,0.027795816284534425,0
28.101259501379577,32.20435736008609,4.103097858706516,0
27.354431170229375,26.758942917451733,0.595488252777642,0
33.53094874149136,35.17499892556162,1.6440501840702595,0
25.39006352144556,25.615998477588963,0.22593495614340497,0
16.20606446948986,17.94085436081486,1.7347898913250006,0
13.077248745067116,13.93100159415594,0.8537528490888242,0
31.88680519643101,31.304885017154355,0.5819201792766542,0
16.77269764056547,19.058681950042768,2.2859843094772963,0
29.66579480706497,30.209692346886918,0.5438975398219483,0
29.339141784993654,29.105260977042555,0.233880807951099,0
10.178633587984983,9.748747736717439,0.4298858512675441,0
31.744579610413087,31.574053657041656,0.17052595337143117,0
14.825342540209627,14.140945424074374,0.6843971161352531,0
9.627750404142875,11.387333970539489,1.7595835663966142,0
30.476025977471444,32.32787073439132,1.8518447569198742,0
21.127963583250658,25.217399721432873,4.089436138182215,0
10.280393677306641,11.103213203000594,0.8228195256939532,0
10.766146015312412,12.9602379406784,2.1940919253659885,0
27.606848567480185,29.246772773439528,1.6399242059593426,0
30.317065262427448,33.33853304353507,3.0214677811076243,0
27.48637671116134,27.64888872404032,0.16251201287897743,0
13.787095624785614,14.136811445204504,0.34971582041888993,0
20.52640771959826,20.98346044040993,0.4570527208116708,0
13.91520940933107,12.636519938857795,1.2786894704732745,0
12.347483679187441,9.462705366246949,2.884778312940492,0
19.695345665038193,22.252903434313655,2.557557769275462,0
5.890388912849703,7.020422652639507,1.1300337397898037,0
15.174977206140921,19.194959660637238,4.019982454496317,0
21.883422690939824,25.443545787748818,3.5601230968089936,0
26.06312993628493,25.999085953201323,0.06404398308360726,0
26.70994432642152,30.986892654003903,4.276948327582382,0
8.120489027959723,8.80847896009689,0.6879899321371674,0
5.359099151451336,3.4131670614298404,1.945932090021496,0
22.531124645850298,23.241212033398433,0.7100873875481355,0
33.05444117928616,33.65245287660932,0.5980116973231588,0
33.054414863493626,30.813566543727045,2.240848319766581,0
17.152668431412565,14.693624071579649,2.459044359832916,0
15.551559022737267,13.780720773550511,1.770838249186756,0
15.993795185989484,12.987595158264961,3.006200027724523,0
17.391507435522403,20.72921747192169,3.3377100363992867,0
33.48709605119148,35.38656590161833,1.8994698504268541,0
16.541519993145638,17.31714403078894,0.7756240376433006,0
15.377007611512107,20.626789014416246,5.249781402904139,1
14.540145862024987,10.713322569731389,3.8268232922935983,0
28.258823035419244,30.303472169402504,2.0446491339832598,0
6.10161715529196,5.468088998701457,0.6335281565905024,0
34.52385798572949,37.56019910856765,3.0363411228381594,0
21.864095257529865,22.000569123529814,0.1364738659999496,0
24.901529994271876,26.848574407236377,1.9470444129645017,0
14.959320625296229,13.360424022048901,1.5988966032473275,0
28.898365096524575,29.665468962128926,0.7671038656043514,0
23.84958771968498,24.476150113865632,0.6265623941806524,0
5.809176377584339,5.240957989169744,0.5682183884145946,0
31.904723098566336,32.88748847154731,0.9827653729809711,0
19.522630882450308,23.6217592863049,4.099128403854593,0
9.673722334487902,9.990759071642387,0.3170367371544849,0
26.785075994602114,27.08741009369382,0.3023340990917056,0
29.999882259000014,25.523632809950005,4.476249449050009,0
19.25702710810848,16.432682485390536,2.8243446227179447,0
9.675276228036203,10.911004876062943,1.2357286480267398,0
22.734131060507625,23.029019755217654,0.29488869471002843,0
14.239706850693285,13.571399295336578,0.6683075553567068,0
14.490311427895646,12.215785032956434,2.274526394939212,0
5.032986504604592,6.77057327246548,1.737586767860888,0
32.9121069393225,35.531014034531005,2.618907095208506,0
13.311274449766833,13.10195776199315,0.20931668777368273,0
9.615210815253082,6.552720850904447,3.062489964348635,0
16.104629929812695,16.10598287249066,0.001352942677964819,0
17.200460800299563,18.322223485800116,1.1217626855005527,0
14.202744511875489,12.963192702523909,1.23955180935158,0
7.066061486840798,10.911541833000355,3.8454803461595564,0
7.49996188745174,7.157737529876272,0.34222435757546865,0
15.653405986756809,15.657233115374984,0.003827128618175024,0
26.005166739996646,26.64385584855146,0.6386891085548143,0
13.790399446682143,11.255394262024108,2.5350051846580346,0
7.334379344922577,7.104990354198839,0.22938899072373786,0
22.326146182015933,23.914637061782965,1.5884908797670327,0
26.8644583204266,29.44252509918014,2.5780667787535414,0
14.152545727159684,15.7380082333791,1.5854625062194163,0
6.604801892446728,8.568965301339142,1.9641634088924143,0
15.11673043332435,16.957600482699206,1.8408700493748569,0
12.540023420373073,11.794372021164461,0.7456513992086116,0
32.069206401633636,34.45449188703414,2.3852854854005017,0
18.453397753629645,20.20136502323076,1.7479672696011157,0
26.33699040670687,25.662816219477858,0.6741741872290135,0
23.070993228450686,23.104039640821355,0.03304641237066974,0
14.544532981574253,14.824226985273917,0.2796940036996638,0
23.092338035411288,22.25206172326178,0.8402763121495092,0
31.94782701945339,33.121268717875516,1.1734416984221276,0
11.617295143621021,15.31843587076148,3.7011407271404586,0
17.12131905527732,15.881273507614129,1.2400455476631898,0
14.648868951040551,16.7029171566966,2.0540482056560485,0
12.82677650288468,11.481176521430896,1.345599981453784,0
7.196793520651855,5.6043643812135935,1.592429139438262,0
11.27146357821653,12.505813327027408,1.2343497488108781,0
19.866517110429292,20.240186305765086,0.37366919533579335,0
8.159104494945343,8.340988711841884,0.18188421689654177,0
23.54883104969256,23.265547560924052,0.2832834887685074,0
9.230077464022862,11.18322379486824,1.953146330845378,0
14.500818215860235,11.699945076897524,2.800873138962711,0
18.128139772096254,16.59432159026877,1.5338181818274848,0
11.077640509502757,13.519628710443811,2.4419882009410543,0
12.201942287768736,14.643606832409137,2.4416645446404015,0
34.2674623971532,35.10547174006716,0.8380093429139563,0
16.599139435397184,14.425891770945064,2.17324766445212,0
33.40757974214202,33.843371014261606,0.43579127211958735,0
19.021440871268446,22.715131256813965,3.693690385545519,0
32.75830733525688,34.228250090266336,1.4699427550094555,0
14.072914405397107,12.223874655218259,1.8490397501788483,0
31.957506264407975,30.378394139951173,1.5791121244568025,0
9.903714002481065,12.947346424334974,3.043632421853909,0
12.40546238791611,12.423453138554201,0.017990750638091413,0
31.574251038694968,32.5449876497453,0.9707366110503344,0
16.570657735587133,13.40714591958364,3.163511816003494,0
18.658207314056916,20.4896482875451,1.831440973488185,0
16.879067666624948,18.514023059838586,1.6349553932136374,0
32.498171162285985,27.657778416568885,4.8403927457171,0
23.266418044229322,25.37924671279964,2.1128286685703195,0
34.78762025879283,34.254768367611,0.5328518911818279,0
8.340678124036229,10.227511221826505,1.8868330977902765,0
19.801648299805098,17.750470087125446,2.051178212679652,0
34.85584994953663,36.33504967927839,1.479199729741758,0
11.156536136571454,10.996115757281544,0.16042037928990993,0
6.509876027721657,4.337021753584569,2.172854274137088,0
24.215195724119734,25.393895735870423,1.1787000117506885,0
32.11975049806591,31.785343766847777,0.33440673121813447,0
32.155562908949896,32.75922118001063,0.6036582710607306,0
25.798846777071624,25.444792102524605,0.3540546745470188,0
22.895702340664585,21.761973522336387,1.1337288183281977,0
17.890357647935794,15.83802042633132,2.052337221604473,0
18.389126759188585,16.843229191140367,1.5458975680482183,0
9.882640493320238,10.656397305415195,0.7737568120949572,0
13.416961852316973,8.869644520252617,4.547317332064356,0
7.576645209705869,11.479764239676093,3.9031190299702248,0
8.03598901313523,11.065919606626021,3.029930593490791,0
27.967789894733787,27.240379871459535,0.7274100232742526,0
28.480878901413522,28.824358798025784,0.3434798966122621,0
13.985861752608452,13.506084393413719,0.47977735919473297,0
16.449521675876415,18.235776346911734,1.7862546710353193,0
34.95156786815271,36.138844955305366,1.1872770871526583,0
7.791483831784359,9.059009899580845,1.267526067796486,0
21.919215698767644,22.734877148054906,0.815661449287262,0
24.922124244931315,25.948026459421683,1.025902214490369,0
14.674794845374372,12.477708271763136,2.1970865736112355,0
11.820699872776444,9.354855382731667,2.465844490044777,0
15.519777618208057,15.263394374345951,0.2563832438621052,0
18.10494301581727,16.89323076029838,1.21171225551889,0
6.376608752870087,6.916216095054778,0.5396073421846905,0
17.136918288248353,18.772432833803546,1.6355145455551927,0
16.256296821325655,15.004294094193554,1.2520027271321013,0
10.439141004564796,11.387017443689386,0.94787643912459,0
22.946665211148957,24.021319776028207,1.0746545648792498,0
12.30463720805611,11.393733998889514,0.9109032091665963,0
33.43418536126904,34.661530987352535,1.2273456260834976,0
10.635239690929097,8.129690690230177,2.5055490006989203,0
10.74905310574297,9.862105832933416,0.8869472728095538,0
22.877846148150677,23.5164034250921,0.6385572769414232,0
32.31797280334612,35.56992693277222,3.251954129426096,0
15.25189229119343,15.029789289589992,0.222103001603438,0
16.043608762486066,18.514109259939136,2.47050049745307,0
29.6722559806224,31.227669621388536,1.5554136407661368,0
11.627975954150447,11.980390038648734,0.35241408449828704,0
24.548324944361088,25.18952326827558,0.6411983239144909,0
22.07591527125822,24.653124318076337,2.5772090468181155,0
29.39337129998205,28.66870124138866,0.7246700585933894,0
12.327916561196481,16.765799330711545,4.437882769515063,0
13.650426597920141,14.83698470091994,1.1865581029997987,0
25.545469521525728,23.696044491170532,1.8494250303551958,0
33.70650443982669,34.59505142731865,0.8885469874919636,0
13.622686319624515,13.1989561802451,0.4237301393794155,0
19.60716058236322,19.638387577002757,0.031226994639535377,0
29.047608521457562,27.618041592086094,1.4295669293714681,0
21.758888212862068,20.880596420168917,0.878291792693151,0
21.218013409464113,20.02153442971064,1.196478979753472,0
22.043057363239612,17.827800083457504,4.215257279782108,0
32.1915240404224,30.533472205615464,1.6580518348069369,0
19.563379197958447,19.250663632027894,0.31271556593055294,0
22.968607681429916,26.40974067227132,3.4411329908414032,0
6.565095702246851,9.786174658938105,3.2210789566912537,0
24.511402619763526,25.746929823005807,1.235527203242281,0
17.00978161377567,14.897426899681319,2.1123547140943497,0
23.70245715532378,23.00005572428946,0.7024014310343212,0
18.266614129385683,18.87168149361363,0.6050673642279456,0
12.768318649587389,12.675996469962099,0.09232217962528999,0
12.82111307422796,11.3631061769388,1.4580068972891596,0
31.52688176684084,30.2212915696428,1.3055901971980397,0
7.433380865136537,8.999592899315537,1.5662120341790002,0
19.52576270932327,19.869359062353382,0.3435963530301116,0
28.821843919374626,27.681062034128004,1.1407818852466214,0
10.662605699963326,12.878485194532603,2.2158794945692772,0
17.46961807083334,17.37401367981706,0.09560439101628049,0
11.378201302909403,12.453569940318312,1.0753686374089089,0
6.993981314964971,3.2251666946103605,3.7688146203546107,0
10.689434841760566,13.020848476283806,2.3314136345232406,0
19.42588647542691,18.94697185740414,0.47891461802277036,0
24.681605387408837,23.156107083635106,1.5254983037737304,0
18.158666638721137,18.446471305214953,0.2878046664938161,0
12.759446888447526,12.536549492435434,0.22289739601209213,0
9.169701277826729,13.199162307891033,4.029461030064304,0
10.175646934917117,8.105449246548146,2.070197688368971,0
28.77242322053358,27.966466526113773,0.8059566944198053,0
16.236324822101672,14.675942011133529,1.560382810968143,0
21.93188713837304,23.317619911739705,1.3857327733666658,0
32.847166657091456,31.262047444790703,1.5851192123007536,0
14.353619742989226,17.079890003225422,2.7262702602361966,0
29.697744990965937,31.14409971026355,1.446354719297613,0
19.408263609920596,19.025339284274096,0.38292432564649914,0
23.573536404060107,26.964368527109784,3.3908321230496767,0
33.559573538182775,33.30390771605812,0.25566582212465505,0
33.066315718750175,30.532392435129,2.5339232836211742,0
24.732651924866786,23.00968385316496,1.7229680717018248,0
15.680479032979699,12.713561775820587,2.9669172571591123,0
5.368963504157238,10.448203281499056,5.079239777341819,1
23.93807208733607,24.670231716940695,0.7321596296046238,0
10.01039244829472,9.712603102961879,0.2977893453328413,0
27.472574079599312,26.612194584118857,0.8603794954804549,0
13.024403643258859,15.208623086232958,2.184219442974099,0
7.169901025255418,9.586659755065703,2.4167587298102857,0
12.636975050661619,12.334311772023492,0.3026632786381267,0
28.344323241481433,26.064159212005734,2.2801640294756993,0
30.8326236423776,29.436076947842587,1.3965466945350151,0
21.35149713372585,23.18559730022038,1.8341001664945296,0
31.961837126411105,32.847529393281846,0.8856922668707412,0
13.642560690950798,15.769203331878558,2.1266426409277592,0
28.679052086302804,26.27326138993094,2.405790696371863,0
18.069159124760855,19.070207640499092,1.001048515738237,0
21.900722785337326,22.356347446285657,0.455624660948331,0
7.697828029738435,7.9468404947463505,0.2490124650079153,0
34.20097614676823,34.69717758965705,0.4962014428888253,0
5.010032526187502,3.5908604885429707,1.4191720376445316,0
14.080455217409204,11.949714868058734,2.1307403493504697,0
6.554890889386272,7.567417748908665,1.012526859522393,0
10.106428438606162,12.394285464743742,2.28785702613758,0
32.72000459937246,33.12522769834305,0.4052230989705947,0
5.5353644180092,5.857880785088344,0.3225163670791442,0
18.215879244701057,18.466536528262544,0.25065728356148753,0
21.09345852599432,19.288962854271414,1.8044956717229041,0
20.194509812444608,20.752120581695255,0.5576107692506476,0
18.744925330118548,18.750271172163153,0.005345842044604865,0
22.872742322475247,21.162468122404533,1.7102742000707138,0
26.164187891403635,22.947075463825623,3.2171124275780123,0
13.437332546472936,14.288325696019882,0.8509931495469463,0
24.658660849768726,25.191962899095476,0.5333020493267497,0
34.68774853147032,34.81045213163598,0.12270360016565718,0
26.414929223104405,26.582676506364518,0.16774728326011257,0
18.97259830347036,18.612331231848113,0.36026707162224625,0
22.791525792836776,21.806300354448013,0.9852254383887633,0
18.51164747025593,17.332698110386016,1.1789493598699146,0
21.747957621458834,23.274116991327205,1.5261593698683704,0
16.44885176736294,13.500832779425595,2.9480189879373437,0
13.995116127210416,13.048062017174573,0.9470541100358432,0
18.057051554245447,17.924330440477124,0.13272111376832285,0
9.825404079178352,12.90802427464623,3.0826201954678787,0
22.40277068941823,22.68561691045502,0.2828462210367917,0
34.446792162777214,35.921664855734335,1.4748726929571205,0
12.706773515938568,13.391131424529977,0.6843579085914087,0
17.83599117818061,16.66934485039162,1.166646327788989,0
30.289755816240746,32.87951924563406,2.5897634293933116,0
5.924182310875784,7.838189778192284,1.9140074673165,0
13.702956355648329,17.578180556840422,3.8752242011920934,0
21.9033622170031,19.316030334195,2.587331882808101,0
29.040960534551562,27.549094778849337,1.491865755702225,0
24.028815307391753,24.15989652373981,0.1310812163480577,0
21.366804319682082,21.329146205821793,0.03765811386028872,0
18.619033751719677,20.871704937577096,2.2526711858574195,0
14.098395820445717,12.355127146326602,1.7432686741191148,0
21.967783066092736,24.245234486161703,2.2774514200689673,0
7.232981375982136,6.575273174579333,0.6577082014028024,0
24.337607767956996,24.12073810660995,0.21686966134704733,0
31.706010125313256,28.42650002796504,3.279510097348215,0
24.73643243047843,30.086085471268532,5.349653040790102,1
25.652122140659117,24.660198607007363,0.9919235336517538,0
32.70948417337031,34.94133723334225,2.2318530599719395,0
29.210833788970348,28.644065528027646,0.5667682609427018,0
24.74541465188782,28.494411474883687,3.748996822995867,0
26.637359206427423,29.295574906920514,2.6582157004930913,0
29.27777424428643,30.16827020209851,0.8904959578120781,0
17.512906196229032,17.732340482874463,0.21943428664543063,0
14.06641415896451,10.131283328759526,3.9351308302049848,0
34.045777591813405,30.372004165072475,3.6737734267409294,0
10.535907452492483,8.925876851568843,1.6100306009236398,0
21.30284702420017,20.006373693734886,1.2964733304652825,0
23.910240276965855,21.921507740086554,1.9887325368793007,0
17.969167332449384,14.107217612797093,3.8619497196522907,0
33.852408274861915,36.0270850755156,2.1746768006536854,0
11.04867448939343,11.012729003701336,0.03594548569209444,0
34.74255704372169,31.372317067075013,3.370239976646676,0
13.236569378497888,14.996418495676217,1.7598491171783284,0
5.796799855496088,4.561175867421134,1.2356239880749547,0
24.783950006886865,24.715663167998397,0.06828683888846854,0
28.672194187428275,30.644491131579016,1.9722969441507416,0
10.131708568569927,9.085891496030804,1.0458170725391227,0
25.650982190692694,27.61530590641864,1.9643237157259463,0
27.625336346783254,28.297386434670795,0.6720500878875413,0
5.928639959240791,6.4136982600469805,0.4850583008061893,0
21.081347187190204,21.655733156511474,0.5743859693212698,0
29.177067460027974,31.297030661828366,2.1199632018003918,0
5.479773181878126,3.879228303094996,1.6005448787831296,0
26.70792919343792,27.918522621488655,1.2105934280507356,0
8.6145432075452,7.2720499519305974,1.3424932556146025,0
15.296599837557206,15.7314850666617,0.4348852291044931,0
29.7483092657927,29.831933259730956,0.08362399393825726,0
32.77925262762546,31.53855369190947,1.24069893571599,0
8.55168492911691,7.866020900286332,0.6856640288305771,0
29.900437567241102,27.59494797486847,2.3054895923726306,0
9.567465366054684,10.931828128264346,1.3643627622096623,0
28.489673084609056,31.66403933485909,3.174366250250035,0
33.08871489779037,35.02056617094397,1.9318512731536046,0
30.504006775766996,30.066756931152785,0.437249844614211,0
31.3913057225271,34.19996623351676,2.808660510989661,0
24.65350055873126,26.64990165465391,1.99640109592265,0
12.728972376770482,10.53723870139749,2.1917336753729924,0
15.877301946517138,20.839615593059804,4.9623136465426665,0
13.908292833736551,17.394131423055338,3.485838589318787,0
12.11850469702049,12.357322542392943,0.2388178453724521,0
12.805410639302615,12.35122844077515,0.4541821985274641,0
8.3279394065224,7.784526161038682,0.5434132454837188,0
29.37292282400396,27.82110415684471,1.5518186671592495,0
28.81024942439528,29.119819037723495,0.30956961332821464,0
5.288546840242876,5.9178338591559,0.6292870189130237,0
18.423225247598445,15.277842585116353,3.145382662482092,0
13.040746771263914,13.982285263351969,0.9415384920880552,0
6.954125823472422,7.101127933631292,0.1470021101588701,0
29.422029597907088,27.872431751859583,1.5495978460475044,0
26.584548306714222,30.526746310289845,3.9421980035756228,0
14.901071661161897,13.73459309675878,1.166478564403116,0
16.310813163063195,15.302619694733904,1.0081934683292904,0
13.39495086557017,13.51481660571524,0.11986574014506957,0
28.909926989855265,27.697567595954315,1.2123593939009503,0
12.529166033371927,12.880247676647842,0.35108164327591496,0
7.6180135171260135,10.114729237929076,2.4967157208030626,0
32.43358773257719,33.2480078265093,0.8144200939321138,0
24.414679932376394,24.995505859763465,0.5808259273870711,0
25.380652809944422,23.74435056298856,1.6363022469558608,0
32.614613225975305,35.369008454653056,2.754395228677751,0
26.196750578536808,24.638267122995256,1.5584834555415519,0
16.60061577989725,16.794523305517107,0.19390752561985636,0
28.00084336233601,27.153209004345864,0.8476343579901453,0
27.918051352409,25.706756355959907,2.2112949964490944,0
20.742876396153562,25.467828571260405,4.724952175106843,0
30.082870129582233,29.217924068071092,0.8649460615111408,0
12.48302712911367,12.616365747249848,0.1333386181361771,0
7.682823568294106,7.333328773235094,0.3494947950590124,0
9.844212622991616,9.847147327161021,0.0029347041694052223,0
26.86628595390101,27.369959451607876,0.5036734977068669,0
14.931444760920321,16.096734066339476,1.1652893054191544,0
33.15422732014764,34.97838570762901,1.8241583874813685,0
7.651970616629727,7.281860706895984,0.3701099097337428,0
22.401979399316374,24.95273417578391,2.550754776467535,0
11.111190996680005,9.719481660870054,1.391709335809951,0
28.214744236132894,25.250406820690724,2.96433741544217,0
11.057988997649748,14.967693259230566,3.909704261580819,0
20.494657284231593,20.37744081169178,0.1172164725398126,0
15.430313888334402,15.137097596393094,0.2932162919413077,0
9.894214289664866,11.16035895365756,1.2661446639926943,0
33.60512629950712,36.99514306686619,3.3900167673590715,0
33.67081406270401,32.82012086755801,0.8506931951460004,0
19.134653067907248,22.210869175009865,3.076216107102617,0
30.534546246615463,30.22621237882666,0.3083338677888037,0
30.356573149623955,32.04557636563837,1.689003216014413,0
27.568103235317082,25.90116144222773,1.6669417930893538,0
7.145637671855349,6.767348438281357,0.3782892335739918,0
29.342066277390096,28.27645363457999,1.0656126428101054,0
10.493447349417927,7.308232111751794,3.1852152376661333,0
32.65079195659433,30.465458598377246,2.185333358217086,0
12.279334589702229,11.663151431000635,0.6161831587015936,0
21.107725258342295,22.11350439060629,1.0057791322639957,0
10.888945246642356,13.862370500915318,2.9734252542729624,0
26.676931933383898,26.005470780605787,0.6714611527781109,0
6.244113221423366,2.447100222061726,3.79701299936164,0
21.9126015024572,23.048944150561503,1.1363426481043035,0
34.82725565865709,37.649606220111835,2.8223505614547477,0
20.466540815323466,20.741711091352002,0.27517027602853616,0
15.223699474486658,13.96878682105132,1.254912653435337,0
5.891819865396322,6.412361889759047,0.520542024362725,0
13.672227656827717,12.035119574973491,1.637108081854226,0
6.78622914756528,6.521953684928493,0.26427546263678625,0
8.884643724028358,10.122366147897644,1.237722423869286,0
28.506643765337063,26.61400886863356,1.8926348967035018,0
18.698569770313124,15.646441060912412,3.052128709400712,0
5.196643306819193,3.543471572121714,1.6531717346974792,0
34.95841132793072,38.302926765997654,3.344515438066935,0
33.48271168467271,33.110845323974935,0.3718663606977728,0
20.99537151289293,19.927899880185752,1.0674716327071785,0
26.99968035161043,25.686176432356714,1.3135039192537157,0
33.79191864855429,36.89634139261741,3.104422744063122,0
19.54250969021062,17.481793122730895,2.060716567479723,0
27.755044155164203,26.80388665179836,0.9511575033658417,0
20.21744537754858,17.316548479718378,2.9008968978302008,0
7.979368258291,7.689957321212563,0.28941093707843724,0
26.11447939378656,22.107507606635878,4.0069717871506825,0
9.77349293632337,9.91993056722497,0.1464376309016,0
11.090283847952994,14.908173968905869,3.8178901209528746,0
33.43875148162233,34.09598145327007,0.6572299716477374,0
19.829347747917165,18.036368875381413,1.7929788725357518,0
9.845199604402879,6.973817087384862,2.8713825170180165,0
31.69880145049348,33.96645093747618,2.2676494869827017,0
18.776629685368782,17.78346388188035,0.9931658034884308,0
22.10664618359637,24.660351874974296,2.5537056913779246,0
34.61619495111678,37.73902395217123,3.1228290010544484,0
21.637965806272764,22.73957629431198,1.101610488039217,0
33.68064723540211,32.25704790389471,1.423599331507404,0
25.46184485972106,25.08339656523705,0.37844829448401285,0
34.20205937893313,32.34151415163469,1.860545227298438,0
15.590607483019683,13.986030287428509,1.6045771955911743,0
22.560273189960913,22.23495431252798,0.32531887743293453,0
9.293897194518133,10.076355337056093,0.7824581425379602,0
12.37739269066104,17.058910101689374,4.681517411028334,0
5.012794010716927,3.0409003941661985,1.9718936165507288,0
9.146922695044843,8.22201300983952,0.9249096852053231,0
16.446153885921383,17.71886399117894,1.2727101052575556,0
23.98268411094244,23.57793605427497,0.4047480566674686,0
16.464008824616272,13.596725277337397,2.867283547278875,0
10.149905417573692,11.088744691512009,0.9388392739383171,0
22.791840162481613,22.774812173846442,0.017027988635170743,0
8.095880588657081,11.143505595403026,3.0476250067459443,0
25.08741350612053,28.031815488237534,2.9444019821170038,0
31.21887614325516,29.452795856160904,1.7660802870942547,0
15.097100259780023,16.098067123736776,1.0009668639567533,0
12.61441783418421,11.512283609965111,1.102134224219098,0
9.8696146399407,9.098465302442847,0.7711493374978531,0
14.093773724631,12.739790775529967,1.3539829491010327,0
13.153864116485437,11.223292128730021,1.9305719877554157,0
30.47852700656908,30.96453255834101,0.48600555177192817,0
30.29280345304193,33.17468447941835,2.8818810263764227,0
5.240249438844823,6.346708129965883,1.1064586911210599,0
30.77477716626404,27.712931863471148,3.061845302792893,0
23.81294812188183,23.209248173494895,0.6036999483869359,0
31.996897336407603,33.722862259395896,1.7259649229882932,0
5.511838277482546,3.5556752659258564,1.95616301155669,0
33.60455195584542,33.49988650870623,0.10466544713919035,0
12.29232685474187,11.072277486481543,1.2200493682603266,0
9.956283665671407,6.422845719834347,3.5334379458370595,0
28.015106152275113,30.29628506758033,2.281178915305219,0
19.628802580430225,20.815410572838445,1.18660799240822,0
16.65795594007432,14.106759447189738,2.551196492884582,0
12.030004184381479,10.696483362074778,1.333520822306701,0
21.86683605359586,20.530411024618623,1.3364250289772386,0
34.11571805499155,33.43544325665633,0.6802747983352191,0
32.37055583907707,34.77917578191307,2.4086199428359976,0
21.12346640601419,23.314630751435374,2.191164345421182,0
20.236730454170775,19.52145809894907,0.7152723552217068,0
9.973982832184706,11.237588299998736,1.2636054678140294,0
17.4545717574483,18.580588036261222,1.1260162788129229,0
6.33562744323628,6.606259898095007,0.27063245485872667,0
19.00931218711972,18.780683260195204,0.22862892692451453,0
30.029368072865203,32.54794138840349,2.5185733155382835,0
11.04857910802559,13.249453331533873,2.2008742235082828,0
30.671659313191306,32.36692683101174,1.695267517820433,0
8.236744137462747,9.193478101617194,0.9567339641544468,0
11.551433797428487,10.371416890017837,1.18001690741065,0
9.432705063722894,12.231147954869378,2.7984428911464843,0
22.024512411148205,21.953759391482375,0.0707530196658297,0
17.095453192192842,18.59856629589479,1.5031131037019492,0
18.31791800637312,18.69986003113288,0.38194202475975914,0
26.232787354551416,25.266856974750564,0.9659303798008523,0
22.510081259477356,21.476291539915415,1.0337897195619412,0
5.636094364383734,5.501072343065176,0.13502202131855778,0
29.844701362017965,29.358252898500208,0.48644846351775684,0
7.538975009680543,8.228113170912073,0.6891381612315293,0
22.435993318316207,19.229347043191535,3.2066462751246725,0
9.174702822739679,11.089044623069427,1.9143418003297477,0
22.625351808248652,23.470901845274273,0.845550037025621,0
22.484803273504983,25.293080688649876,2.808277415144893,0
25.591506511044177,23.480354171521864,2.111152339522313,0
19.09905090611668,22.29640252529493,3.1973516191782494,0
34.165034613616584,33.45386052636926,0.711174087247322,0
10.44866593488371,12.10959539712346,1.66092946223975,0
17.527540276314866,14.839467460266462,2.688072816048404,0
34.91651539943149,34.83216409820563,0.08435130122585832,0
34.97486521929497,31.376356355188143,3.598508864106826,0
26.284022373287247,29.274785332287117,2.99076295899987,0
30.098401135491496,32.242944092457584,2.144542956966088,0
23.220779747753433,22.16584776165025,1.0549319861031812,0
10.62521429888933,13.017803854328454,2.392589555439123,0
15.554457804226974,13.724754886066604,1.8297029181603701,0
13.749577089448547,12.490335703853846,1.2592413855947004,0
30.28372380644054,27.8107305350324,2.472993271408143,0
31.962775040200675,33.70923741299449,1.7464623727938147,0
28.447365505226212,26.493851700903427,1.9535138043227853,0
17.399482647978058,18.162420966223564,0.7629383182455065,0
19.935721761189853,16.824008494274253,3.1117132669156007,0
23.899424009852208,23.82521259271002,0.07421141714218749,0
16.792421563449494,17.96612556513954,1.1737040016900444,0
20.081332270029637,20.435628456576833,0.3542961865471952,0
17.978194063399627,18.58514367142837,0.6069496080287422,0
25.317186796907553,26.191099288847493,0.8739124919399401,0
25.189816558215977,21.81360208987292,3.3762144683430577,0
6.959571640239068,6.209225128677024,0.7503465115620447,0
25.64056605128866,22.475247972698277,3.1653180785903814,0
23.956113946572025,22.657925766831912,1.2981881797401122,0
14.055840791580781,14.1627976317348,0.10695684015401952,0
29.79257361335293,32.837235624713614,3.0446620113606855,0
27.019653825448877,26.361329631667665,0.6583241937812119,0
6.645003925013563,2.6100568239736424,4.03494710103992,0
31.841824623737416,30.43890773300206,1.402916890735355,0
15.214608608690602,13.658019703734384,1.556588904956218,0
30.718365787457813,31.00626575099842,0.28789996354060676,0
13.920833134528829,12.655936340781322,1.264896793747507,0
29.678126990466048,33.4696080379955,3.7914810475294516,0
29.661111197103423,30.499907033540858,0.8387958364374342,0
32.79840409359382,33.76513085332819,0.9667267597343709,0
8.827671891531667,6.069229555222069,2.7584423363095976,0
31.58936821458223,29.167030735054453,2.4223374795277763,0
14.978242840579808,15.271548199773827,0.2933053591940187,0
25.029481083583686,25.988829704612527,0.9593486210288411,0
27.260897754091975,29.71721295099609,2.4563151969041144,0
13.688166090961936,13.408175617115566,0.2799904738463699,0
11.099701413904661,6.152244104778544,4.947457309126118,0
23.384447598006712,21.42172390853796,1.9627236894687528,0
10.606808510322994,10.173363531545897,0.4334449787770964,0
16.6435940222209,16.48262167978746,0.16097234243343905,0
6.548327226597958,5.788816291069507,0.7595109355284508,0
9.786677528536057,12.227359147070946,2.4406816185348887,0
27.098087224687436,28.09664217648304,0.9985549517956045,0
23.812946550273566,26.493040242213446,2.680093691939881,0
21.4805163755109,22.280515742601168,0.799999367090269,0
29.89125927688197,28.23343545464966,1.657823822232313,0
17.85760086439674,19.667252529525456,1.8096516651287153,0
29.73381799204914,31.452240330569406,1.7184223385202664,0
13.986116608384782,16.491259939260743,2.5051433308759616,0
14.085695405435741,14.41777663729526,0.33208123185951877,0
25.697769647773907,28.759120364007824,3.0613507162339175,0
28.224048952992536,27.036642110300853,1.1874068426916828,0
20.21247439029142,23.294901580631922,3.0824271903405034,0
16.093657622616085,16.539649613438815,0.4459919908227299,0
31.66157181544412,31.74250292748917,0.08093111204505021,0
22.40475975018625,22.04954314537518,0.35521660481107276,0
23.16466485299181,21.551787784959163,1.6128770680326454,0
9.813088191874918,8.31179712488532,1.501291066989598,0
28.914725425559215,29.431320792646233,0.5165953670870174,0
17.729212798033757,18.893072377635086,1.1638595796013291,0
29.172629389001578,30.259735814746914,1.0871064257453362,0
24.189514731032823,24.99965847048051,0.8101437394476889,0
25.562760297823424,23.83437544124628,1.7283848565771436,0
13.07502867930189,15.811543872600447,2.7365151932985565,0
6.721372875543556,3.255198280616355,3.4661745949272005,0
31.861419043140973,30.340253506756497,1.5211655363844763,0
11.774317945691172,13.695197077622085,1.9208791319309135,0
15.935081830919255,17.37841738517759,1.4433355542583328,0
15.188641881788248,16.284066008433868,1.0954241266456197,0
7.190458383397055,4.7391185373064255,2.4513398460906295,0
32.48257930431381,32.481648199214256,0.0009311050995535197,0
7.752653162550446,10.83720160865856,3.0845484461081147,0
25.06218603408133,25.080629820685864,0.018443786604535717,0
7.37162678712548,7.300392777782456,0.0712340093430246,0
6.406425849189903,6.041860785951391,0.364565063238512,0
22.603714151708758,21.11492281510095,1.4887913366078074,0
21.546450958270984,20.09342934156442,1.4530216167065646,0
31.971731789995257,31.423433091293212,0.5482986987020446,0
13.847656145879185,11.40822486053114,2.4394312853480447,0
22.863707860426917,23.056188422621332,0.19248056219441523,0
31.45544784913778,31.91585367074557,0.46040582160778953,0
27.616481712427404,25.821320083741274,1.795161628686131,0
29.635960076872884,29.781080744066546,0.14512066719366246,0
19.80398471502044,18.372023270779234,1.4319614442412067,0
7.953717076483933,7.620982655418679,0.3327344210652541,0
31.654608076573112,28.89676612327242,2.757841953300691,0
24.349249267583154,22.01113103274977,2.3381182348333844,0
16.193316041282667,13.282551931846339,2.910764109436329,0
6.257239502850361,11.484830144448413,5.227590641598052,1
30.69808476548842,30.607398905428212,0.09068586006020851,0
25.84592697035225,26.582995989260354,0.7370690189081053,0
22.727119990178473,20.300396985115313,2.4267230050631596,0
24.00731408388316,26.053410995914717,2.046096912031558,0
19.38694714269232,20.470293704411656,1.0833465617193347,0
17.929447442300418,17.32091631709318,0.6085311252072394,0
14.317158172814176,16.205664910661337,1.8885067378471607,0
5.824783124524547,5.420940056208782,0.4038430683157648,0
18.584599777991116,15.60294501092909,2.9816547670620253,0
7.100478397022744,9.801672286028257,2.7011938890055127,0
22.99675230770738,19.387080300414567,3.6096720072928115,0
25.776761667980363,20.768865966223668,5.007895701756695,1
32.581974563707604,33.797798586318784,1.21582402261118,0
31.6906437825243,32.631398828967896,0.940755046443595,0
24.93849364253808,18.31310193792722,6.625391704610859,1
16.64242688110879,16.245147546754627,0.3972793343541632,0
27.287219194036094,24.575735309204482,2.711483884831612,0
24.259997872233086,26.018631937236535,1.7586340650034487,0
7.203786297918886,5.956050937424112,1.247735360494774,0
8.069579114986922,6.888395175004948,1.181183939981974,0
14.257008374294145,15.998237743483829,1.7412293691896839,0
31.76396704735772,33.192333218383105,1.4283661710253845,0
24.16030964765681,21.774623229284625,2.3856864183721846,0
10.927369735054636,11.733024716287124,0.8056549812324878,0
7.732247433992141,4.273620761874469,3.4586266721176724,0
6.985717179610863,8.211003296299427,1.2252861166885642,0
31.175761806226685,34.576119727598396,3.400357921371711,0
21.05298020933766,18.55541231990446,2.4975678894332027,0
14.508113505342804,15.300453272833185,0.7923397674903807,0
24.00202233450934,23.147601514426544,0.8544208200827974,0
13.179479678319687,12.848351279295546,0.3311283990241414,0
6.834667621785543,3.0472828878638345,3.787384733921708,0
21.75949194685382,24.921952148226744,3.162460201372923,0
5.903971938273921,8.619682338772584,2.715710400498663,0
13.986196790857543,12.827322631111555,1.158874159745988,0
11.223521337559674,8.811560579496868,2.411960758062806,0
19.82431673434445,22.18547906294257,2.3611623285981196,0
26.153016984005912,28.388451380147615,2.2354343961417023,0
33.670477638246325,32.68597527958749,0.9845023586588368,0
30.820968027035818,33.2434616805819,2.422493653546084,0
28.685439610595893,25.240090336277845,3.4453492743180476,0
12.284966323850862,15.255651645855032,2.9706853220041705,0
34.61970839739984,34.06217180772372,0.5575365896761184,0
21.617118591352803,19.13106606556722,2.4860525257855812,0
19.783800526381455,20.36593021284149,0.5821296864600356,0
15.150265041341871,12.881849814752925,2.268415226588946,0
9.905957203928242,12.129784605280674,2.223827401352432,0
29.6905053015471,27.963251435505665,1.7272538660414334,0
17.407727908284937,18.067944286933272,0.6602163786483359,0
31.912889054152686,31.342074982934957,0.570814071217729,0
15.964784650995995,14.194706382161238,1.770078268834757,0
11.014299365777937,11.726271218347492,0.7119718525695546,0
6.758121336511717,7.041761664417393,0.28364032790567606,0
24.969218487416164,28.60957396136919,3.6403554739530257,0
33.91496344391825,33.2291604939688,0.6858029499494549,0
34.14593855367009,35.7225709424008,1.576632388730708,0
28.46556906252211,29.428022272640714,0.9624532101186034,0
7.54607787773584,10.022923178424541,2.4768453006887015,0
30.132878169725018,35.13697668711901,5.004098517393992,1
19.89144117509284,17.996963352196246,1.8944778228965937,0
23.89745597734882,25.397454414667482,1.4999984373186628,0
10.706603254376553,8.889003698538177,1.8175995558383757,0
29.45818561706609,30.372561451656782,0.9143758345906932,0
26.990915323290974,24.192096974476236,2.798818348814738,0
30.273199831072162,28.13127249992579,2.1419273311463733,0
11.209912747883687,11.243291257044259,0.03337850916057228,0
15.981662633004246,13.812841289887157,2.1688213431170897,0
5.637760752292178,6.020537453259765,0.38277670096758687,0
12.002239558185137,7.43087941017728,4.571360148007857,0
25.336803986386236,25.332479509096324,0.00432447728991292,0
30.138541573339488,28.950509172205805,1.1880324011336825,0
14.564079990432028,17.019858930544785,2.455778940112758,0
29.203753325452407,29.54035108973756,0.33659776428515187,0
15.845749712314694,12.42464786021,3.4211018521046945,0
6.791051686381378,9.215750482685726,2.424698796304348,0
26.846831420306206,27.698387589177067,0.8515561688708608,0
16.068537996655888,15.56368113612804,0.5048568605278483,0
34.79564894303287,36.7279871471861,1.9323382041532255,0
5.133714792703476,2.7578882993847373,2.3758264933187383,0
6.471322878531992,4.8195304921151685,1.6517923864168234,0
5.203076732854438,8.357142709638374,3.1540659767839365,0
18.895605243531932,17.423417091946206,1.4721881515857262,0
26.226855742309574,26.187680157563175,0.03917558474639904,0
17.5039392252134,19.955809795709598,2.4518705704961974,0
18.61116704732779,15.977210724839992,2.6339563224877978,0
29.853099682950013,30.377091535757852,0.5239918528078391,0
22.52024391771938,24.175799635607618,1.6555557178882374,0
30.489578852344156,33.19766701837822,2.708088166034063,0
28.614686873161194,26.561286094349683,2.053400778811511,0
32.12792661634394,30.858144590730177,1.2697820256137646,0
14.544174179502333,10.947609130320767,3.5965650491815655,0
7.414868897754161,7.71418309376715,0.2993141960129888,0
32.93768112291375,34.08852327817364,1.1508421552598875,0
21.093449848588232,24.472687741602854,3.379237893014622,0
19.48795226166087,17.905419110608825,1.5825331510520435,0
6.032331026389882,7.25192583078075,1.2195948043908675,0
31.956512762111938,30.36895940634606,1.587553355765877,0
22.843749371514683,20.06120797650741,2.7825413950072715,0
20.646084820177755,21.501834715861282,0.8557498956835268,0
18.128302892676057,14.324174791553375,3.804128101122682,0
20.719555587407438,18.030864707873256,2.6886908795341817,0
6.360027580119562,6.9435389810184605,0.5835114008988986,0
12.67558015839936,13.18291593803549,0.5073357796361311,0
5.426390118531792,4.163571031957364,1.262819086574428,0
8.746917650095092,13.315116117796464,4.568198467701372,0
34.98962890426131,36.59228899001975,1.602660085758444,0
7.232735262871555,6.24647416976468,0.9862610931068749,0
6.725503190050893,8.655546057269364,1.9300428672184706,0
17.585716717935888,16.648452998479865,0.9372637194560234,0
33.25560722189044,32.03091834348771,1.2246888784027306,0
25.139829091365133,24.525398324764932,0.6144307666002007,0
32.57934250357803,32.36756146404372,0.2117810395343156,0
17.092708305809488,14.554580687522332,2.538127618287156,0
8.794396063444017,10.331814204342173,1.537418140898156,0
6.894835374050019,10.090630076757797,3.1957947027077784,0
12.892418911049296,9.064552262079879,3.827866648969417,0
11.948182600028343,10.249971441106009,1.6982111589223337,0
14.227399935682705,18.200265460605564,3.9728655249228595,0
5.595739762662358,5.245895263053613,0.34984449960874553,0
9.09538266873378,10.932100835328411,1.8367181665946308,0
23.818749023988275,23.84295241015423,0.0242033861659543,0
27.490156358135696,29.123213144383023,1.6330567862473266,0
20.471811978716392,23.815443965890584,3.3436319871741915,0
12.173279602713833,9.82789809079129,2.345381511922543,0
9.60628717924075,8.705269445813055,0.901017733427695,0
30.241214576788266,28.883290423289367,1.3579241534988995,0
27.298010177058032,31.8477603812714,4.5497502042133675,0
14.608389622730963,16.444831661408262,1.8364420386772995,0
19.738278714734626,19.64803313814257,0.09024557659205712,0
21.471106825430493,21.895261389380817,0.42415456395032436,0
32.205469076049305,33.96043017034222,1.7549610942929164,0
11.177370562686745,9.138816873888299,2.038553688798446,0
15.381087818533807,18.011905716938156,2.6308178984043487,0
17.57832902355591,15.011842078105905,2.566486945450004,0
5.921227608871732,5.851093082270462,0.07013452660126962,0
33.00357810554797,31.818297808554682,1.185280296993291,0
25.896090907568492,27.901353617320606,2.005262709752113,0
20.96936514044707,22.027583826679756,1.058218686232685,0
12.464789848827007,13.390503208775248,0.9257133599482419,0
18.794571930844473,21.48648158986003,2.6919096590155576,0
21.738274567569587,17.131966665903988,4.606307901665598,0
25.078248617148482,24.37756634607818,0.7006822710703027,0
24.943047325136853,24.55480551595715,0.3882418091797035,0
26.927872372900186,24.975477863261798,1.9523945096383883,0
15.50261563994731,13.479709713163185,2.0229059267841247,0
25.838015286820283,24.068739249261345,1.7692760375589387,0
27.07230862334016,25.49370101843047,1.5786076049096884,0
30.603074280567192,30.045852877781304,0.5572214027858884,0
23.029698341065032,18.03163241901756,4.9980659220474735,0
14.328144378794722,15.688327772757047,1.3601833939623251,0
28.235017826182936,28.39763002002707,0.16261219384413295,0
26.638264747968133,30.24622747824609,3.6079627302779578,0
25.20618828117111,23.661069236718042,1.5451190444530667,0
30.176247090908806,30.432850967966953,0.25660387705814713,0
11.04524709871816,13.747401329213302,2.7021542304951414,0
34.67726586382289,32.95617634897334,1.7210895148495524,0
28.099820973429875,29.30591694092194,1.2060959674920646,0
12.795144559491591,11.245251851400333,1.5498927080912583,0
29.637064768648965,30.37635049920296,0.7392857305539948,0
20.771152504572264,21.592318959380965,0.8211664548087008,0
18.89240798236684,17.682073897332977,1.210334085033864,0
10.429934045525526,12.189488281950972,1.759554236425446,0
27.22837598769344,27.69418284802802,0.4658068603345811,0
5.745668700587934,4.7542281055339615,0.9914405950539722,0
18.988062317092677,20.64266214847419,1.654599831381514,0
24.220698341081402,24.478162190381468,0.25746384930006627,0
19.36660091901129,19.63163130898723,0.26503038997594075,0
17.894003605497133,19.937895142219396,2.0438915367222634,0
29.475649661199178,28.601226172446655,0.8744234887525231,0
10.770596732442494,11.243411239785361,0.4728145073428678,0
17.56206867847581,18.87297466775434,1.310905989278531,0
34.394588780457646,34.0566804602282,0.3379083202294453,0
11.235473000017084,11.78021584152772,0.5447428415106366,0
28.548845712942533,26.04811610023331,2.500729612709222,0
8.387254257110996,8.760230558347102,0.3729763012361058,0
21.152526039122563,18.557123252369486,2.595402786753077,0
33.37063613823298,34.30619758227743,0.9355614440444455,0
31.915465850401162,34.71825018581238,2.802784335411218,0
19.634334719641544,24.00897276904855,4.374638049407007,0
7.942763114301429,9.400339462137516,1.4575763478360875,0
32.485886374747864,31.50480304678885,0.9810833279590128,0
31.388334451799334,32.50789869411586,1.1195642423165246,0
10.714476343547016,9.562436183937832,1.152040159609184,0
27.324336402852147,28.003262820546997,0.67892641769485,0
22.308564437858248,23.10935650049101,0.8007920626327625,0
24.357253924482748,26.830287221797885,2.473033297315137,0
22.594981668229387,24.005141639410986,1.4101599711815993,0
14.785716871035095,15.123160263094595,0.3374433920594999,0
14.016627365554989,12.601120540924702,1.4155068246302864,0
7.412061793685133,7.371587198117418,0.04047459556771482,0
20.099483235373445,18.24990193560342,1.8495812997700263,0
15.020214149240402,15.653916407150156,0.6337022579097535,0
25.584782548588002,26.953408471464517,1.3686259228765145,0
14.476472777420126,14.807210594913911,0.3307378174937856,0
14.779193659577869,11.505591141609859,3.27360251796801,0
6.010040010584808,9.450877764840337,3.4408377542555293,0
33.53623162369291,27.90027538113254,5.635956242560372,1
22.422251877069144,22.894308203947276,0.4720563268781319,0
26.371529593555675,25.939963301059276,0.4315662924963988,0
30.58981699559756,29.95154654071316,0.6382704548843989,0
17.110723742706075,17.53237270691886,0.4216489642127854,0
24.581694630508412,24.697574360570087,0.11587973006167473,0
31.30939619275844,28.896367565325907,2.413028627432535,0
7.6765102222955415,6.478850454329323,1.1976597679662184,0
20.124030330763453,18.583332999067977,1.5406973316954762,0
25.476686312913415,24.08161222788213,1.3950740850312862,0
22.008700459548255,22.331707876847908,0.3230074172996531,0
22.693359006687746,26.867337987946623,4.173978981258877,0
27.05943559140971,25.734191462255087,1.3252441291546226,0
26.87159947921992,27.11876931220708,0.2471698329871579,0
27.568319566117946,27.39861490851057,0.16970465760737596,0
9.85795779789526,9.818747589656388,0.03921020823887211,0
30.5423677659153,31.403377314994373,0.8610095490790712,0
23.432617180549666,24.177542305399015,0.7449251248493489,0
27.58743467741304,27.571254317892564,0.016180359520475918,0
21.764194633502793,23.4187001536662,1.6545055201634078,0
31.879241193320542,32.9499583084243,1.0707171151037578,0
13.221598851565105,12.805079516499452,0.41651933506565264,0
23.508866017527318,26.427387861640888,2.9185218441135703,0
23.248624055173117,18.813152364174243,4.435471690998874,0
27.048046412273365,28.723282924599417,1.6752365123260518,0
7.462581722531601,4.995697924711422,2.466883797820179,0
9.887746144792622,5.985364946638815,3.9023811981538072,0
17.54675712596787,18.21555139108577,0.6687942651179029,0
27.349811697538133,28.33115051718672,0.9813388196485882,0
5.028642315010866,3.358102132194174,1.670540182816692,0
15.837624921981588,15.455422100452195,0.38220282152939333,0
8.95745451630832,8.113037160824323,0.8444173554839978,0
13.624576399546802,14.575459575716033,0.9508831761692313,0
13.050516965842817,7.670593314905527,5.3799236509372905,1
12.201825933457807,9.045314445604314,3.156511487853493,0
22.605373386018147,22.613309803195975,0.007936417177827337,0
31.726197034977822,32.54187591545435,0.8156788804765256,0
17.514261696332824,17.19795899597511,0.31630270035771346,0
27.63615942577953,32.26368614372982,4.627526717950289,0
8.101329167831107,7.576576972078244,0.5247521957528631,0
15.442738586425538,15.85365931894456,0.4109207325190223,0
28.454508142395618,27.729141791001325,0.7253663513942925,0
25.663508322596996,24.209442284355408,1.4540660382415886,0
27.633756111064994,30.141042853530653,2.5072867424656593,0
10.237001461873286,10.883312429198943,0.6463109673256575,0
31.426250768271476,32.49977247084854,1.0735217025770645,0
22.494491545965477,20.948780043035672,1.5457115029298052,0
20.968140694144715,18.831234730093325,2.1369059640513903,0
15.703400531439845,14.106724738799702,1.5966757926401431,0
26.25698084096752,27.73089720605525,1.4739163650877316,0
8.972056187760664,9.579374626304629,0.607318438543965,0
8.429251339795638,9.31917800538037,0.8899266655847331,0
22.667115426362564,18.9857753781537,3.681340048208863,0
12.555342728767144,10.829525512705935,1.725817216061209,0
24.552594657689763,25.996952093503154,1.4443574358133908,0
30.353507098143957,34.08548740732407,3.731980309180109,0
33.55640637921782,37.01260005678647,3.456193677568649,0
22.533057365757905,21.640096498262626,0.8929608674952796,0
17.404303518301326,13.474997451686312,3.9293060666150144,0
33.02617284220625,31.94082226814151,1.0853505740647407,0
13.227898760223027,11.70185427737091,1.526044482852118,0
27.44742992779575,28.07651525787852,0.6290853300827699,0
6.4431284232442065,6.883459935348367,0.44033151210416044,0
13.867903548829759,15.418738786788392,1.5508352379586334,0
27.942329257255153,27.26747460449564,0.6748546527595138,0
18.731614262304472,21.30747341429021,2.575859151985739,0
25.294563665057275,25.537132722592204,0.2425690575349293,0
7.225501561117786,6.950264503648624,0.2752370574691625,0
12.852033046937724,9.87602998825338,2.976003058684343,0
22.442787109101857,20.316141907445886,2.126645201655972,0
9.162670917157879,10.414877029621653,1.2522061124637744,0
22.538055495569978,23.389267028617077,0.8512115330470991,0
16.973431950728045,16.729524062675093,0.24390788805295216,0
30.815137226837233,33.04005324516545,2.2249160183282193,0
27.44960485752228,25.97008191284557,1.479522944676713,0
26.490923018339902,27.651778315962165,1.1608552976222626,0
32.79701512141057,30.481439151727127,2.31557596968344,0
6.648912149899044,5.799152189448093,0.8497599604509514,0
33.79767807001018,34.8992793287693,1.1016012587591248,0
8.569059822452722,9.975969061797537,1.4069092393448148,0
22.11763171751676,25.30268851647205,3.1850567989552907,0
18.38703469002614,17.470751283839533,0.9162834061866079,0
21.820610153907637,24.00503437451404,2.1844242206064024,0
8.081314718979314,5.919977527192347,2.1613371917869673,0
16.872564491906783,16.600622915942296,0.27194157596448676,0
19.99042287014827,20.70662777379071,0.716204903642442,0
21.73826939952468,22.975322163345794,1.237052763821115,0
10.698891955456762,12.416629042371849,1.7177370869150863,0
20.948191746655098,19.55844601431438,1.3897457323407174,0
5.275591553173546,6.681437830472926,1.4058462772993803,0
18.56750205632336,18.594951722206062,0.02744966588270259,0
22.5718343935559,23.6530827859889,1.0812483924330003,0
16.612236659651675,19.12060587894971,2.508369219298036,0
31.92127181225603,29.24918096692587,2.6720908453301604,0
19.31916617427037,16.052899879443807,3.266266294826565,0
26.008182179022985,27.570223633171736,1.5620414541487513,0
34.80075886788281,36.54613015183412,1.7453712839513074,0
22.17074461615029,18.18504104356725,3.9857035725830414,0
17.224416374461388,16.193180429056397,1.0312359454049904,0
16.299740112257282,12.390403268886569,3.9093368433707134,0
10.571982627688268,6.536934556795583,4.035048070892684,0
33.384345073042255,33.77153592269363,0.3871908496513754,0
30.09054137589743,26.75053919754238,3.34000217835505,0
15.250088821139986,15.770625948407218,0.5205371272672323,0
7.318190252661826,6.121823379020088,1.1963668736417379,0
18.78164270944049,16.163497036437,2.6181456730034895,0
30.501379535016653,30.457380849005165,0.04399868601148782,0
27.113004632862495,27.83644758692033,0.723442954057834,0
16.41150775572372,18.075034066350725,1.663526310627006,0
9.997496886219079,9.004982138930776,0.9925147472883022,0
27.971027468559047,29.409908288785072,1.438880820226025,0
5.358435293296605,1.8708930301964086,3.487542263100196,0
22.44414490359147,20.800650947452084,1.6434939561393875,0
18.18352656489236,15.658690056884598,2.5248365080077626,0
30.61368336245367,35.94359880252037,5.329915440066699,1
26.68206201191806,26.65563023375546,0.026431778162599784,0
24.781430462568444,25.829415734527032,1.0479852719585878,0
28.762502574876713,28.803743866408645,0.041241291531932234,0
18.272958113431915,17.67953958408165,0.5934185293502665,0
17.46903277411369,16.020214403131728,1.4488183709819609,0
28.11768774471829,24.96460016332755,3.1530875813907393,0
26.043417460475613,22.036101962343032,4.007315498132581,0
14.68947229703452,12.91352219500442,1.7759501020300998,0
28.543495810749537,28.53896370549308,0.00453210525645531,0
17.175432029455926,20.131616369144773,2.9561843396888463,0
28.166606414608353,29.759762991832318,1.593156577223965,0
28.897191423949252,30.302988651417877,1.405797227468625,0
5.352518317777406,3.9578392458539566,1.3946790719234494,0
7.8966941207077355,11.89640519166922,3.999711070961485,0
10.456858636856348,12.08799407583354,1.6311354389771928,0
28.241020793798462,28.966204663272343,0.7251838694738808,0
5.281168401363383,6.800098268883278,1.518929867519895,0
17.103672539222643,17.564454366272066,0.4607818270494235,0
10.634986024800561,11.116803170267493,0.4818171454669322,0
29.44660425875121,28.07008052346075,1.376523735290462,0
17.064757725785086,13.496101001727377,3.5686567240577087,0
27.69438525382556,25.334458127884286,2.3599271259412724,0
24.302205967110492,26.960640277054242,2.6584343099437504,0
15.418782036757413,13.743485967077818,1.6752960696795949,0
7.371092984783968,6.013414351973186,1.3576786328107824,0
12.97210469782958,13.977075008010315,1.0049703101807346,0
19.856566688600893,23.103449077834323,3.2468823892334306,0
8.926119896811533,11.001802864502288,2.0756829676907547,0
34.22099282124227,36.214059156951905,1.993066335709635,0
34.745568846153304,33.94936716467725,0.796201681476056,0
10.601786669288307,11.631092022697954,1.0293053534096472,0
17.60784940712756,16.766145635252656,0.8417037718749043,0
27.344811602385732,27.855439880284436,0.5106282778987037,0
20.521812208450307,21.20504262540954,0.6832304169592334,0
7.8706792877184455,6.785973149973997,1.0847061377444485,0
9.352392553320223,5.505915576677973,3.8464769766422506,0
8.8119721271166,6.297581386878286,2.5143907402383148,0
28.563072750824443,27.289724298945863,1.2733484518785794,0
30.049390173877264,26.62870067180186,3.4206895020754047,0
9.430096714434173,7.947638139208998,1.4824585752251753,0
14.277572225496836,18.818512957184545,4.540940731687709,0
26.15550070267904,25.385141634273904,0.7703590684051349,0
21.6804434140768,19.486062042176794,2.1943813719000076,0
22.563601804801014,20.8151284414432,1.7484733633578138,0
32.92488979564642,31.99857590546543,0.9263138901809924,0
6.143490436606447,8.661695439623976,2.5182050030175294,0
27.83306780807939,28.596553291085712,0.7634854830063205,0
15.406603153731004,17.572427353953408,2.1658242002224046,0
32.17891620084085,34.42766850180058,2.2487523009597297,0
25.697328776907078,26.851619560121833,1.1542907832147549,0
17.807717484928666,23.296174006097626,5.48845652116896,1
31.267244662005776,30.274144479410754,0.9931001825950219,0
28.285230439930988,29.23700541495269,0.9517749750217028,0
13.597492667211922,14.992476794387779,1.3949841271758565,0
26.760765659468973,26.373541229914178,0.3872244295547951,0
21.496261146565733,21.190605334566825,0.305655811998907,0
29.8437389914339,31.492251126727016,1.6485121352931174,0
13.62221706661768,15.16241870148012,1.5402016348624414,0
17.258121676112196,16.203227212112953,1.0548944639992435,0
20.778384238783016,24.0697761972531,3.291391958470083,0
32.96791975772791,30.112355376043087,2.8555643816848253,0
7.820206768003891,8.8178951062073,0.9976883382034094,0
34.955917272781875,32.88070913341776,2.075208139364115,0
33.920586382198636,33.37982035217099,0.5407660300276476,0
27.548809829202927,28.049402704336984,0.5005928751340569,0
17.20627860312192,19.32002668774799,2.1137480846260708,0
29.644716186401094,28.251714985582762,1.3930012008183326,0
31.84710820955525,33.06689622352779,1.2197880139725434,0
16.00355741304002,14.16096895101153,1.8425884620284911,0
31.43735719478045,29.443650409279318,1.9937067855011321,0
16.019992079946054,16.07103776218047,0.051045682234416745,0
13.039496592909943,11.920550334604943,1.1189462583049998,0
7.398324683868747,7.966752693419511,0.5684280095507637,0
34.23807885453023,34.63217677716599,0.3940979226357584,0
29.82888264441119,25.210126801943346,4.618755842467845,0
10.560530445837255,11.31677810702002,0.7562476611827655,0
29.917145441494835,29.733754015952936,0.1833914255418989,0
31.541376718771165,32.41223043626713,0.8708537174959652,0
17.657773056413777,17.18881460257597,0.4689584538378071,0
16.109077457543314,13.708935162943542,2.400142294599773,0
27.8515354245905,31.371081479404904,3.519546054814402,0
20.88135438486099,20.976813877314026,0.09545949245303476,0
8.878924614106785,10.708027593123468,1.8291029790166835,0
23.076094709711082,22.339900894121516,0.7361938155895658,0
24.02890674080682,22.616106638507773,1.4128001022990482,0
7.820909337138011,6.771165689226636,1.0497436479113755,0
21.38184743705694,18.73808202370729,2.6437654133496515,0
26.468237854736266,28.439900181107184,1.971662326370918,0
23.87722520209292,27.300940062287626,3.423714860194707,0
30.303180198350695,30.199034727595055,0.10414547075563974,0
14.809487560579166,11.058965745294774,3.750521815284392,0
5.720775900756372,7.27760635077048,1.5568304500141075,0
26.261856561750303,25.588098750512017,0.6737578112382856,0
32.72392129682814,33.36731299209917,0.6433916952710348,0
19.29545661512725,21.27020526119368,1.9747486460664305,0
21.142718298064167,19.243141211623428,1.8995770864407397,0
6.0174058198105005,2.164154648212225,3.8532511715982753,0
13.064158945602758,11.816462648061162,1.2476962975415962,0
21.507901877288223,24.725433613674543,3.21753173638632,0
16.364401544962647,15.085504516073843,1.278897028888803,0
33.92283785850806,34.7639389272286,0.8411010687205405,0
33.41834244491877,31.55681103186771,1.8615314130510612,0
13.342533349161979,12.383452960019618,0.9590803891423612,0
29.96525158402158,30.829203952195602,0.8639523681740222,0
26.84901755410372,27.018915444016514,0.16989788991279298,0
23.33797619245955,20.6901851413556,2.647791051103951,0
5.606134440508516,3.8245420130105354,1.7815924274979804,0
24.07022968021578,24.069118227741317,0.0011114524744613163,0
27.720318606968238,26.936713020131666,0.7836055868365719,0
15.05932189008189,15.436136367527169,0.3768144774452793,0
30.421271025377656,33.32169471814598,2.900423692768321,0
12.29218671776307,11.476508691729197,0.8156780260338721,0
33.30478720965727,31.847146163931058,1.4576410457262128,0
25.95457020204665,27.5061235965994,1.5515533945527515,0
11.363379482177754,13.914651529608578,2.5512720474308246,0
6.849000085193316,7.198050056346196,0.3490499711528807,0
17.54912071455989,15.295929944886343,2.253190769673548,0
22.66254971150145,24.495543329904713,1.8329936184032647,0
6.34767135108809,4.821504191466184,1.526167159621906,0
13.194891457723154,13.897253402227694,0.7023619445045401,0
16.47436156409814,21.13867759078492,4.66431602668678,0
27.48170924222866,29.184363532473018,1.7026542902443573,0
21.586146495809725,21.58500677126588,0.001139724543843812,0
25.28840848213681,23.943177937359383,1.3452305447774258,0
9.089064745813538,12.799267999501737,3.7102032536881993,0
26.54597746244113,25.598188363658018,0.9477890987831117,0
8.866457094431393,9.314589827854562,0.4481327334231686,0
7.7293514240198204,6.670925796289522,1.0584256277302986,0
25.4932328412995,22.928747699219237,2.5644851420802617,0
12.330517796711575,10.048279787397428,2.282238009314147,0
25.023706760034464,21.41335627976883,3.610350480265634,0
7.945590546563892,8.798515189563414,0.8529246429995219,0
22.040617647303726,23.335320406883515,1.2947027595797884,0
12.654082711040342,12.21566377359905,0.43841893744129123,0
14.15084951422169,14.232774894717082,0.08192538049539166,0
7.848371517366007,7.794365316715407,0.054006200650600356,0
18.817355845569494,20.33923080469509,1.5218749591255971,0
27.55264823731252,25.04553936056669,2.507108876745832,0
5.065525690372046,8.057955659061706,2.9924299686896605,0
14.396205577886125,10.123059066332207,4.273146511553918,0
26.22801929536095,29.0426882535871,2.81466895822615,0
29.463073483536892,28.235512142953894,1.227561340582998,0
27.800507696660624,30.391726648797267,2.591218952136643,0
19.552164872000695,17.25966872761264,2.2924961443880534,0
27.491665497193342,26.879960653827247,0.6117048433660948,0
29.05158012514116,29.13773206676093,0.08615194161976802,0
18.944754348495657,17.16686499728259,1.7778893512130658,0
5.120587715421393,6.884106305478992,1.7635185900575996,0
25.757263496263004,25.687448343281584,0.06981515298141971,0
14.753616824100835,14.558171656438889,0.19544516766194597,0
28.012057741130178,27.795699591107176,0.21635815002300163,0
12.319746706949985,14.014350525199363,1.6946038182493783,0
6.59815802609879,8.459779399158522,1.861621373059732,0
11.379109915495443,10.986309762882978,0.39280015261246426,0
30.214039194959287,31.13332261489281,0.9192834199335209,0
10.32835042942568,9.244768764716767,1.0835816647089125,0
6.31549684941353,4.989988387271083,1.325508462142447,0
5.438938658177807,3.0036683452966995,2.4352703128811073,0
22.753825225555246,21.60973768846583,1.1440875370894155,0
28.970248637724044,25.033185624456202,3.937063013267842,0
26.782622853505217,26.77500767407517,0.007615179430047192,0
19.565172207185867,22.08538687909311,2.520214671907244,0
26.34158887538234,27.884093506610103,1.5425046312277644,0
7.423276063748684,2.225315069823343,5.197960993925341,1
29.725025761435965,30.23826461444487,0.5132388530089038,0
30.116756834687653,29.307980359877842,0.808776474809811,0
28.242846334978168,28.870280425860756,0.6274340908825877,0
8.561546194109125,4.085543226154298,4.476002967954827,0
26.31376344696184,23.9143678921286,2.399395554833241,0
9.226933209305642,6.256103272668849,2.970829936636793,0
28.364513693497535,28.16034405443892,0.20416963905861607,0
5.267679438772132,6.681233657713798,1.413554218941666,0
32.51130176448349,33.04634864738325,0.5350468828997563,0
20.773720522859776,21.681971147926028,0.9082506250662519,0
21.06475972133658,21.380094442704817,0.31533472136823804,0
5.1548407333319854,6.461439436368211,1.3065987030362258,0
21.31180586735641,18.892978171917434,2.4188276954389742,0
16.92579530995193,19.20023160094838,2.2744362909964515,0
7.0111752062746335,8.594248390636531,1.583073184361898,0
8.397347315302763,9.944231955426767,1.546884640124004,0
33.654737031528875,33.325153351688456,0.32958367984041814,0
13.267909823549305,14.6822370467419,1.4143272231925952,0
8.593171201822756,4.949711985391234,3.6434592164315216,0
30.088391249087643,30.981060140891753,0.8926688918041101,0
14.395990568958437,15.823727657057132,1.427737088098695,0
5.353117568367622,7.318558097121313,1.9654405287536907,0
18.692547376201777,19.939170612020252,1.2466232358184755,0
15.757006710642669,13.234945039103254,2.522061671539415,0
25.53622297589061,25.220392567637536,0.31583040825307407,0
22.978422823564145,17.5498340345633,5.428588789000845,1
15.052345275988213,14.134178321769577,0.9181669542186359,0
21.47827212609507,21.587375461332364,0.10910333523729321,0
14.206312447447914,15.030805555544726,0.8244931080968119,0
20.783346400422857,23.49744678540873,2.7141003849858727,0
15.643608065881853,15.610814062281404,0.03279400360044882,0
12.91831537838856,12.871789645366713,0.046525733021846705,0
6.906892402504816,8.493074856594026,1.5861824540892098,0
15.492437619673415,14.06105082268803,1.431386796985386,0
6.234440696674274,6.050452782765851,0.18398791390842284,0
17.161685560267223,17.16676682772455,0.005081267457327954,0
22.613659565345625,24.48195086565262,1.8682913003069963,0
33.24291683911601,31.976051102079513,1.2668657370365004,0
13.87967788365593,13.095885123243823,0.7837927604121067,0
28.24669832062085,26.883742397315505,1.3629559233053463,0
10.358076616232069,11.43464390684758,1.076567290615511,0
33.62508138526286,31.68970281868941,1.9353785665734513,0
20.78847349801243,18.211182429794583,2.5772910682178463,0
31.39744200276093,29.35779241078894,2.0396495919719904,0
18.79623133612152,16.7245101553723,2.0717211807492184,0
29.031568701300245,28.465030481324543,0.5665382199757012,0
18.124511330905637,19.42880353242247,1.3042922015168337,0
5.366590146385476,2.5625329222946522,2.8040572240908235,0
34.54541619394902,36.33419551640556,1.7887793224565343,0
7.796118317575848,7.584278607165955,0.21183971040989302,0
21.49920837721108,20.581787553892006,0.9174208233190733,0
10.240946941246575,9.936431790122235,0.30451515112434,0
30.859830835608253,30.1013955700639,0.7584352655443531,0
23.3496360843441,23.21365463883728,0.13598144550682179,0
19.18042889199956,20.259011726399944,1.0785828344003825,0
16.669139432182355,17.05652901357148,0.38738958138912594,0
30.75893955182064,29.85706004830907,0.9018795035115694,0
21.106100344449093,19.880964363861487,1.2251359805876056,0
19.9470974704975,20.1281418703277,0.18104439983019915,0
27.485210414257857,25.61241221301326,1.8727982012445956,0
30.15990199564601,31.190357717841433,1.0304557221954234,0
5.573923841576013,4.814427255818651,0.7594965857573621,0
12.707198686805185,12.439096422137983,0.26810226466720266,0
9.537455311893398,9.706961395689662,0.1695060837962643,0
25.917734889722322,26.019616859489975,0.1018819697676534,0
19.320597076192527,19.94051027997092,0.6199132037783919,0
23.646187816585904,23.102891110200297,0.5432967063856076,0
5.763795183682776,4.583959326059401,1.1798358576233747,0
9.795886134788784,8.379566730084566,1.4163194047042182,0
10.77637827607538,14.059457278308582,3.283079002233201,0
5.688296904665298,4.13647025018352,1.5518266544817774,0
29.155814743725163,29.934059236078447,0.7782444923532843,0
15.118856544700039,15.033841133788581,0.08501541091145803,0
20.132646306967715,22.86206071418246,2.729414407214744,0
5.090341914667719,4.974424605844307,0.11591730882341178,0
8.33338570341358,12.672295896492155,4.338910193078576,0
20.69859588584227,22.63132794744581,1.9327320616035415,0
28.84825891853343,30.422251868313797,1.5739929497803686,0
6.614556844876605,9.475430188974615,2.8608733440980103,0
32.271892493090625,28.768018567341457,3.5038739257491684,0
13.140999460525908,13.397170517368327,0.2561710568424189,0
22.794700394950304,20.62453741208335,2.1701629828669553,0
25.169440620680625,20.06991378102076,5.099526839659866,1
8.776133576593438,10.507006072728464,1.7308724961350261,0
26.451638096206153,24.986968547957474,1.4646695482486791,0
8.210351588724118,9.012028363344216,0.8016767746200983,0
16.451496424871525,16.50947633717794,0.05797991230641486,0
30.00250901864093,31.983160526081704,1.9806515074407756,0
9.185427883108707,8.559336612957079,0.6260912701516279,0
26.57245313421486,26.132533876861718,0.43991925735314297,0
18.44382894874517,18.578482191963356,0.13465324321818528,0
10.763469268940788,3.8800314313911484,6.88343783754964,1
28.114997416858184,29.26402742073442,1.1490300038762342,0
34.95423264086911,35.8963494440448,0.9421168031756935,0
21.545576168207784,21.312499599478716,0.2330765687290679,0
34.67658015777005,35.518568374754686,0.8419882169846389,0
29.456776530043882,30.170097161151876,0.7133206311079938,0
30.522448676454285,32.782384935782574,2.2599362593282883,0
26.49836575294025,27.536413725163495,1.0380479722232465,0
13.000872599927204,12.90177404757504,0.0990985523521637,0
26.369512801620214,26.885709122670466,0.516196321050252,0
34.63476658993461,37.20306174002786,2.568295150093256,0
25.911188946859983,26.074583192618306,0.1633942457583224,0
5.203814204539831,7.171634386096921,1.96782018155709,0
26.73145777389226,26.604295355392637,0.12716241849962273,0
19.298682865653724,16.09632917561797,3.2023536900357534,0
23.644232042459983,24.98128310231163,1.337051059851646,0
18.023686587194504,16.302816083396397,1.720870503798107,0
32.510272862251476,33.16250373706928,0.6522308748178034,0
14.438764021939903,14.450255759933489,0.011491737993585716,0
27.0810469648149,26.38984868620746,0.6911982786074375,0
8.498578674858393,7.435356150024598,1.0632225248337956,0
26.87073363114086,29.71805906065966,2.847325429518797,0
18.682192453998507,17.386368483899933,1.2958239700985743,0
17.493799988669288,16.57790930129264,0.915890687376649,0
11.82784959727232,12.610811747191786,0.7829621499194666,0
8.968834790228126,8.091481085977131,0.8773537042509947,0
17.429560953303444,18.115026771858716,0.6854658185552722,0
29.067237316116152,28.876331952942053,0.19090536317409956,0
12.372000664877747,13.78840345449621,1.4164027896184628,0
6.29300159156179,8.788142166816996,2.4951405752552063,0
8.805975599175657,8.709339334240122,0.09663626493553501,0
13.846993212564724,14.430866716635343,0.5838735040706187,0
18.382719410285308,13.170988304088914,5.211731106196394,1
15.99019957281146,16.68271116145039,0.6925115886389293,0
21.087422063935122,22.193750440409218,1.1063283764740959,0
11.069979201391213,13.538221182795072,2.4682419814038585,0
32.591686864512894,34.65749230477653,2.065805440263638,0
27.21054973026422,27.397594433095673,0.1870447028314537,0
13.010465484537272,11.497712490125904,1.5127529944113682,0
11.685207863370163,12.460053386240798,0.7748455228706348,0
29.555321692940108,27.525975907382914,2.0293457855571937,0
30.666573127418623,32.43234675057002,1.7657736231513965,0
18.94190625869554,17.273488000500798,1.668418258194741,0
28.789919883221625,31.261849926391257,2.471930043169632,0
15.650437069110387,19.247673732727826,3.597236663617439,0
7.0009013471772015,6.239090780695438,0.7618105664817634,0
32.52998278110195,31.20663384473794,1.3233489363640096,0
14.094313382672953,15.655236974167398,1.5609235914944453,0
32.2772915178531,34.05870718447352,1.7814156666204184,0
31.600650042274474,31.51254237572091,0.08810766655356517,0
22.934683312504383,20.562329893514068,2.372353418990315,0
23.012628197219456,25.533205965237958,2.5205777680185015,0
16.61191287769946,18.638186162454545,2.026273284755085,0
9.174495444235914,7.772726618400921,1.401768825834993,0
8.932640295257787,12.606129975910001,3.6734896806522137,0
31.13069064150685,31.11457464211405,0.01611599939279884,0
21.99921816280708,21.802692660809125,0.1965255019979537,0
9.53120515129029,12.23130733805722,2.70010218676693,0
31.909201081517452,31.48774805375569,0.4214530277617605,0
32.11199109594919,30.33113526777791,1.7808558281712834,0
19.56810068668816,19.407013229127507,0.16108745756065446,0
10.813695137272093,11.949253529008054,1.1355583917359606,0
30.68612458446892,32.8012216236898,2.1150970392208777,0
27.450835074919038,29.115381060433407,1.6645459855143692,0
9.078283017880224,10.501414253239256,1.4231312353590315,0
15.165401939784715,14.052559910466378,1.1128420293183368,0
27.82500397266607,27.842416364362638,0.017412391696566942,0
5.799402421844037,8.222598580753276,2.4231961589092395,0
29.018783612809198,25.92546337759163,3.0933202352175684,0
32.23041412511492,36.15355006243652,3.9231359373216037,0
21.509703692006102,19.685856031826106,1.8238476601799967,0
34.440636075048175,30.113855458420957,4.326780616627218,0
24.012371251999113,24.25171165671663,0.23934040471751672,0
12.982367764422886,9.900861846156614,3.081505918266272,0
27.02927248148817,26.939958933048565,0.08931354843960548,0
6.581382234935379,8.770523310251342,2.1891410753159626,0
11.539024345724686,10.246735073600442,1.2922892721242434,0
25.242965773276975,21.323382632324055,3.91958314095292,0
27.42726157657351,32.33499869061026,4.9077371140367525,0
32.459801236452094,31.203390412928673,1.2564108235234208,0
14.739764737584025,18.92829121284675,4.1885264752627265,0
14.588575901889513,16.901996324519775,2.313420422630262,0
18.264874698913392,17.20038269038727,1.0644920085261234,0
5.308393683551055,7.687869456284757,2.379475772733702,0
34.17831455961124,36.62630198486388,2.4479874252526415,0
13.447186992695393,11.805963308735127,1.6412236839602663,0
5.988626893047347,4.291791858584483,1.6968350344628638,0
15.72870468007715,15.180273984076914,0.5484306960002368,0
14.369675461777678,15.746822279865041,1.377146818087363,0
18.592366472742455,18.367597400074224,0.22476907266823076,0
18.88475057490253,14.760351395003724,4.124399179898806,0
15.158555485804499,16.22214939078958,1.0635939049850798,0
10.839344797734467,9.081047120029437,1.7582976777050305,0
23.170982635924375,17.493500313087115,5.67748232283726,1
16.043680023546408,15.94154219646835,0.10213782707805841,0
15.05350692234412,15.733992428249834,0.6804855059057147,0
30.83442107872637,28.11226831620681,2.72215276251956,0
32.097919157996685,34.671336485291356,2.5734173272946705,0
33.51284123299807,34.03661772293008,0.5237764899320112,0
9.46697824261765,8.488585110414089,0.9783931322035606,0
18.269742602972947,18.106718525608947,0.1630240773639997,0
10.340581255624606,8.575712063505646,1.7648691921189599,0
13.338226122147853,14.183652003861045,0.8454258817131919,0
32.28939390568057,33.601511769944544,1.3121178642639748,0
15.025443850344283,16.243554906393882,1.2181110560495991,0
26.733207273995877,26.270960659428958,0.4622466145669186,0
7.746729834530498,7.501537453461273,0.24519238106922536,0
11.683430676117698,10.29517921252683,1.3882514635908674,0
27.194267847207403,27.51880650655323,0.3245386593458264,0
30.84566864015852,31.46040779984066,0.6147391596821379,0
21.747555124961718,19.736443472446922,2.0111116525147956,0
10.70865418011291,13.664000943115788,2.9553467630028774,0
19.639579560997028,19.297839737013216,0.3417398239838114,0
11.098568375267693,10.182197242107513,0.9163711331601796,0
25.866722955993023,31.899443649359505,6.032720693366482,1
11.266150240535282,10.642507787952466,0.6236424525828159,0
29.821082342073595,29.37758089003025,0.44350145204334623,0
19.096075634379055,19.324348763384858,0.2282731290058031,0
14.98205150178187,13.686574161201534,1.2954773405803355,0
19.307436438901103,20.035009053807663,0.7275726149065598,0
31.655378719069848,34.48016867212406,2.8247899530542107,0
17.882324246903984,19.53669317194579,1.6543689250418048,0
31.086672892148993,31.04221117617146,0.044461715977533345,0
10.197619908294246,11.200898355937513,1.0032784476432663,0
13.807825386948672,11.866001260656223,1.941824126292449,0
13.313150910488357,13.987729406040353,0.6745784955519962,0
33.44714551246302,32.91144995980102,0.5356955526619984,0
32.493733829230294,31.34995056288861,1.1437832663416856,0
8.395988614519691,9.708533281795079,1.3125446672753878,0
6.7475186552893005,6.471112420490075,0.2764062347992251,0
9.011311351953967,9.365767845703932,0.35445649374996435,0
19.63622481063004,20.811566834012265,1.1753420233822247,0
6.6839558884447525,10.099487503146563,3.41553161470181,0
16.96202734867788,19.02562610448993,2.063598755812052,0
8.145864051488472,12.160490575352348,4.0146265238638765,0
24.17561840142653,20.588648650777174,3.586969750649356,0
9.406920149516772,8.912306221243524,0.4946139282732478,0
24.52340083579388,21.899724885325856,2.623675950468023,0
29.68287893624857,29.80974446232158,0.12686552607300783,0
11.024156559694365,10.62444434985268,0.39971220984168454,0
6.072657189765243,6.29111302639886,0.21845583663361712,0
19.009965131433372,17.724539039998767,1.285426091434605,0
32.785485848823,27.626346583702446,5.1591392651205545,1
23.92775483807416,19.7005711659273,4.227183672146861,0
12.626475525990108,13.239095956895671,0.6126204309055634,0
20.61141089516943,23.093646692477733,2.4822357973083022,0
21.627791693531176,20.23222331350588,1.3955683800252956,0
34.8598611476752,32.8945511877992,1.965309959875995,0
23.64673521763084,26.86644393208953,3.2197087144586902,0
5.364343458404517,1.3374887318413977,4.026854726563119,0
7.971393143420418,10.047200402561314,2.0758072591408965,0
20.053987939731286,20.68488077490021,0.6308928351689254,0
23.783948008808736,25.611739821581327,1.8277918127725918,0
28.71829734176005,27.151865294108603,1.5664320476514462,0
24.84944952268462,24.795326477980932,0.054123044703686674,0
23.801598222616303,23.905555857635722,0.10395763501941957,0
30.436971729430155,31.014868642244334,0.5778969128141789,0
23.324463057042518,24.5289456444729,1.2044825874303804,0
16.424545327889756,19.18189334065978,2.7573480127700236,0
33.9393780944884,35.549357139415676,1.6099790449272788,0
31.387005566986687,31.979084136877958,0.592078569891271,0
7.979063175726083,8.836861710078436,0.8577985343523533,0
29.98623141755963,28.478165933365503,1.5080654841941268,0
23.613821732727917,23.036971511852734,0.5768502208751833,0
32.70306011066553,32.20585448305204,0.4972056276134893,0
23.707449374358784,26.149288944811673,2.4418395704528884,0
21.08519333379731,22.210405581020257,1.1252122472229473,0
25.328139422459653,23.219661685381634,2.1084777370780188,0
22.94512970969157,22.347099071351753,0.598030638339818,0
23.30827957061925,23.87007218252843,0.5617926119091798,0
31.323312745482394,31.353889156866806,0.030576411384412694,0
7.509586397636485,10.19033462782717,2.6807482301906846,0
26.504570552394195,25.182098863394955,1.32247168899924,0
5.541886656516322,8.322332465895311,2.780445809378989,0
23.492465108648734,25.136942596466902,1.6444774878181683,0
7.779807243716203,11.311905493881163,3.5320982501649603,0
25.76967312858381,24.960956386115157,0.8087167424686541,0
16.165472528154318,15.058792898558046,1.1066796295962718,0
19.248281754222813,20.323062336364558,1.074780582141745,0
19.41246100983263,19.106759617354733,0.3057013924778964,0
23.941774356106087,23.531254736012446,0.4105196200936412,0
13.082173262083735,13.661060878651462,0.5788876165677266,0
26.1430905701293,26.908691960600276,0.7656013904709766,0
15.811575284407104,16.991369889508235,1.1797946051011312,0
22.374103772470637,21.64808236866229,0.7260214038083461,0
11.551696800827067,13.836722317412285,2.2850255165852182,0
24.884074446784172,24.370607969031735,0.5134664777524378,0
24.496557838773548,26.481815011048244,1.9852571722746966,0
24.006285746033203,24.937459864803685,0.9311741187704818,0
34.61653092470892,35.50761682515553,0.8910859004466118,0
8.552316463671866,8.271331968468694,0.2809844952031728,0
15.495303699885447,14.186217942775025,1.309085757110422,0
6.937878992688732,5.378042296337108,1.5598366963516233,0
13.658105944619466,9.203517775423858,4.454588169195608,0
23.077643056149693,23.60866569693762,0.5310226407879277,0
10.05578762209941,10.882743144262186,0.8269555221627751,0
27.63415977834461,34.12163130694702,6.487471528602413,1
26.67416899012455,28.035203092593466,1.361034102468917,0
13.390923922805378,9.488966605658792,3.901957317146586,0
9.325816199146093,3.1505686253049277,6.175247573841165,1
24.07454073868918,28.09206368698102,4.017522948291841,0
34.43987164119723,32.95379979038859,1.4860718508086421,0
27.537628318225725,30.94012216988025,3.4024938516545262,0
19.40190981813668,16.85130209591843,2.550607722218249,0
8.57683704333816,8.636904488442603,0.060067445104442285,0
7.636891751458003,8.444579225161815,0.8076874737038127,0
14.719565267598592,17.47865092165404,2.7590856540554487,0
30.475580927002476,32.53807923465132,2.062498307648845,0
15.065214108032844,13.542018380710081,1.5231957273227632,0
25.51491450936127,27.46473366157568,1.9498191522144097,0
14.56909334823086,11.59214208120594,2.976951267024919,0
12.993996529749145,12.770354183213401,0.223642346535744,0
31.085981000608207,28.76067889317209,2.3253021074361158,0
29.00880621680187,27.82974701436598,1.1790592024358872,0
30.360134013735387,30.645819532406545,0.28568551867115843,0
30.852463700723924,28.70997806997582,2.142485630748105,0
27.123168350932875,27.212984441731393,0.08981609079851793,0
31.415156784877396,33.05790931300984,1.6427525281324407,0
14.899755537592359,16.550844719699352,1.6510891821069933,0
10.330146618004077,11.204640341095573,0.8744937230914953,0
22.01320076256461,21.3617966782989,0.6514040842657067,0
5.133834033615017,4.169401895900166,0.9644321377148506,0
31.142697162517173,35.09008659286564,3.9473894303484656,0
21.51693983436364,21.076363856397396,0.4405759779662439,0
18.755748525961636,22.487513707357124,3.731765181395488,0
28.597072186187187,29.670282783739946,1.0732105975527588,0
23.65938287111235,22.370647855209302,1.2887350159030468,0
26.59376030982989,29.68781659533164,3.0940562855017504,0
7.359326873378964,8.315548595210664,0.9562217218317004,0
34.95672393052364,36.01674057543503,1.0600166449113928,0
26.290720510371692,28.545735326241044,2.2550148158693517,0
34.99719011257267,35.96471870108093,0.9675285885082658,0
22.630023339290542,27.29478399363895,4.6647606543484095,0
19.720733817752325,20.02111877486853,0.3003849571162043,0
18.62429189479615,17.863764192318122,0.7605277024780293,0
19.7386114493334,22.827061795043196,3.088450345709795,0
34.09502256715652,34.8650743340064,0.7700517668498819,0
17.736905403441583,17.040555270051975,0.6963501333896076,0
6.893221192286692,8.341411877441184,1.4481906851544917,0
24.105123709687426,21.24987188184044,2.8552518278469847,0
11.61282449202147,9.966676109555376,1.6461483824660945,0
25.976128355516884,23.643470395575424,2.3326579599414607,0
20.27127353887382,21.24240591697254,0.9711323780987193,0
25.652658777386204,24.45179488190574,1.2008638954804631,0
16.77203519151589,19.97205893221115,3.2000237406952614,0
7.969904557939964,7.74787899568289,0.22202556225707415,0
26.547745088969997,26.594109173415376,0.046364084445379206,0
10.16980589977558,6.407618667733841,3.7621872320417395,0
11.413675855380168,10.993997942467363,0.419677912912805,0
23.5497566211053,22.25333987127284,1.29641674983246,0
26.51010103443706,29.04315752632898,2.5330564918919194,0
33.45764876548073,32.738407495310554,0.7192412701701727,0
26.920649798461454,26.585636684275297,0.3350131141861574,0
34.902575991663284,37.28270524569155,2.380129254028269,0
19.557823705848072,21.899238557524974,2.3414148516769018,0
33.45167707613135,33.49601682332604,0.044339747194690915,0
13.28413045534411,15.044042544450068,1.759912089105958,0
14.03649718229269,14.565963140461292,0.5294659581686023,0
19.09323491750946,19.228514344052616,0.13527942654315694,0
5.8500806182859435,8.419900086485612,2.569819468199668,0
16.22497556515267,17.959858053108324,1.7348824879556553,0
25.613076404022202,30.677291211658265,5.064214807636063,1
31.419779711686633,31.838958954628126,0.41917924294149245,0
34.64599592068278,36.00357397154556,1.3575780508627844,0
33.9702629738169,35.29951816173245,1.3292551879155496,0
5.035413227410546,2.9338006605107982,2.1016125668997474,0
7.865166770691268,8.835845262268952,0.9706784915776847,0
12.15959439931713,10.5763390873762,1.5832553119409312,0
10.982318876883845,14.845494119469556,3.8631752425857115,0
13.804982447520462,12.179057330208673,1.6259251173117892,0
17.325899668517,18.670012281961068,1.344112613444068,0
14.000187818318633,9.478011770486876,4.522176047831756,0
6.203638882781789,2.8403348306269156,3.363304052154873,0
30.1521024862427,29.374690252238953,0.7774122340037479,0
18.729169196654993,20.472441019794726,1.7432718231397324,0
23.891081904315996,21.34733225489175,2.543749649424246,0
7.061218679460123,5.711990131202941,1.349228548257182,0
20.384655499713027,19.73607973004259,0.6485757696704368,0
19.79137093911398,16.61946253049135,3.1719084086226275,0
24.015919876661908,25.810178520391233,1.794258643729325,0
24.79854304320021,25.3032866267962,0.5047435835959924,0
20.84661593409036,20.521373913362513,0.32524202072784547,0
18.7416379919698,20.480076404525754,1.7384384125559542,0
21.449182179368144,19.489516397351316,1.9596657820168275,0
8.86079719332226,9.476565466309598,0.6157682729873386,0
23.497990984119514,24.247918688360958,0.7499277042414434,0
33.70506183074016,33.33935875774589,0.36570307299427185,0
25.057391271020766,25.8845293062077,0.827138035186934,0
31.858324282833582,30.173847405349996,1.6844768774835863,0
12.772425519378126,13.1891291690904,0.41670364971227336,0
8.535446653113734,8.7842803890413,0.2488337359275654,0
18.159998521966962,19.223564002939973,1.0635654809730113,0
18.353214697018245,19.633266975171832,1.2800522781535868,0
21.853054459447176,22.475995133257705,0.622940673810529,0
11.499596080837133,13.462322778103243,1.9627266972661097,0
31.062212868302915,29.48316564877086,1.579047219532054,0
15.573553802994107,13.098557512819491,2.474996290174616,0
28.68006231333452,29.543728289426557,0.8636659760920367,0
5.232961191803178,11.15220577458506,5.919244582781881,1
18.93856902798767,17.77521665362818,1.1633523743594871,0
34.170515582695124,34.47799153606975,0.3074759533746274,0
33.22883691420906,33.53803496303639,0.3091980488273265,0
12.918006464563344,13.76341898659458,0.8454125220312356,0
33.192905393252815,37.26823659031128,4.075331197058468,0
9.741883505740821,7.24721959456069,2.4946639111801314,0
26.176731117937592,26.94716624979635,0.7704351318587577,0
34.76557204808414,32.091207031493646,2.6743650165904924,0
10.388929817507096,14.570925421187809,4.181995603680713,0
25.8081504413037,23.6863588285354,2.1217916127682983,0
22.215785307157297,19.01538390270474,3.200401404452556,0
6.9664933261940085,7.126568149225104,0.16007482303109555,0
9.138184268199737,10.693914215614953,1.555729947415216,0
25.91259898673822,27.42558758356327,1.5129885968250498,0
15.331227842309154,15.763177911089816,0.43195006878066167,0
26.229617988754015,21.18964702271971,5.0399709660343035,1
8.585177956117036,6.341888062150814,2.243289893966222,0
32.337788239819076,33.98532182888655,1.6475335890674714,0
33.9976546157707,34.07143192108451,0.07377730531381133,0
18.82456872026125,19.42050483768522,0.5959361174239675,0
5.86686760306489,9.363199764870126,3.4963321618052365,0
6.8851089603185205,9.267828679631307,2.382719719312787,0
28.466104013549817,28.963306269482207,0.49720225593238965,0
12.216848246194303,10.850636701835459,1.366211544358844,0
26.03342249516724,25.924674724117807,0.10874777104943334,0
28.096016358412964,27.461116984366374,0.63489937404659,0
10.304524009654143,5.878176549471078,4.426347460183065,0
19.25441806399757,19.120509526452786,0.1339085375447837,0
34.033646294761624,33.49086638346697,0.5427799112946516,0
13.84884554569813,12.835289289189951,1.0135562565081777,0
15.916758234195385,15.554431128326225,0.3623271058691593,0
19.164437443501118,15.450474013006314,3.713963430494804,0
15.959762334189627,19.384246597905125,3.424484263715499,0
14.381062651466161,18.40825229353802,4.027189642071859,0
32.71571139063043,30.813528232669686,1.9021831579607458,0
26.14060739673876,29.055040032754537,2.9144326360157784,0
27.56664472876761,27.564045189576138,0.0025995391914719335,0
34.90295037775946,35.90123367246904,0.9982832947095801,0
15.438721336861466,18.676356803410908,3.237635466549442,0
33.29037053702956,32.24037448457713,1.0499960524524283,0
11.247986808007663,10.752526982756871,0.49545982525079246,0
15.8262349526543,16.295538718902982,0.4693037662486823,0
12.212480658704953,12.170429847691109,0.042050811013844225,0
21.289151750975435,23.55137442422487,2.262222673249436,0
19.419205270744722,18.079903869834126,1.3393014009105961,0
13.459363095464166,15.532784634752959,2.073421539288793,0
10.970193604429763,10.23859705223575,0.7315965521940129,0
34.4606032660416,32.54248415954607,1.9181191064955314,0
20.853262243564494,20.017501656504322,0.8357605870601716,0
14.282100570163834,16.686411495337854,2.40431092517402,0
20.125894279281493,21.226288995197066,1.1003947159155736,0
17.53898971210121,17.78759376907062,0.24860405696941257,0
16.044831965559965,17.700258816939325,1.6554268513793602,0
14.906577837312021,15.219069590614112,0.31249175330209056,0
30.321721269835678,32.20401925902932,1.8822979891936455,0
17.24916900846197,14.760589993952813,2.488579014509156,0
32.47385031876391,32.10573883552897,0.3681114832349408,0
18.98726653503313,18.364804244699336,0.6224622903337931,0
25.838074374591184,26.33099355204311,0.4929191774519275,0
28.5918525031139,28.189905633955004,0.40194686915889477,0
17.992755761870185,17.898458358067895,0.09429740380229035,0
17.405527688809443,17.51763427842584,0.11210658961639908,0
34.59246329159505,32.73090767859907,1.8615556129959856,0
5.830922456168382,5.366409046684583,0.46451340948379904,0
9.835304595293701,10.82014946004165,0.9848448647479486,0
18.587188042855587,14.842509544326564,3.744678498529023,0
22.022111844160673,23.941201578860007,1.9190897346993339,0
14.605614992512074,15.279206660266569,0.6735916677544953,0
14.011524949614309,18.07908079200434,4.067555842390032,0
5.071704085726724,2.44432557463579,2.627378511090934,0
27.948501595791228,32.157961134244076,4.2094595384528475,0
23.556337952508233,18.830926635917603,4.72541131659063,0
14.908689356902618,14.401579917278347,0.507109439624271,0
13.44849758100598,15.954009774027561,2.5055121930215805,0
15.596565528646234,15.277246802320242,0.31931872632599223,0
7.7263855847870255,11.033280879577429,3.3068952947904036,0
27.57531863067782,24.2247820841911,3.350536546486719,0
10.288801014343331,13.971680509453963,3.6828794951106314,0
16.335806288004008,19.10281476650695,2.767008478502941,0
30.91876651286855,32.60595242904817,1.6871859161796223,0
31.974283384855223,35.0808617680602,3.1065783832049796,0
32.924952121403024,35.67524149011719,2.7502893687141636,0
19.371293280958007,19.492004055493755,0.1207107745357483,0
19.716858139249823,19.58149541522924,0.13536272402058103,0
5.863905043900961,7.7598177569260125,1.8959127130250515,0
21.39022083045115,20.893337492597873,0.49688333785327643,0
15.925515876803304,16.00932515527291,0.08380927846960695,0
16.038557318178924,13.995233401610975,2.0433239165679495,0
15.54424210780234,16.863524165435944,1.319282057633604,0
29.49794047739948,27.43071160468167,2.0672288727178127,0
27.008666829058146,27.401202117657128,0.3925352885989817,0
10.289216026775446,8.978853211464227,1.310362815311219,0
13.51632240977896,10.023860184782562,3.492462224996398,0
13.629778706829454,14.986659254730071,1.3568805479006176,0
6.028402205855434,4.936535177805107,1.091867028050327,0
12.908858920339048,13.906530501588042,0.9976715812489942,0
30.657798829678256,33.25429770681285,2.596498877134593,0
7.034037382801436,5.993553003976199,1.0404843788252371,0
25.21665033542081,24.097854452040586,1.1187958833802227,0
16.872611016074266,13.448428925601625,3.424182090472641,0
32.22045247352206,33.38136173582621,1.160909262304152,0
30.201043194403972,29.38100852596713,0.8200346684368434,0
9.320775453777149,9.68233950615659,0.3615640523794408,0
23.06411770737024,23.19958728082572,0.13546957345548094,0
20.354864992214537,20.880634738709624,0.5257697464950866,0
29.713006315481383,31.677705384062694,1.9646990685813108,0
20.708934676656952,21.955737946313384,1.2468032696564322,0
27.765700633119454,30.52879892980108,2.763098296681626,0
25.376207071251685,28.297682112643542,2.921475041391858,0
30.06330536446922,26.980306048117153,3.0829993163520655,0
30.813127350224615,30.75599371116204,0.05713363906257385,0
16.610395420915292,17.737123417731343,1.1267279968160508,0
32.117130794779484,32.65073606958047,0.5336052748009834,0
26.41484753187869,26.55498429802002,0.14013676614133175,0
19.273377045707008,18.593811522698505,0.6795655230085025,0
34.4729206103687,32.82478658699155,1.6481340233771533,0
9.017709227654258,9.74330094861796,0.7255917209637026,0
9.213570919185367,10.363752765183861,1.1501818459984943,0
14.15903161729028,14.782121803519113,0.6230901862288327,0
30.500310057222823,29.010698194139774,1.4896118630830486,0
19.34776993445009,17.130890158139536,2.2168797763105523,0
34.43158594921007,31.814746376067784,2.6168395731422827,0
14.707322866603942,15.254647825746698,0.547324959142756,0
24.727057295573374,22.929804482842687,1.7972528127306866,0
7.912893326806011,10.04411033087478,2.131217004068769,0
7.714400392266353,8.570992716255526,0.8565923239891733,0
15.375866886615574,16.822056593939248,1.4461897073236738,0
15.580517082766395,13.550817562408573,2.0296995203578216,0
17.552838790650668,16.52562773393122,1.0272110567194481,0
16.713445765210018,19.230799393229884,2.5173536280198654,0
9.797128573045324,12.816392297398119,3.019263724352795,0
7.567306777763749,5.462461207912528,2.1048455698512205,0
5.964557739505301,6.924396504929316,0.9598387654240153,0
34.378539857779316,30.512357524456295,3.866182333323021,0
21.31129266738681,21.736377397888436,0.4250847305016272,0
33.49957819084225,30.961638413333603,2.5379397775086474,0
13.72284931508782,13.98721049577948,0.2643611806916599,0
21.903596873761643,21.58262625476031,0.32097061900133284,0
23.281923522938676,22.75081498489797,0.531108538040705,0
23.651792295221608,27.28278863451337,3.6309963392917624,0
5.24133963242151,8.017797109498183,2.776457477076673,0
18.370224765458637,17.77800921310692,0.5922155523517176,0
7.349733029288849,9.741469101531717,2.3917360722428676,0
9.920658903726771,13.235221749206037,3.3145628454792657,0
23.746109654622813,26.98196495166792,3.2358552970451058,0
10.98065483962392,6.762822423341424,4.217832416282496,0
23.334252794341563,23.901973739510638,0.567720945169075,0
30.577455615074115,31.22882445970273,0.6513688446286139,0
15.365507709837512,14.880961326714688,0.48454638312282405,0
34.94920828090534,35.64405738959268,0.6948491086873432,0
15.370357986753039,13.734737444620691,1.6356205421323473,0
6.961101697696258,7.74250993251059,0.7814082348143314,0
16.367810950454803,14.567964167119623,1.7998467833351803,0
5.905433063155759,5.203098608791125,0.7023344543646344,0
26.43367610030983,26.338157800371985,0.09551829993784722,0
17.62905607965787,16.20567112377561,1.4233849558822627,0
7.456257837221177,8.884109612204448,1.4278517749832709,0
33.81440211284527,33.9156695557958,0.10126744295052958,0
21.166897267519378,20.85375100725407,0.31314626026530945,0
28.030944367381046,26.983071559374412,1.047872808006634,0
10.754134708382807,14.96361817949768,4.209483471114872,0
13.660312284135992,12.870302809675472,0.7900094744605202,0
22.560106039103516,16.93617410784355,5.623931931259968,1
28.091294982479557,29.669153762967806,1.5778587804882491,0
31.961505348207304,31.347499374004396,0.6140059742029074,0
24.175825608718952,23.32541238288804,0.8504132258309127,0
8.483136985562,9.944409586849876,1.4612726012878756,0
14.125507483193749,14.921788067082517,0.7962805838887679,0
5.961222365487368,4.001764997167242,1.959457368320126,0
33.34960439497621,33.30305115195811,0.04655324301810282,0
19.438948614569245,19.49410819559869,0.055159581029446514,0
19.56371076193313,17.623714237637156,1.9399965242959745,0
32.205381905381465,34.88090254490828,2.675520639526816,0
8.891058553837267,11.064589169836225,2.173530615998958,0
24.07989737566427,26.31058077651296,2.23068340084869,0
6.871351007497971,4.12751931710943,2.743831690388541,0
20.00224498380451,18.21476980900923,1.7874751747952793,0
19.709848423848157,19.68017437379232,0.029674050055838563,0
17.899246031157666,20.052758675614474,2.153512644456807,0
9.111630649667115,8.720917977912894,0.39071267175422086,0
21.22997671785468,21.57886867081038,0.3488919529557002,0
30.893669914672973,30.040322902411326,0.8533470122616471,0
8.71002477316415,10.871473068716,2.1614482955518497,0
33.3847285415373,34.7303253315495,1.345596790012202,0
20.931142578834837,24.273093798692095,3.3419512198572576,0
34.45813611484219,33.63607979227555,0.8220563225666382,0
7.094100583355863,3.860593719092874,3.2335068642629894,0
13.311277130402093,13.986881313572836,0.6756041831707424,0
14.708615689627077,14.87284531490437,0.1642296252772919,0
33.60083886764197,34.88490602031989,1.2840671526779204,0
23.410322458282536,25.70239997799691,2.2920775197143755,0
27.320712841340107,25.810547384364725,1.5101654569753826,0
34.646027998750995,35.57029841082123,0.9242704120702356,0
27.41878148548714,31.27671127547682,3.8579297899896794,0
12.69900884466332,13.151259588657277,0.45225074399395737,0
10.377371414687666,12.25035322027396,1.872981805586294,0
23.872093211082106,25.401955996533864,1.5298627854517584,0
23.959378901640807,23.892962917876485,0.06641598376432256,0
28.537338794687443,29.57200788880514,1.034669094117696,0
25.6567084234472,25.618990881712023,0.037717541735176496,0
30.638066493977785,29.589178401761057,1.0488880922167283,0
33.74171943636959,33.78909412534001,0.047374688970414525,0
6.3306872206762055,3.3012018865896775,3.029485334086528,0
6.958798061778503,10.23059498236262,3.2717969205841166,0
11.338112598083844,12.255968109398578,0.917855511314734,0
9.686459173273544,9.035245597119271,0.651213576154273,0
13.758697586821599,15.142812875601761,1.384115288780162,0
8.68755220952873,6.077529954677984,2.6100222548507466,0
10.316754073296522,10.029793527803582,0.28696054549294026,0
7.741569089424076,8.851018972449113,1.1094498830250368,0
19.11435072761701,18.488607400661035,0.6257433269559733,0
5.424909534995436,4.271211014478439,1.153698520516997,0
5.5485134379904535,8.352170054496298,2.8036566165058447,0
15.306855105879732,20.43012334184277,5.123268235963037,1
22.061411724814786,22.040712140356813,0.020699584457972264,0
5.337077349169469,6.675451707784673,1.3383743586152042,0
24.68348213925833,24.07290768485199,0.6105744544063398,0
25.689486778276308,25.77708581728781,0.08759903901150068,0
20.786659808944062,19.05979087000309,1.7268689389409708,0
31.925512829448806,32.43045767490067,0.5049448454518668,0
17.01838226058154,16.0759174497869,0.9424648107946396,0
23.631470172339007,27.23355489298269,3.6020847206436812,0
19.22229493340029,19.78681008639463,0.5645151529943426,0
13.676375199046689,12.624089766142678,1.0522854329040108,0
9.217603695706114,10.09207334349285,0.8744696477867357,0
17.17879780814681,17.277968715346162,0.09917090719935118,0
11.165295882067527,8.424261706476612,2.741034175590915,0
5.9180055283454305,6.028774978614946,0.11076945026951535,0
6.1611032543180775,6.240323524678676,0.0792202703605982,0
7.357076303043344,7.332171533023368,0.02490477001997604,0
7.110747725673235,6.791422584830172,0.3193251408430635,0
19.89356345744814,20.34058689778479,0.4470234403366504,0
15.458253056082736,14.604402163837557,0.8538508922451786,0
32.90626981047466,30.15189219322361,2.754377617251052,0
16.47127075485119,17.319343451956627,0.8480726971054366,0
12.92889287811499,9.948284239964712,2.9806086381502777,0
17.6152682952063,16.93812674263731,0.6771415525689903,0
30.932327837804095,31.163083868242555,0.23075603043846016,0
28.11334130384267,24.33948396841081,3.7738573354318596,0
28.360863769176483,32.49569708893124,4.134833319754755,0
15.120835505218528,15.771384392560211,0.6505488873416834,0
26.766789227374705,27.31970034437359,0.5529111169988852,0
15.89236599167377,17.755093491154817,1.8627274994810463,0
25.9503900710473,30.079653766221988,4.129263695174689,0
11.018076799324053,11.75138590754179,0.7333091082177372,0
16.729104925041007,16.271362839327093,0.45774208571391384,0
8.869193297183713,9.900394927610837,1.0312016304271232,0
7.099255965135982,10.794081842289756,3.6948258771537743,0
30.249483440681036,29.091159003302522,1.1583244373785142,0
6.250044387385406,7.965349817263056,1.7153054298776498,0
33.129687560613135,32.93529729952161,0.19439026109152735,0
6.643064300959023,11.118418352269423,4.4753540513104,0
20.158080265242052,18.834222727254936,1.3238575379871165,0
9.227567193523296,9.952572176490857,0.7250049829675618,0
7.782444597681853,7.054567705984282,0.7278768916975711,0
16.74494342046203,18.186276296996354,1.4413328765343252,0
6.089274961858652,9.593346679711706,3.504071717853054,0
18.58302021520847,19.521360719611277,0.9383405044028059,0
31.72288734470282,34.02165052650777,2.2987631818049508,0
8.413219420030593,11.538107280796325,3.1248878607657318,0
6.564158159451493,7.824325422048559,1.260167262597066,0
24.140554561505702,24.49414262196717,0.35358806046146896,0
33.5111350887985,35.861472354239375,2.350337265440878,0
18.73378449236571,18.61114841199231,0.12263608037340035,0
26.090563755488134,26.99685419437441,0.9062904388862769,0
30.942137512472428,32.07167884856765,1.1295413360952224,0
33.8922589576233,31.945659546241057,1.9465994113822411,0
21.778044888737462,21.69162488296059,0.0864200057768727,0
5.95142246747277,7.476053106050812,1.5246306385780422,0
5.80365685730034,1.5834925794472454,4.220164277853095,0
23.26024692303444,22.257159516367622,1.0030874066668183,0
22.35651997861902,23.308417910493702,0.951897931874683,0
7.16706999043787,9.408897085110361,2.241827094672491,0
30.1869853824463,30.073379925700774,0.11360545674552469,0
5.77832363135024,4.18859090003904,1.5897327313111997,0
33.46717640047943,32.03867164562233,1.4285047548571015,0
27.832861103015986,30.63192813907247,2.799067036056485,0
24.046413887482167,23.362910015183598,0.6835038722985693,0
26.243227626240188,26.00787035029587,0.23535727594431677,0
26.915466844803625,25.716730815125793,1.198736029677832,0
32.214844491400655,32.55194775721919,0.3371032658185342,0
12.41766658048212,12.836582241945981,0.4189156614638616,0
13.334590523394471,15.867740094775632,2.533149571381161,0
20.03553091039791,21.935721166864692,1.9001902564667823,0
32.161641619277546,29.645068937419126,2.5165726818584204,0
21.86413551281312,18.988080152121768,2.8760553606913533,0
34.03852789892737,37.63260125020261,3.5940733512752416,0
32.323157821441995,31.806863935439225,0.5162938860027708,0
30.328439475289017,31.92190339569578,1.5934639204067622,0
11.178670256603485,11.87554906941989,0.6968788128164043,0
6.220014732305261,7.54400130802281,1.3239865757175489,0
7.242431075636469,7.04620481441745,0.1962262612190191,0
27.42190342425634,26.772121237966942,0.6497821862893964,0
14.468167562762211,13.64993254231455,0.8182350204476609,0
31.536218132119707,34.97708286457923,3.4408647324595236,0
18.547212301701077,19.779917751430936,1.2327054497298597,0
28.68589256229494,28.634314629159103,0.05157793313583525,0
34.08734274956389,35.76838568415615,1.6810429345922628,0
28.0654960596961,27.913224395986518,0.15227166370958045,0
34.01072770528274,33.762858727542515,0.2478689777402252,0
31.071055025484444,31.693523845829727,0.6224688203452828,0
19.337377553267995,18.97198720573059,0.3653903475374065,0
10.508957360127187,9.9177288795649,0.5912284805622878,0
26.70618878437996,28.06794505144509,1.3617562670651289,0
30.073033999733557,31.767962037867687,1.6949280381341296,0
9.422719974964666,12.783042109205187,3.360322134240521,0
12.792453815946786,13.121372242393331,0.32891842644654545,0
7.6140808918774745,5.933895984720356,1.6801849071571189,0
11.770849133144303,10.377354230672145,1.393494902472158,0
19.43595618273882,17.197659789398706,2.2382963933401143,0
30.470793089190458,31.783302707014048,1.31250961782359,0
17.544420574583825,18.768849682279388,1.2244291076955633,0
20.125406486813105,19.315820917990102,0.8095855688230031,0
31.2460151174078,31.32660954709514,0.08059442968733777,0
23.274704734326203,24.12524277601226,0.8505380416860575,0
15.431293801662822,13.287558730968655,2.1437350706941665,0
13.45919897391839,14.577465425916966,1.1182664519985757,0
24.48347170489405,24.6951524864892,0.21168078159514891,0
19.194980446222928,21.349144648624616,2.154164202401688,0
6.7215167820599255,2.337984582170783,4.383532199889142,0
13.924214735938344,15.061272327503433,1.137057591565089,0
21.47557132060681,20.757358982168547,0.7182123384382635,0
26.850969681907586,27.12718142459719,0.276211742689604,0
34.227457099032776,36.056965261715916,1.8295081626831404,0
11.928123340444284,10.277007161138588,1.6511161793056957,0
27.615094792090073,26.83123468956466,0.7838601025254128,0
27.59287469578816,27.841525603058397,0.24865090727023542,0
10.825308914104998,10.590716435685948,0.2345924784190494,0
15.105326197521018,12.883812741180638,2.2215134563403804,0
20.040800739438254,21.58863508258446,1.5478343431462065,0
27.83157302682172,25.589977547383747,2.241595479437972,0
18.66453317652565,21.118927546196545,2.4543943696708936,0
27.276592782539424,28.98824693661312,1.7116541540736954,0
34.7845949232181,33.09575237745221,1.688842545765894,0
12.226512868143358,11.472610802906658,0.7539020652366997,0
15.496949508492511,15.489053146477122,0.007896362015388902,0
25.898020408621914,25.570384801641623,0.3276356069802908,0
20.925911171394926,21.748483082566654,0.8225719111717282,0
33.140132735314,33.32197822993252,0.1818454946185213,0
14.43933428105407,15.114848769155493,0.6755144881014239,0
25.037487231973987,26.498495882578254,1.461008650604267,0
33.32267857399528,33.87013724421471,0.5474586702194273,0
33.22274931444722,33.04256402574465,0.18018528870256745,0
11.950290061209476,8.220084402328517,3.7302056588809585,0
25.584098755962316,24.418028245335844,1.1660705106264722,0
33.21958245300464,32.925814223516376,0.29376822948826486,0
24.419739776385363,20.816409913694905,3.603329862690458,0
13.72828549433926,16.542188911726974,2.8139034173877135,0
31.126475348164224,33.54004922657412,2.4135738784098955,0
14.510446582513731,13.714753927525487,0.7956926549882439,0
33.881120230009,34.94756668632278,1.066446456313777,0
9.699617179326127,8.878947058952571,0.8206701203735562,0
12.511898087015167,13.49711775761946,0.9852196706042928,0
7.574846733862831,11.993070713208258,4.418223979345427,0
31.856308116326957,27.188543977168806,4.667764139158152,0
23.874171290038106,26.41601413106325,2.5418428410251437,0
22.387794144360267,20.46022933603944,1.9275648083208274,0
11.680125839509486,12.273139383405018,0.5930135438955322,0
6.738448627483944,9.020603284161657,2.2821546566777133,0
24.999339770609687,21.129142514535037,3.8701972560746505,0
18.01133688263318,16.932650570676536,1.0786863119566448,0
11.057374621469684,13.401242334844488,2.343867713374804,0
26.14529658725371,26.750874511760433,0.6055779245067221,0
15.02565083470888,17.278491843756967,2.252841009048087,0
14.473187302110624,16.42822476667978,1.9550374645691555,0
24.58449964491056,24.309539639338105,0.27496000557245637,0
31.457737729948477,29.239420666659406,2.2183170632890707,0
32.012807673151144,30.350791057324727,1.662016615826417,0
33.11425692306899,30.76031179562066,2.353945127448334,0
24.149349764416215,22.7973570968545,1.3519926675617135,0
28.302651171788,27.165484049484764,1.1371671223032358,0
30.166577273625872,29.085811408318037,1.0807658653078356,0
34.90216969393423,34.921347355922045,0.019177661987811234,0
29.50081858149932,29.016233557230255,0.4845850242690659,0
17.895829405337043,16.522659672514816,1.3731697328222268,0
33.33300907102644,34.01347610388449,0.6804670328580542,0
16.99551479724117,17.85945864572339,0.8639438484822186,0
9.28969093809385,6.400336567039004,2.8893543710548455,0
23.177922722625595,23.14208898033401,0.035833742291586645,0
12.62224647781358,12.366818975938116,0.25542750187546304,0
8.047877424695109,5.0149656303223455,3.0329117943727635,0
16.90498090514954,17.252845732549883,0.3478648274003433,0
10.119983915856428,11.07965450989111,0.9596705940346819,0
20.61689805015224,26.58110182152518,5.96420377137294,1
27.554116242177642,26.654597980474833,0.8995182617028092,0
9.983839643183495,12.007280319679566,2.0234406764960706,0
7.999340549818418,11.680142850632981,3.6808023008145634,0
18.99334112847979,20.43014765184068,1.4368065233608895,0
19.807820275412666,19.67271102409495,0.135109251317715,0
10.98945109474457,11.243352359985575,0.2539012652410051,0
5.562672894080384,5.196819628541226,0.3658532655391582,0
9.257048111209704,7.439167589521833,1.8178805216878704,0
19.98337664610887,21.15341343122134,1.1700367851124724,0
7.659926275024023,9.366016085555167,1.706089810531144,0
8.040044647055481,5.331010931654809,2.709033715400672,0
13.997715829096677,13.666854850864581,0.3308609782320957,0
15.695099760289914,16.439086436292538,0.7439866760026241,0
29.152784234100118,28.842513426902407,0.3102708071977105,0
25.402141902298478,24.04899751367714,1.3531443886213381,0
6.851883879119848,5.506044936674029,1.3458389424458188,0
24.726596755901852,25.663357569084024,0.9367608131821719,0
28.234584321737895,25.708918687513705,2.5256656342241897,0
18.93020972497358,19.416747059035064,0.48653733406148447,0
15.056354838395738,16.933046584942492,1.8766917465467543,0
30.79929154728224,33.29664345458349,2.4973519073012476,0
28.845959514035656,28.362247400301854,0.48371211373380163,0
29.419741600142434,25.29515933677412,4.124582263368314,0
9.063186187850386,10.52487122691328,1.4616850390628944,0
26.608509718436782,27.26881948727066,0.6603097688338799,0
16.348395071808483,20.960290809354802,4.61189573754632,0
21.455932197220676,26.577096289494957,5.121164092274281,1
23.25383989085034,22.208589136878924,1.0452507539714162,0
22.473643335554165,22.80500897295946,0.3313656374052947,0
29.847137859652445,24.531810531356637,5.315327328295808,1
28.51466508734805,30.906551935675257,2.391886848327207,0
28.22926778102941,31.480235112945564,3.2509673319161543,0
5.402859044135935,2.247355112763841,3.155503931372094,0
22.74336901853214,23.965157696176735,1.2217886776445965,0
17.934326907753874,19.58448211875576,1.6501552110018842,0
22.6252642123041,23.198796894985897,0.5735326826817975,0
5.448943348292438,5.052513068262374,0.39643028003006453,0
29.55573674234814,30.960185832742592,1.4044490903944506,0
20.28173829454544,23.4935044538693,3.211766159323858,0
12.953356756603386,12.904089172133276,0.04926758447011004,0
9.182727702307291,6.726663363947045,2.456064338360246,0
26.541618345477268,29.625162208776455,3.0835438632991874,0
31.98381417746623,29.063820139658404,2.9199940378078253,0
12.502942015862494,13.224020249243088,0.7210782333805934,0
7.824162469225748,8.780030305727319,0.9558678365015707,0
19.420362259182628,18.9552191270648,0.4651431321178272,0
15.027024782940684,15.411066772438254,0.38404198949756996,0
29.757317456629313,27.66158798946131,2.0957294671680025,0
33.74355697331991,34.1274357998299,0.38387882650998506,0
10.685348929105533,9.320566178463626,1.3647827506419077,0
32.488496464456915,30.61921458084435,1.8692818836125653,0
29.871053030532263,26.70977550603881,3.1612775244934532,0
32.45554933646544,32.828846756739175,0.3732974202737367,0
34.18359226618746,33.875095788484224,0.30849647770323685,0
18.29378527477131,19.249604362466762,0.9558190876954527,0
19.04619185696567,19.322921954709614,0.2767300977439433,0
22.963459838092287,23.926353729534103,0.9628938914418157,0
10.138679821287518,9.552285564452042,0.5863942568354759,0
9.222352798458468,9.081933996363306,0.14041880209516222,0
25.164115299400102,28.748238881710705,3.5841235823106032,0
16.092212797226445,12.73292591842947,3.3592868787969756,0
13.395117000482301,14.428336635845604,1.0332196353633023,0
